tree
version=v4
num_class=1
num_tree_per_iteration=1
label_index=0
max_feature_idx=45
objective=binary sigmoid:1
feature_names=dist_ema_fast dist_ema_slow dist_ema_trend dist_ema_200 ema_fast_slow_ratio ema_slow_trend_ratio rsi rsi_delta macd_hist macd_hist_delta adx stoch_k stoch_d stoch_k_minus_d rsi_slope_3d macd_hist_slope_3d adx_slope_3d stoch_k_slope_3d vol_ratio_slope_3d atr_ratio bb_width bb_pctb rvol_5 rvol_20 vol_ratio vol_delta vol_trend ret_1d ret_3d ret_5d ret_10d ret_20d ema50_slope ema200_slope higher_high_5 higher_low_5 dist_to_support dist_to_resistance entry_score day_of_week lower_wick_ratio close_position spy_sma200_dist vixy_relative spy_corr_5d spy_rel_strength_5d
feature_infos=[-0.48396837711334229:3.2260565757751465] [-0.61190497875213623:6.5041723251342773] [-0.70092326402664185:9.754054069519043] [-0.88468629121780396:7.1040725708007812] [-0.31288808584213257:0.85495644807815552] [-0.47055321931838989:0.79417043924331665] [13.567113876342773:98.844169616699219] [-34.99298095703125:62.438732147216797] [-4.5709934234619141:7.9741315841674805] [-2.1775262355804443:4.2906270027160645] [7.175757884979248:74.281707763671875] [0:100] [0:100] [-66.666664123535156:66.666664123535156] [-39.606643676757812:64.364479064941406] [-4.1148233413696289:7.7898616790771484] [-8.8478536605834961:15.877252578735352] [-100:100] [-16.233562469482422:12.144392013549805] [0.31571519374847412:16.633708953857422] [0.0172584168612957:8.9772520065307617] [-0.51806581020355225:1.5896673202514648] [0:140.23350524902344] [0.054453589022159576:70.073104858398438] [0:14.279960632324219] [0:117.94380950927734] [0:3.7311496734619141] [-0.56251984834671021:19.733160018920898] [-0.54732692241668701:21.292478561401367] [-0.63908272981643677:24.240222930908203] [-0.66550278663635254:25.576471328735352] [-0.73902857303619385:28.64509391784668] [-0.12531156837940216:3.0770678520202637] [-0.08266826719045639:0.80685961246490479] [0:1] [0:1] [-0.48023951053619385:0.96633803844451904] [-0.94295775890350342:3.1622927188873291] [0:11] [0:4] [0:1] [0:1] [-0.13476203382015228:0.14829014241695404] [-0.20094062387943268:2.0429816246032715] [-0.99899077415466309:0.99859482049942017] [-0.91194558143615723:19.961015701293945]
tree_sizes=1850 1833 1835 1829 1729 1823 1847 1735 1732 1848 1649 1849 1746 1842 1735 1842 1738 1841 1730 1628 1522 1865 1429 1854 1844 1535 1837 1728 1840 1754 1847 1411 1527 1514 1837 1845 1525 1758 1733 1842 1860 1827 1867 1318 1730 1859 1835 1868 1844 1524 1207 1846 1841 1736 1615 1732 1851 1834 1521 1847 1512 1840 1850 1731 1841 1631 1513 1529 1848 1848 1648 1750 1302 1869 1754 1746 1726 1863 1749 1745 1511 1525 1843 1510 1860 1420 1533 1727 1315 1746 1840 1412 1523 1749 1848 1868 1850 1860 1837 1511

Tree=0
num_leaves=16
num_cat=0
split_feature=23 23 43 23 43 33 43 24 33 10 36 43 33 37 33
split_gain=1903.64 276.587 106.248 88.3648 86.6756 74.8244 73.0623 53.7111 51.7064 47.4628 54.1756 39.4142 48.2435 20.2172 18.5829
threshold=0.22773963212966922 0.43348427116870886 -0.0012504997430369256 0.16039378196001056 -0.002490728627890348 0.0099795302376151102 0.021680974401533607 0.3615297675132752 0.0015908054774627092 9.8958530426025408 0.035272579640150077 -0.076836392283439622 -0.0029321238398551937 -0.0022383891046047206 -0.0067226614337414494
decision_type=2 2 2 2 2 2 2 2 2 2 2 2 2 2 2
left_child=3 5 4 9 -3 8 -4 -7 -2 14 -11 13 -13 -5 -1
right_child=1 2 6 11 -6 7 -8 -9 -10 10 -12 12 -14 -15 -16
leaf_value=-0.20534073590089785 -0.34485401878723948 -0.25964516657225994 -0.12584504265468011 -0.033241363885700814 -0.62929915276466986 -0.54334530678877402 -0.21888543082086626 -0.23441972165617292 -0.5083807766790327 -0.59454236440768748 -0.46798209115036354 -0.47737791264144569 -0.34313831335122025 -0.57674002524769241 -0.60975194395606502
leaf_weight=11.079126030206679 581.67815243452787 952.36688090115786 240.78480467200279 1.5178995132446278 13.956302791833876 13.033707976341246 763.7732091397047 191.66307933628559 45.190946742892265 353.9411868751049 92.544509649276733 189.29808463901281 83.746257811784744 63.251785546541214 3.16658841818571
leaf_count=14 2217 3346 521 2 28 29 1986 307 207 1397 218 787 323 223 28
internal_value=-0.31733 -0.260172 -0.23012 -0.517919 -0.264985 -0.331399 -0.196584 -0.254093 -0.356643 -0.559868 -0.568311 -0.460706 -0.436204 -0.563988 -0.295272
internal_weight=3600.99 2802.45 1970.88 798.545 966.323 831.566 1004.56 204.697 626.869 460.731 446.486 337.814 273.044 64.7697 14.2457
internal_count=11633 8641 5881 2992 3374 2760 2507 336 2424 1657 1615 1335 1110 225 42
is_linear=0
shrinkage=1


Tree=1
num_leaves=16
num_cat=0
split_feature=23 23 42 42 42 43 17 42 37 43 23 42 15 13 7
split_gain=1365.93 193.16 111.818 95.0094 86.1416 115.66 84.6348 77.0473 66.8928 55.9924 52.8918 33.4083 24.8267 21.4934 6.83193
threshold=0.22773963212966922 0.47636449337005621 0.028311052359640602 0.013511295430362226 0.10961809381842615 -0.0012504997430369256 17.506279945373539 0.10961809381842615 0.045300355181097991 0.012663244735449554 0.1581252068281174 0.11779172718524934 0.045569419860839851 -8.2799868583679181 2.4313333034515385
decision_type=2 2 2 2 2 2 2 2 2 2 2 2 2 2 2
left_child=3 2 9 6 5 -3 13 10 -4 -2 -5 -9 -6 -1 -8
right_child=1 4 8 7 12 -7 14 11 -10 -11 -12 -13 -14 -15 -16
leaf_value=0.14503753936086913 -0.022753646871736821 0.088532980659879426 -0.028321848725227257 -0.17444416079743524 0.26872605198823052 0.16725089647991623 0.36550871355889419 0.072455802542035153 0.067801579144954979 0.23567554631473925 -0.088073838208273691 -0.096369707413132694 0.14845715932992279 -0.18377225905087793 0.20563014785456868
leaf_weight=5.7465010285377529 21.866400241851807 709.7008404135704 203.75060572475195 353.51529114693403 142.81298395246267 942.3791271969676 13.25317879766226 59.331253863871098 684.43566024303436 107.86918593198061 272.19721718132496 44.47535590082407 50.377015464007854 17.240599781274796 10.342240907251833
leaf_count=32 171 2517 611 1274 395 2219 19 193 2314 216 1053 325 198 76 20
internal_value=0.0689341 0.115907 0.0644056 -0.104358 0.144317 0.133436 0.0995458 -0.117379 0.0457505 0.192116 -0.136872 0.000120257 0.237368 -0.101556 0.295467
internal_weight=3639.29 2863.19 1017.92 776.102 1845.27 1652.08 46.5825 729.519 888.186 129.736 625.713 103.807 193.19 22.9871 23.5954
internal_count=11633 8641 3312 2992 5329 4736 147 2845 2925 387 2327 518 593 108 39
is_linear=0
shrinkage=0.147268


Tree=2
num_leaves=16
num_cat=0
split_feature=23 23 5 43 43 43 5 31 43 17 10 15 10 19 44
split_gain=994.131 147.675 90.3767 82.8505 63.1354 59.0907 54.4055 52.057 47.6485 46.7435 44.7002 33.0671 31.67 29.7575 16.4265
threshold=0.22773963212966922 0.37501747906208044 0.0055347038432955751 -0.0012504997430369256 -0.002490728627890348 0.021680974401533607 -0.039853191003203385 0.065568592399358763 0.10280515253543855 19.411000251770023 10.119530200958254 0.023431337438523773 10.775465965270998 0.78547132015228283 -0.81167465448379505
decision_type=2 2 2 2 2 2 2 2 2 2 2 2 2 2 2
left_child=2 8 6 4 -3 -5 13 9 12 -4 -8 -10 -2 -1 -9
right_child=1 3 7 5 -6 -7 10 14 11 -11 -12 -13 -14 -15 -16
leaf_value=-0.051283058012308799 0.16572586289428456 0.090378028779997177 -0.01296984188810184 0.20007032479034068 -0.21908557587061692 0.12310766065687055 0.093029778454244899 0.37297711212676915 0.0067213348513642402 0.17952632321659126 -0.13609495949598702 0.20152671305923897 0.0044142868596438673 0.24349646967542199 -0.21428860202488589
leaf_weight=17.497061833739284 27.986066766083241 1141.1218688488007 89.038456469774246 287.90255722403526 14.476889185607432 870.98153043538332 19.106119208037853 1.0786700248718286 28.937872938811779 39.490122206509113 549.19538532197475 54.483455114066601 464.04826136678457 12.90075149387121 23.354255259037018
leaf_count=120 67 3941 251 593 31 2190 69 1 104 82 2348 112 1603 43 78
internal_value=0.0585625 0.0978045 -0.0923121 0.114404 0.0865006 0.142228 -0.118124 0.00871341 0.0310404 0.0461738 -0.128391 0.133956 0.0135906 0.073819 -0.188322
internal_weight=3641.6 2889.94 751.661 2314.48 1155.6 1158.88 598.699 152.962 575.456 128.529 568.302 83.4213 492.034 30.3978 24.4329
internal_count=11633 8641 2992 6755 3972 2783 2580 412 1886 333 2417 216 1670 163 79
is_linear=0
shrinkage=0.147268


Tree=3
num_leaves=16
num_cat=0
split_feature=22 42 43 42 10 0 42 22 42 42 11 43 4 43 22
split_gain=645.507 101.979 134.054 99.3377 95.3098 83.937 88.0569 49.9391 33.5029 34.5701 27.1051 23.006 21.4631 16.8617 5.35102
threshold=0.22125647217035296 0.10961809381842615 -0.0012504997430369256 0.035195803269743926 9.8958530426025408 -0.027513466775417324 0.015877629630267624 0.57415559887886058 0.11779172718524934 0.1278709024190903 84.161827087402358 -0.016842479817569252 -0.0046656306367367497 0.021132514812052253 0.11189337447285654
decision_type=2 2 2 2 2 2 2 2 2 2 2 2 2 2 2
left_child=4 2 7 -4 12 11 -7 -2 10 -10 -3 -6 14 -14 -1
right_child=1 8 3 -5 5 6 -8 -9 9 -11 -12 -13 13 -15 -16
leaf_value=0.12456209891925689 0.010712742714869534 0.23147493579797182 0.16682111137023783 0.08050787390895206 0.038446973371420425 0.081347313590492867 -0.093377160911388896 0.074523537207910134 0.010534691992739367 0.17740229032434562 0.040944318741313546 0.23209768027587505 -0.10551813635929781 0.32079806923641435 0.28383915743062027
leaf_weight=5.9333055615425137 618.38324698060751 152.49600502103567 423.16962659358978 913.44905231148005 42.524563863873482 68.241814486682415 750.4869936555624 466.78538825362921 46.519913978874683 63.939630098640919 18.122423946857452 19.365584291517735 8.0902160406112653 2.6760191693902007 20.150128073990345
leaf_count=17 2348 362 1003 2260 177 206 3041 1507 255 277 60 50 37 4 29
internal_value=0.050131 0.086361 0.0766153 0.107835 -0.0566023 -0.0663123 -0.0788132 0.0381613 0.170328 0.10713 0.21124 0.0990509 0.175427 0.000458917 0.247631
internal_weight=3620.33 2702.87 2421.79 1336.62 917.469 880.619 818.729 1085.17 281.078 110.46 170.618 61.8901 36.8497 10.7662 26.0834
internal_count=11633 8072 7118 3263 3561 3474 3247 3855 954 532 422 227 87 41 46
is_linear=0
shrinkage=0.147268


Tree=4
num_leaves=15
num_cat=0
split_feature=20 42 42 43 37 10 10 20 42 20 12 20 21 10
split_gain=531.936 139.119 86.2139 123.808 76.0142 57.2236 55.6085 52.9649 46.8673 43.3795 33.8753 17.6912 13.2022 12.1809
threshold=0.090918384492397322 0.015877629630267624 0.11050898209214212 -0.026456463150680062 0.2423423305153847 60.317234039306648 10.286993503570558 0.039884122088551528 0.11779172718524934 0.20115147531032565 28.576444625854496 0.086178343743085875 -0.097622063010931001 18.734922409057621
decision_type=2 2 2 2 2 2 2 2 2 2 2 2 2 2
left_child=1 11 3 4 -2 -5 10 -8 12 -10 -3 13 -4 -1
right_child=2 6 8 5 -6 -7 7 -9 9 -11 -12 -13 -14 -15
leaf_value=-0.2147161357717853 -0.010320092394854069 0.20611866533806994 -0.090786861880602393 0.092580176942484882 0.080240562562166787 -0.16952299327147807 -0.16464507705256304 -0.066801900522186181 -0.013492717968544631 0.16532188491442887 -0.053854471875219634 -0.11920408771634976 0.20846682666051106 0.19712943600114397
leaf_weight=1.6043227836489666 580.37928725779057 23.088951468467712 3.2603089660406104 1585.1559802368283 307.52582940459251 18.271116994321346 152.17410127073526 567.45697870105505 55.929189771413803 62.077299363911152 20.535772040486336 4.5125231370329848 159.5244295373559 51.00860983133316
leaf_count=6 2236 53 11 4092 1237 44 551 2215 327 264 90 16 386 105
internal_value=0.0430546 -0.061114 0.0738823 0.065163 0.0210454 0.0895931 -0.0777054 -0.0874927 0.151243 0.0805715 0.0837363 0.160555 0.20247 0.184558
internal_weight=3592.5 820.381 2772.12 2491.33 887.905 1603.43 763.256 719.631 280.791 118.006 43.6247 57.1255 162.785 52.6129
internal_count=11633 3036 8597 7609 3473 4136 2909 2766 988 591 143 127 397 111
is_linear=0
shrinkage=0.147268


Tree=5
num_leaves=16
num_cat=0
split_feature=20 5 3 6 32 28 40 4 10 4 44 44 13 27 32
split_gain=395.017 91.9637 64.966 46.3505 53.3579 47.4708 41.8596 39.4597 29.6478 28.0767 25.2792 23.8568 16.8749 16.6402 16.2807
threshold=0.097904622554779067 0.0055347038432955751 -0.10822966694831847 77.618610382080092 0.72133001685142528 0.07672856375575067 1.0000000180025095e-35 0.015948776155710224 14.73723363876343 -0.020218127407133576 0.84189739823341381 0.30504855513572698 10.162909984588625 0.004889311734586955 -0.019398419186472889
decision_type=2 2 2 2 2 2 2 2 2 2 2 2 2 2 2
left_child=1 2 14 5 10 6 -2 8 -3 -4 -5 -7 -9 -6 -1
right_child=3 7 9 4 13 11 -8 12 -10 -11 -12 -13 -14 -15 -16
leaf_value=0.20523065770242044 0.019166136498760932 -0.057833346367609333 0.28149013205729906 -0.14635108084276269 0.21949213984411878 0.1489825727738387 0.071105321176336569 -0.20730579413273359 0.06857281644215224 -0.10735336401632944 0.15003351300145595 0.065048020884116903 0.079989453511414496 -0.023785810175928759 -0.002975603978098366
leaf_weight=8.6845460534095746 412.69706619530916 50.720295630395412 4.0590739250183097 55.591611348092556 17.542964197695259 222.02824444323778 1823.7935540229082 20.943081185221676 194.71456502377987 480.60489263385534 7.0279396176338187 109.77238538116217 5.6220231875777236 9.3423256278038007 130.66195119917393
leaf_count=33 1663 89 10 186 24 563 5486 51 381 2146 26 309 17 18 631
internal_value=0.0370948 -0.0474667 -0.078616 0.0656027 -0.038572 0.0692333 0.0615212 0.0239938 0.042449 -0.104095 -0.113079 0.121215 -0.146493 0.13495 0.0100012
internal_weight=3553.81 896.01 624.01 2657.8 89.5048 2568.29 2236.49 272 245.435 484.664 62.6196 331.801 26.5651 26.8853 139.346
internal_count=11633 3358 2820 8275 254 8021 7149 538 470 2156 212 872 68 42 664
is_linear=0
shrinkage=0.147268


Tree=6
num_leaves=16
num_cat=0
split_feature=23 23 42 5 26 33 15 6 42 20 42 12 12 41 23
split_gain=355.239 90.636 52.2638 55.6424 50.3988 51.6223 50.0896 45.3661 49.5894 44.9278 28.9634 28.5728 28.5483 24.9398 16.8979
threshold=0.20317765325307849 0.51976695656776439 0.11050898209214212 0.0055347038432955751 1.3409282565116885 0.0019711483037099247 0.0051427469588816175 66.879062652587905 -0.0095814047381281835 0.043085748329758651 0.11779172718524934 78.225086212158217 6.3181550502777108 0.90039163827896129 0.1581252068281174
decision_type=2 2 2 2 2 2 2 2 2 2 2 2 2 2 2
left_child=2 4 3 11 9 -6 -5 8 -3 -2 12 -1 -4 -9 -12
right_child=1 7 10 6 5 -7 -8 13 -10 -11 14 -13 -14 -15 -16
leaf_value=-0.13471281058568857 0.39482596570637091 -0.023940392206276959 -0.18269243007609109 -0.11873260365723078 0.028667493045606673 0.14971842204795904 0.091911529586284887 0.029719267127158024 0.091104976292393974 0.0043931347046789367 -0.1557393761484242 -0.0082969016418193153 0.1585979902297196 -0.12207852780400631 0.055422506926920599
leaf_weight=334.47420746833086 6.4318523406982413 86.403752729296684 6.1501905173063269 42.276460319757462 205.97384618967772 121.46468506008387 58.164702840149403 164.78082225471735 1363.2771409228444 984.28655830025673 19.774527385830879 43.866962522268295 39.068260878324509 27.370607316493988 14.059837006032465
leaf_count=1618 6 623 31 111 732 225 143 429 3647 3361 192 202 134 78 101
internal_value=0.0319288 0.0522449 -0.0758721 -0.0941888 0.0234841 0.0735733 0.00324635 0.0753354 0.0842478 0.00692895 0.035059 -0.120056 0.112167 0.00809422 -0.0679847
internal_weight=3517.82 2959.99 557.835 478.782 1318.16 327.439 100.441 1641.83 1449.68 990.718 79.0528 378.341 45.2185 192.151 33.8344
internal_count=11633 9101 2532 2074 4324 957 254 4777 4270 3367 458 1820 165 507 293
is_linear=0
shrinkage=0.147268


Tree=7
num_leaves=15
num_cat=0
split_feature=23 23 10 26 43 23 16 43 29 10 38 37 2 29
split_gain=271.822 55.8479 45.8842 38.515 34.7105 38.2693 33.5312 27.2882 27.165 24.8942 23.4041 18.2353 8.24488 0.0461133
threshold=0.22773963212966922 0.51976695656776439 64.691879272460952 1.3332981467247011 -0.076836392283439622 0.16292382031679156 4.6089890003204355 -0.02809171192348003 0.046424336731433875 10.119530200958254 8.5000000000000018 -0.0022383891046047206 -0.06038683466613292 -0.020531182177364823
decision_type=2 2 2 2 2 2 2 2 2 2 2 2 2 2
left_child=4 3 7 6 11 9 -2 -3 -5 -6 -7 -1 -13 -4
right_child=1 2 13 8 5 10 -8 -9 -10 -11 -12 12 -14 -15
leaf_value=0.36371534219387891 0.0022873932569988649 0.040763250381074922 -0.29155555521964333 0.092928123826416562 0.11034676191043569 -0.0092992330325614263 0.14172866462291084 0.080931402971998356 -0.016745609363914574 -0.08674377993346355 0.22218841226643596 0.064163050979599054 -0.15917324781506573 -0.26435679395398848
leaf_weight=1.521024465560912 871.58286905288696 563.76344532519579 2.4494630694389343 230.82991144061089 14.560219705104826 227.08951959758997 39.07611882686615 1050.1011660322547 62.166555874049664 304.7739846482873 9.8825250789523107 3.7346367686986914 87.816299743950367 6.2537671476602537
leaf_count=2 2938 2068 6 653 48 1056 95 2685 178 1485 11 26 364 18
internal_value=0.027509 0.0472506 0.065081 0.0232144 -0.0584097 -0.0444822 0.00827139 0.0668999 0.0696572 -0.0777558 0.000355161 -0.141651 -0.150058 -0.27211
internal_weight=3475.6 2826.22 1622.57 1203.66 649.378 556.306 910.659 1613.86 292.996 319.334 236.972 93.072 91.5509 8.70323
internal_count=11633 8641 4777 3864 2992 2600 3033 4753 831 1533 1067 392 390 24
is_linear=0
shrinkage=0.147268


Tree=8
num_leaves=15
num_cat=0
split_feature=23 8 23 19 11 19 16 3 11 26 19 3 40 12
split_gain=209.07 62.0859 44.1883 39.4559 32.8019 31.2265 32.2154 32.0047 28.5022 28.3295 22.7749 20.9185 20.2041 13.4426
threshold=0.35183319449424749 0.10726765915751459 0.1581252068281174 1.2723154425621035 93.700454711914077 0.50021979212760936 -0.92833381891250599 -0.39259430766105646 92.624156951904311 0.83150041103363048 0.92515447735786449 -0.11218746006488799 0.7649616301059724 64.553375244140639
decision_type=2 2 2 2 2 2 2 2 2 2 2 2 2 2
left_child=1 2 11 -4 5 7 -7 -2 10 -10 -3 -1 13 -6
right_child=4 8 3 -5 12 6 -8 -9 9 -11 -12 -13 -14 -15
leaf_value=0.03347591077803929 0.022602943736359127 -0.016478645225302811 -0.011225829014502491 -0.15745499969754284 0.09650114628218795 0.034826791315541783 0.071717175496328361 -0.21864793233375893 0.20906737876091527 -0.11627757405542856 0.13618137648446507 -0.10049000667413281 0.22144380025501828 -0.044248212784970993
leaf_weight=27.776337370276451 36.069524578750134 28.481903173029423 610.91215507686138 42.822407960891724 16.574667185544968 879.06976781785488 1234.3536803498864 17.813401944935322 7.2198074981570235 29.569583907723427 82.792480729520321 280.71389827132225 7.3650235906243315 131.08807182312012
leaf_count=143 183 136 2306 218 50 2808 3498 133 24 105 217 1407 11 394
internal_value=0.023739 -0.0288244 -0.0424853 -0.0208054 0.0488693 0.0535503 0.056373 -0.0571531 0.0599513 -0.052414 0.0971042 -0.0884267 -0.0165703 -0.0284465
internal_weight=3432.62 1110.29 962.225 653.735 2322.33 2167.31 2113.42 53.8829 148.064 36.7894 111.274 308.49 155.028 147.663
internal_count=11633 4556 4074 2524 7077 6622 6306 316 482 129 353 1550 455 444
is_linear=0
shrinkage=0.147268


Tree=9
num_leaves=16
num_cat=0
split_feature=23 8 33 10 43 43 43 43 11 11 44 19 37 43 37
split_gain=154.847 59.8394 45.7385 40.3845 33.8652 56.8775 55.9648 51.7523 44.8902 26.2113 26.9004 23.5475 19.4649 18.6375 11.9813
threshold=0.37501747906208044 0.15155579894781115 -0.028928785584866997 10.447057723999025 -0.0012504997430369256 0.021680974401533607 -0.010738861747086046 -0.019190834835171696 93.335556030273452 92.013347625732436 0.23658378422260287 0.92850741744041454 0.08449925854802133 -0.002490728627890348 0.19784115254879001
decision_type=2 2 2 2 2 2 2 2 2 2 2 2 2 2 2
left_child=1 2 14 -4 6 12 7 -2 -7 11 -11 -3 -6 -8 -1
right_child=4 9 3 -5 5 8 13 -9 -10 10 -12 -13 -14 -15 -16
leaf_value=0.21929761694061647 0.022384035344127865 -0.017799050269835078 0.10147016530832978 -0.044432030956856869 0.060713946068051104 0.054923154323305794 -0.055236173316267109 0.11789742864342609 -0.057929241633587127 -0.21527668552155818 0.075049832652640092 0.15656583399579713 0.14854024087949166 -0.23493229729222376 -0.00072782603479391156
leaf_weight=19.068471722304825 898.22500357031822 22.146102249622345 42.912263825535774 996.94145145267248 78.251955315470695 729.29521937668324 76.662974514067173 142.55972358584404 85.391769126057625 11.97934475541115 16.386277727782726 69.50587959587574 182.19706446677446 14.961284339427946 7.4664005637168875
leaf_count=75 3348 101 139 4293 179 1932 259 334 258 46 40 146 414 31 38
internal_value=0.0204662 -0.0224423 -0.0335381 -0.0384105 0.0435268 0.0622467 0.0257533 0.0354673 0.043094 0.0761433 -0.0475571 0.114431 0.122155 -0.0845863 0.157381
internal_weight=3393.95 1186.41 1066.39 1039.85 2207.54 1075.14 1132.41 1040.78 814.687 120.018 28.3656 91.652 260.449 91.6243 26.5349
internal_count=11633 4878 4545 4432 6755 2783 3972 3682 2190 333 86 247 593 290 113
is_linear=0
shrinkage=0.147268


Tree=10
num_leaves=14
num_cat=0
split_feature=23 43 43 44 43 9 39 23 44 43 43 31 8
split_gain=125.182 49.5618 66.0117 56.1931 67.0454 54.6628 35.5155 32.2509 20.8317 21.0813 25.2255 11.8603 5.63381
threshold=0.18045660853385928 -0.046050665900111191 -0.10280781611800192 0.26467239856719976 0.15978424996137622 -0.031355889514088624 2.5000000000000004 0.28877784311771398 -0.89051029086112965 -0.046050665900111191 -0.045243432745337479 0.0094102243892848509 -0.003977390704676508
decision_type=2 2 2 2 2 2 2 2 2 2 2 2 2
left_child=8 2 7 4 -3 -5 -4 -2 12 11 -11 -10 -1
right_child=1 3 6 5 -6 -7 -8 -9 9 10 -12 -13 -14
leaf_value=0.068231063537204539 -0.069359688318093249 0.069479005161888499 0.0035432217842626566 0.075618889454509466 -0.080314283403893155 -0.0087631775848355555 -0.065662789865794505 0.09970064071647497 -0.13371577885772698 0.29483627465580825 -0.049519638942407913 0.070807739130893693 0.39433456396954764
leaf_weight=2.0852471739053726 28.761939458549023 1136.8164924457669 416.21753565967083 221.48026192933321 68.717974692583084 670.65163671970367 262.08320851624012 163.97256404906511 99.185285404324532 4.6918905004858962 269.17472675442696 6.5526843816041938 2.5662912726402274
leaf_count=14 141 2993 1440 679 511 2209 1033 602 609 21 1333 39 9
internal_value=0.0177058 0.0279434 -0.00158534 0.040205 0.0609401 0.0121853 -0.0231964 0.0744697 -0.0613867 -0.0651835 -0.043617 -0.121037 0.248298
internal_weight=3352.96 2968.7 871.035 2097.67 1205.53 892.132 678.301 192.735 384.256 379.605 273.867 105.738 4.65154
internal_count=11633 9608 3216 6392 3504 2888 2473 743 2025 2002 1354 648 23
is_linear=0
shrinkage=0.147268


Tree=11
num_leaves=16
num_cat=0
split_feature=23 8 31 23 43 19 19 4 32 43 35 30 43 43 8
split_gain=95.114 41.7346 40.7797 33.3754 30.2676 35.8916 26.6718 43.9309 43.2409 40.2544 37.8926 36.5454 29.7597 18.9358 7.74171
threshold=0.37126183509826666 0.1050795577466488 0.072432968765497222 0.1581252068281174 0.035528479143977172 1.4160400032997134 1.2853503227233889 0.0091354274190962332 0.0047510152217000732 -0.026456463150680062 1.0000000180025095e-35 -0.13500798493623731 -0.075907070189714418 -0.066191330552101121 -0.071539517492055879
decision_type=2 2 2 2 2 2 2 2 2 2 2 2 2 2 2
left_child=1 2 3 -1 13 -6 9 8 -8 12 -11 -9 -2 -3 -4
right_child=6 4 14 -5 5 -7 7 11 -10 10 -12 -13 -14 -15 -16
leaf_value=-0.069056698361683322 0.05342569530887082 0.11510490805805025 0.06590120591698187 -0.0075754765552707585 0.1161367774440779 -0.19936118507492237 -0.02807740440598978 0.1719068817683724 -0.30525932835563946 0.11827802172207345 0.046684260697649811 0.0072647678527456875 -0.0094339328796892614 -0.076542965710216043 -0.2068727164591187
leaf_weight=269.49701780080795 266.62059722095728 14.379543654620646 2.4233072325587264 661.65451178699732 104.39945593476295 8.4509552344679815 36.472509697079659 31.438016682863235 18.346509903669357 201.58372757583857 783.66081281006336 417.81182381510735 421.66601288318634 50.23682876676321 32.330618038773537
leaf_count=1535 889 46 7 2587 234 61 240 69 72 543 1990 1169 1829 233 129
internal_value=0.0152385 -0.0191562 -0.0312165 -0.02537 0.0464833 0.0925047 0.0332979 0.00359995 -0.120856 0.0422428 0.061333 0.0187876 0.0149156 -0.0338875 -0.187842
internal_weight=3320.97 1143.37 965.905 931.152 177.467 112.85 2177.6 504.069 54.819 1673.53 985.245 449.25 688.287 64.6164 34.7539
internal_count=11633 4832 4258 4122 574 295 6801 1550 312 5251 2533 1238 2718 279 136
is_linear=0
shrinkage=0.147268


Tree=12
num_leaves=15
num_cat=0
split_feature=42 42 42 20 42 42 43 42 5 22 5 7 27 21
split_gain=103.955 93.2585 159.915 81.9776 50.6344 48.5854 42.9405 42.0808 30.0669 28.5809 25.2527 24.6755 18.1251 17.9187
threshold=0.10961809381842615 0.015877629630267624 -0.0095814047381281835 0.088163241744041457 0.11779172718524934 0.074389327317476286 -0.060349708423018449 0.1278709024190903 -0.025960735045373436 0.1695414334535599 0.011247215792536737 14.103795051574709 0.055517004802823074 -0.083299402147531496
decision_type=2 2 2 2 2 2 2 2 2 2 2 2 2 2
left_child=1 2 6 10 11 -5 -1 12 -9 -4 -3 13 -6 -2
right_child=4 3 9 5 7 -7 -8 8 -10 -11 -12 -13 -14 -15
leaf_value=-0.19339933041512236 -0.11354287409977257 -0.076695064928126111 0.011471169027680131 -0.019747853496839506 -0.10680799169650852 0.026345553301528827 -0.0027073700940637969 0.16921874529532355 -0.0095154762234369791 0.17284972291082998 -0.0010996124775301814 -0.21288667102795308 0.11743700925125884 0.14640090670893702
leaf_weight=33.9229521676898 5.9117622822523108 391.51994433626533 27.181491535156965 843.09781498089433 51.898088451474905 1204.516687322408 104.51153127104044 45.061817914247513 37.308455303311348 191.62791419029236 126.90991150587797 4.4025534540414801 9.2005773037672025 208.51848036795855
leaf_count=286 22 2060 49 2600 383 3783 763 214 251 317 248 16 31 610
internal_value=0.0131584 0.00393634 0.0744325 -0.00587805 0.0875671 0.00736662 -0.04944 0.0195699 0.0882619 0.152804 -0.0581902 0.132145 -0.0730325 0.139232
internal_weight=3285.59 2923.29 357.244 2566.04 362.302 2047.61 138.434 143.469 82.3703 218.809 518.43 218.833 61.0987 214.43
internal_count=11633 10106 1415 8691 1527 6383 1049 879 465 366 2308 648 414 632
is_linear=0
shrinkage=0.147268


Tree=13
num_leaves=16
num_cat=0
split_feature=37 28 3 3 6 6 11 4 15 29 18 0 3 40 5
split_gain=36.1783 53.3311 44.5929 39.9721 33.5724 38.7301 28.1509 27.7039 23.7349 23.7348 19.6845 17.6878 20.3002 12.8339 10.6538
threshold=0.11929024755954744 0.032455027103424079 0.71492099761962902 -0.2861886173486709 58.147802352905281 66.009662628173842 90.161331176757827 0.017132174223661426 0.01239898055791855 0.039780326187610633 0.070133049041032805 -0.089480638504028306 0.95346450805664074 0.036641305312514312 0.039300041273236282
decision_type=2 2 2 2 2 2 2 2 2 2 2 2 2 2 2
left_child=1 3 6 9 11 13 -3 -5 -4 -1 -7 14 -13 -6 -2
right_child=4 2 8 7 5 10 -8 -9 -10 -11 -12 12 -14 -15 -16
leaf_value=0.13282962230476472 0.044618214354057578 0.080782637806702126 -0.27076315842850063 -0.013347540525843464 0.051616058850690469 0.053194323603866465 0.0049427104633674983 -0.069607412268336832 -0.033751087799308362 -0.088015647067672315 -0.13762897499524171 0.017916073334704428 -0.13129144682615038 0.18854509113504142 0.13538156782681535
leaf_weight=56.145084209740162 92.892101787030697 303.12118856981397 10.59131672978401 1034.6350470930338 18.967997178435326 51.696618437767029 163.36416524648666 232.48666461184621 67.935746230185032 12.994301475584505 15.160346917808054 1063.7040707729757 20.148096106946468 68.429950356483459 40.190304577350616
leaf_count=151 441 800 44 4264 46 93 491 691 197 45 40 4060 55 104 111
internal_value=0.0113753 -0.00188471 0.0369404 -0.0177203 0.0295683 0.0942923 0.0542241 -0.0236702 -0.0657277 0.0913177 0.00991655 0.0213637 0.0151419 0.158832 0.0720321
internal_weight=3252.46 1881.27 545.012 1336.26 1371.19 154.255 466.485 1267.12 78.5271 69.1394 66.857 1216.93 1083.85 87.3979 133.082
internal_count=11633 6683 1532 5151 4950 283 1291 4955 241 196 133 4667 4115 150 552
is_linear=0
shrinkage=0.147268


Tree=14
num_leaves=15
num_cat=0
split_feature=42 42 42 23 39 42 19 17 5 36 5 7 21 19
split_gain=79.5092 69.6489 126.077 64.306 49.1622 42.7887 39.2261 34.428 33.2061 31.2048 29.903 19.2495 16.0841 4.98509
threshold=0.11050898209214212 0.015877629630267624 -0.0095814047381281835 0.20317765325307849 2.5000000000000004 0.11779172718524934 0.77340051531791698 28.09034633636475 -0.076278548687696443 0.15125565975904467 0.011247215792536737 14.103795051574709 -0.097622063010931001 0.86051294207572948
decision_type=2 2 2 2 2 2 2 2 2 2 2 2 2 2
left_child=1 2 7 10 -5 11 -4 -1 13 -10 -3 12 -2 -7
right_child=5 3 6 4 -6 8 -8 -9 9 -11 -12 -13 -14 -15
leaf_value=-0.073266373699020892 -0.14960552005816008 -0.083115979756883326 -0.1711399310326692 0.019721872844238018 -0.025542509122261602 0.071975814650212577 0.15036558441568004 0.14646061780227726 -0.051929035471207127 0.18503957060509324 0.048699471752132364 -0.18292532181207855 0.13581488574923631 0.19585433722373619
leaf_weight=120.00794780999422 4.3800989985465995 294.09173687174916 8.5852880515158159 1381.8399480357766 834.76511385291815 11.019787669181826 197.74360325187445 17.750630974769592 95.985102616250515 13.780165940523146 42.746344223618507 4.379522204399108 186.46712263673544 19.591695204377174
leaf_count=937 16 1827 76 4106 2671 70 290 112 711 44 138 16 565 54
internal_value=0.00980627 0.00194648 0.0641449 -0.00643496 0.00267534 0.0776648 0.136985 -0.0449501 0.0156493 -0.0221741 -0.0663869 0.122255 0.129261 0.151276
internal_weight=3233.13 2897.53 344.087 2553.44 2216.61 335.603 206.329 137.759 140.377 109.765 336.838 195.227 190.847 30.6115
internal_count=11633 10157 1415 8742 6777 1476 366 1049 879 755 1965 597 581 124
is_linear=0
shrinkage=0.147268


Tree=15
num_leaves=16
num_cat=0
split_feature=42 42 6 43 42 37 42 43 42 12 32 43 37 14 0
split_gain=59.8978 55.2062 86.5725 77.6855 51.7491 51.6665 32.0072 31.1764 30.9823 26.5994 18.3366 17.6607 16.355 27.8186 10.4379
threshold=0.11050898209214212 0.028311052359640602 44.558162689208991 0.13125361502170566 -0.032725065946578973 0.2423423305153847 0.11779172718524934 0.057263735681772239 0.1278709024190903 19.906297683715824 -0.010973423719406126 0.025614507496356968 0.055877571925520904 -4.3655695915222159 -0.062575772404670701
decision_type=2 2 2 2 2 2 2 2 2 2 2 2 2 2 2
left_child=1 2 7 5 -4 -3 12 -1 11 -5 -10 -8 13 -2 -14
right_child=6 3 4 9 -6 -7 8 -9 10 -11 -12 -13 14 -15 -16
leaf_value=-0.12747063756851104 0.2303931162379447 -0.011724033224444316 -0.057930400087243719 0.034142306313672349 0.098486980527129231 0.046098464726459946 -0.096230455554938435 0.1261090578524304 0.13706592874800269 -0.1574115836513573 -0.0067519045914249077 0.15540498161888841 0.014552512783703004 -0.0050157464363578784 0.15247654575089756
leaf_weight=69.896716337651014 13.93093405663967 1880.9004058092833 53.167892590165138 18.819608841091394 334.14833911880851 407.80704013258219 51.899510353803635 12.374286189675329 44.267213173210621 95.424348823726177 33.9823675788939 6.844378884881734 13.304940871894358 49.789183385670185 113.1101033911109
leaf_count=578 32 6283 404 124 811 1355 366 45 231 557 234 48 52 181 332
internal_value=0.00848776 0.00168797 0.0478711 -0.0073371 0.0770142 -0.00142093 0.0681959 -0.0893244 0.0139239 -0.125854 0.0746062 -0.0669027 0.107297 0.0464521 0.137963
internal_weight=3199.67 2872.54 469.587 2402.95 387.316 2288.71 327.129 82.271 136.993 114.244 78.2496 58.7439 190.135 63.7201 126.415
internal_count=11633 10157 1838 8319 1215 7638 1476 623 879 681 465 414 597 213 384
is_linear=0
shrinkage=0.147268


Tree=16
num_leaves=15
num_cat=0
split_feature=42 43 43 42 20 42 37 42 23 14 23 7 12 42
split_gain=45.3698 51.3045 55.4725 83.1275 36.646 31.5411 27.4451 22.2354 23.6628 19.6726 15.9994 13.1191 15.6648 10.5542
threshold=0.10961809381842615 -0.0012504997430369256 0.021680974401533607 0.035195803269743926 0.12983096390962603 0.10912839323282243 0.075156662613153472 0.11779172718524934 0.57345747947692882 9.5050535202026385 0.547693431377411 14.103795051574709 13.47429132461548 0.1278709024190903
decision_type=2 2 2 2 2 2 2 2 2 2 2 2 2 2
left_child=1 4 6 -4 10 -6 -3 11 9 -9 -1 12 -2 -10
right_child=7 2 3 -5 5 -7 -8 8 13 -11 -12 -13 -14 -15
leaf_value=-0.049818924689825232 0.034137221555700918 0.024194705644188203 0.057830323012692461 -0.026008949142864921 0.0022147181758282613 -0.18560963364307831 0.10806000247790998 -0.059907063057971499 0.019828625425529236 0.15592044504353642 -0.34042399544398794 -0.1658758869189654 0.12324533835228946 0.15793459017786377
leaf_weight=466.12815837934613 62.714558463543653 148.04574783146381 403.65452258661389 703.49350301921368 899.15145295113325 19.815897077322006 197.5978018194437 76.113987743854523 22.148476660251617 10.409836288541554 4.1437730938196173 4.2705333679914466 134.73047098517418 26.207237742841244
leaf_count=2366 236 456 1010 2326 3373 50 510 608 103 59 15 16 396 109
internal_value=0.00734299 0.00128791 0.020637 0.00455776 -0.0189461 -0.00183546 0.0721401 0.0584677 0.0121764 -0.0339342 -0.0523816 0.0894191 0.094944 0.0946869
internal_weight=3178.63 2842.03 1452.79 1107.15 1389.24 918.967 345.644 336.595 134.88 86.5238 470.272 201.716 197.445 48.3557
internal_count=11633 10106 4302 3336 5804 3423 966 1527 879 667 2381 648 632 212
is_linear=0
shrinkage=0.147268


Tree=17
num_leaves=16
num_cat=0
split_feature=44 42 42 42 42 42 3 42 42 42 9 33 15 18 4
split_gain=40.4572 35.2915 39.105 82.144 41.6753 20.6724 16.6042 14.6982 19.1489 16.2807 14.7065 14.5048 11.4537 10.2276 5.74231
threshold=-0.72364482283592213 0.11050898209214212 0.015877629630267624 -0.0095814047381281835 0.074389327317476286 0.11779172718524934 -0.29521271586418146 0.088978569954633727 0.0953664965927601 0.035931827500462539 -0.013783302158117293 0.0012011572835035624 0.19632602483034137 -0.010649618227034805 0.0074970191344618806
decision_type=2 2 2 2 2 2 2 2 2 2 2 2 2 2 2
left_child=7 2 3 -2 -4 12 -7 9 13 14 -10 -11 -3 -9 -1
right_child=1 5 4 -5 -6 6 -8 8 10 11 -12 -13 -14 -15 -16
leaf_value=-0.13357843329350869 -0.04253787701504412 0.092097302753184188 -0.032104810987509183 0.10918837302225448 0.0073592541730285559 0.10400338232413725 -0.025252326386813712 0.026358175576391727 -0.05307514265584809 0.091259852476687067 0.10344654315092233 0.2308461085790437 -0.10244995981683688 -0.24880023055581058 0.1924075414148555
leaf_weight=6.3907606974244109 132.94312288239598 163.52340200915933 999.50564355403185 185.17547034472227 1383.8751778304577 28.052892759442329 93.020000819116831 5.0004585459828377 17.133773647248745 37.8534917794168 54.167786248028278 28.170485764741898 6.834639072418212 7.0655598640441877 1.4325764924287794
leaf_count=54 1022 529 3310 363 5040 127 693 15 67 137 156 48 35 28 9
internal_value=0.00636038 0.00253519 -0.00271715 0.0457806 -0.00919047 0.0512239 0.00469541 0.0791786 0.0367923 0.127023 0.0658299 0.150827 0.0842894 -0.134759 -0.073815
internal_weight=3150.15 2992.93 2701.5 318.119 2383.38 291.431 121.073 157.215 83.3676 73.8473 71.3016 66.024 170.358 12.066 7.82334
internal_count=11633 11119 9735 1385 8350 1384 820 514 266 248 223 185 564 43 63
is_linear=0
shrinkage=0.147268


Tree=18
num_leaves=15
num_cat=0
split_feature=23 42 42 39 10 10 12 6 2 8 36 21 9 25
split_gain=43.9216 27.7115 40.6158 36.4631 28.8169 26.7334 30.5335 31.1619 25.2655 20.9322 14.0042 25.1755 5.17973 1.87654
threshold=0.16292382031679156 0.10961809381842615 0.10572194680571557 2.5000000000000004 15.22967576980591 10.119530200958254 68.388530731201186 62.186546325683601 -0.043148467317223542 -1.0000000180025095e-35 0.14516353607177737 0.73733407258987438 0.061244433745741851 1.6332965493202212
decision_type=2 2 2 2 2 2 2 2 2 2 2 2 2 2
left_child=5 2 3 -2 -4 9 8 -8 -7 -1 11 -3 -12 -11
right_child=1 10 4 -5 -6 6 7 -9 -10 13 12 -13 -14 -15
leaf_value=0.26259538727160087 0.025426239257976605 0.054885590319882292 0.064575320758990098 -0.011521229930696509 -0.095681983999572257 0.023846520977537419 0.10742388528179431 -0.077233890657494655 -0.12023575594850157 -0.20107884296822087 0.14695481315458206 -0.11660931694402925 0.030961707171075537 0.036471124775756043
leaf_weight=9.9005744010210019 1472.4657875411212 202.94340387731791 29.930040381848812 955.00424629822373 130.09982006624341 32.067499171942472 39.531678512692451 39.74422013387084 149.11841382458806 2.8933068364858623 41.903312463313341 20.431364126503468 10.436755590140818 0.95718637853860844
leaf_count=19 4840 934 92 3290 504 263 209 85 1098 19 133 90 47 10
internal_value=0.00548996 0.0108824 0.00615291 0.0108904 -0.0657072 -0.0508142 -0.0613808 0.0148442 -0.0947336 0.149288 0.0552659 0.0391973 0.123833 -0.141964
internal_weight=3137.43 2863.21 2587.5 2427.47 160.03 274.213 260.462 79.2759 181.186 13.7511 275.715 223.375 52.3401 3.85049
internal_count=11633 9930 8726 8130 596 1703 1655 294 1361 48 1204 1024 180 29
is_linear=0
shrinkage=0.147268


Tree=19
num_leaves=14
num_cat=0
split_feature=23 10 3 3 12 3 9 2 8 19 43 9 41
split_gain=37.0189 27.8452 23.2752 53.7484 63.779 25.924 30.8162 30.1642 21.7097 21.4212 26.0756 24.7457 0.126652
threshold=0.58218586444854747 64.691879272460952 0.2785468995571137 0.61547327041625988 56.235408782958991 -0.29144774377346033 -0.14978686720132825 -0.10536669194698332 -0.98491358757019032 1.2144962549209597 -0.029403039254248139 0.0022464488865807657 0.19969325512647632
decision_type=2 2 2 2 2 2 2 2 2 2 2 2 2
left_child=2 9 5 8 -5 7 -7 -1 -4 10 -2 -11 -3
right_child=1 12 3 4 -6 6 -8 -9 -10 11 -12 -13 -14
leaf_value=-0.007022528611930685 0.0066667903329316628 -0.27367121301526043 -0.20300249825357453 0.033537501642534787 -0.15351345600314692 -0.38520031922745313 -0.022495454763885085 0.11151507354105833 0.10177992745097683 0.025823989276678668 0.061396832950682691 -0.046344988804910774 -0.23283742107076735
leaf_weight=142.89455097913742 305.88689409196377 2.6769066378474218 5.2474473118782035 120.68987130746245 58.789867021143436 5.0981929451227179 1309.8113302625716 69.054230123758316 146.84124069288373 291.34701889753342 493.28304272517562 159.42485069483519 5.5228440165519714
leaf_count=639 1265 8 13 267 115 22 5931 206 307 928 1405 511 16
internal_value=0.004688 0.024195 -0.00851795 0.0268484 -0.0277318 -0.0161982 -0.0239025 0.0315971 0.0912598 0.0259699 0.040449 0.000299204 -0.246266
internal_weight=3116.57 1258.14 1858.43 331.568 179.48 1526.86 1314.91 211.949 152.089 1249.94 799.17 450.772 8.19975
internal_count=11633 4133 7500 702 382 6798 5953 845 320 4109 2670 1439 24
is_linear=0
shrinkage=0.147268


Tree=20
num_leaves=13
num_cat=0
split_feature=44 23 7 41 14 10 12 16 31 42 13 22
split_gain=29.5737 31.0349 22.7535 34.8581 23.9637 16.1302 18.8672 12.8523 12.832 9.59066 17.4553 10.3252
threshold=-0.72364482283592213 0.1581252068281174 3.8602815866470341 0.30060242116451269 6.9473295211792001 10.119530200958254 68.388530731201186 -4.493769407272338 -0.024690599180757996 0.10549849644303323 -11.480787754058836 0.22663782536983493
decision_type=2 2 2 2 2 2 2 2 2 2 2 2
left_child=7 5 4 -4 -3 8 -7 -1 -2 11 -11 -9
right_child=1 2 3 -5 -6 6 -8 9 -10 10 -12 -13
leaf_value=-0.26488391249340087 -0.2097072137802525 0.0061405114732024811 0.10229996219446923 -0.03598876920989539 0.054851819155612117 -0.088468578340707704 0.0042782524874856757 0.0078900741139176049 0.18364152676225323 -0.30709298707667304 0.039641205445764632 0.11534287358801422
leaf_weight=2.4845009297132483 2.1858879290521136 1976.107627492398 43.406181551516056 442.59559694305062 246.33948495239019 153.31214191764593 68.959579832851887 24.578335821628571 10.101605359464882 3.5109009444713584 30.380642868578434 92.06409790366888
leaf_count=10 12 7153 113 1481 810 1257 261 99 32 23 125 257
internal_value=0.00405925 0.000777156 0.00522771 -0.0236369 0.0115399 -0.0506117 -0.0596929 0.0671812 0.113621 0.0726671 0.00369786 0.0927039
internal_weight=3096.03 2943.01 2708.45 486.002 2222.45 234.559 222.272 153.018 12.2875 150.534 33.8915 116.642
internal_count=11633 11119 9557 1594 7963 1562 1518 514 44 504 148 356
is_linear=0
shrinkage=0.147268


Tree=21
num_leaves=16
num_cat=0
split_feature=43 42 42 42 42 43 42 43 43 1 42 42 3 43 36
split_gain=31.0438 48.7558 75.5215 44.1517 89.537 57.1447 56.8079 51.8093 44.1216 40.5249 37.8036 36.9095 33.9334 32.1405 21.2525
threshold=-0.02809171192348003 0.10044620558619501 0.10156178846955301 0.073163237422704711 0.055203137919306762 0.024927019141614441 0.075859323143959059 0.066727887839078917 0.037867804989218719 -0.044130930677056306 0.01102761644870043 0.077687196433544173 -0.35886929929256434 -0.033502347767353051 -1.0000000180025095e-35
decision_type=2 2 2 2 2 2 2 2 2 2 2 2 2 2 2
left_child=1 9 12 4 8 -6 14 -8 -2 11 -11 -1 -3 -4 -5
right_child=3 2 13 6 5 -7 7 -9 -10 10 -12 -13 -14 -15 -16
leaf_value=-0.050140134471424215 -0.036338445291411961 -0.35131714610009157 0.016280199370369647 -0.2684734085898321 -0.0096087330125377759 -0.13953053352143258 0.048992420107297527 -0.050414539258936686 0.042784956623225373 0.086681077544161239 -0.080554823061377401 0.058487934036067321 0.22134256702574187 -0.10437370471658571 0.21614738413653103
leaf_weight=134.91833683475852 208.70171431452036 2.3552590608596793 382.51140148192644 2.0471544340252867 148.63256901875138 145.10771714150906 634.38771158829331 138.53538044542074 571.07687063887715 31.644672747701406 397.69039097055793 136.4361637532711 46.720762893557549 54.733451075851917 46.356246467679739
leaf_count=922 625 4 1428 6 482 550 2298 813 1315 223 1979 491 98 303 96
internal_value=0.00346857 -0.0152058 0.0206196 0.0151671 -0.00449558 -0.0737916 0.0408677 0.0311747 0.0216078 -0.0400712 -0.0682275 0.00447668 0.19384 0.00117592 0.195635
internal_weight=3081.86 1187.01 486.321 1894.85 1073.52 293.74 821.326 772.923 779.779 700.69 429.335 271.355 49.076 437.245 48.4034
internal_count=11633 5448 1833 6185 2972 1032 3213 3111 1940 3615 2202 1413 102 1731 102
is_linear=0
shrinkage=0.147268


Tree=22
num_leaves=12
num_cat=0
split_feature=20 43 12 43 42 42 42 20 25 26 12
split_gain=27.6778 25.9685 43.7041 39.5591 33.6094 70.1481 46.2761 14.9186 9.91407 2.34809 1.62408
threshold=0.03177966736257077 -0.046050665900111191 63.108306884765632 -0.062831822782754884 0.074151981621980681 0.058015478774905212 0.075859323143959059 0.10095961764454843 0.24319830536842349 0.57188087701797496 6.0029766559600839
decision_type=2 2 2 2 2 2 2 2 2 2 2
left_child=8 2 3 -2 5 -3 -6 -4 -1 -10 -11
right_child=1 4 7 -5 6 -7 -8 -9 9 10 -12
leaf_value=0.27065241890175196 0.015665858251362852 0.01796202395949361 -0.0058492267019506104 -0.059096681385362386 0.17269260439113565 -0.065273129798605833 0.025741861642104701 -0.13002811266103456 0.098458478028262991 0.029244178573734961 -0.16639723481889504
leaf_weight=1.245809487998488 581.79185376688838 825.49193612858653 27.469475280493498 208.50291598215699 48.856034304946661 299.17643186077476 953.74181961268187 88.91144422441721 0.78086940571666019 0.9486060999333884 27.817399647086859
leaf_count=10 2288 2200 102 1161 123 1187 4085 257 9 11 200
internal_value=0.00299276 0.00440283 -0.0164666 -0.00405843 0.0132978 -0.00417943 0.0329033 -0.100721 -0.13592 -0.153089 -0.159934
internal_weight=3064.73 3033.94 906.676 790.295 2127.27 1124.67 1002.6 116.381 30.7927 29.5469 28.766
internal_count=11633 11403 3808 3449 7595 3387 4208 359 230 220 211
is_linear=0
shrinkage=0.147268


Tree=23
num_leaves=16
num_cat=0
split_feature=23 44 26 23 44 23 9 28 33 33 33 28 40 8 25
split_gain=25.5283 32.8461 29.8309 34.2954 20.2861 27.0725 21.4622 19.5988 18.9455 36.522 27.9462 16.6231 23.0847 15.3156 14.386
threshold=0.58218586444854747 -0.43612755835056299 0.72089326381683361 0.41350591182708746 0.73044830560684215 1.1613010168075564 -0.0046291716862469903 0.07672856375575067 0.0070958938449621209 0.063971471041440978 -0.0077817074488848439 0.015615248121321203 0.36048795282840734 -0.70600953698158253 6.2656235694885263
decision_type=2 2 2 2 2 2 2 2 2 2 2 2 2 2 2
left_child=1 2 3 -1 5 7 -7 -2 10 -10 -3 13 -13 -6 -4
right_child=4 8 14 -5 11 6 -8 -9 9 -11 -12 12 -14 -15 -16
leaf_value=-0.15403596065889458 0.01501484648123191 -0.0073901689926271375 0.070268541595710957 0.082527428759188073 -0.057774093655311089 0.0054220202592646207 -0.075656685061209483 0.073518393760648226 0.055629408832697673 -0.039508933063052115 -0.053345404345124969 0.063016136668347045 -0.15473883266956837 0.13719018098021651 -0.17624287260004945
leaf_weight=32.56639202684164 634.03476219251752 727.2994928099215 207.35526871681213 22.451276436448097 9.923961438238619 185.66976196318865 114.44859667867422 154.44374699145555 196.36219098418951 157.85781320556998 474.06965101510286 44.336857847869396 13.856553338468073 72.977292522788048 5.2621756233274928
leaf_count=198 2112 3419 699 58 39 641 430 471 533 343 2223 156 52 232 27
internal_value=0.00255879 -0.00850072 0.0391535 -0.0574959 0.0189566 0.0121465 -0.0254963 0.0264748 -0.0166997 0.0132303 -0.0255248 0.0714964 0.0111576 0.113847 0.0641646
internal_weight=3052.92 1823.22 267.635 55.0177 1229.69 1088.6 300.118 788.479 1555.59 354.22 1201.37 141.095 58.1934 82.9013 212.617
internal_count=11633 7500 982 256 4133 3654 1071 2583 6518 876 5642 479 208 271 726
is_linear=0
shrinkage=0.147268


Tree=24
num_leaves=16
num_cat=0
split_feature=40 44 19 31 7 44 12 42 25 44 42 10 42 16 14
split_gain=21.7776 30.9354 33.2025 28.0557 25.7972 28.6027 25.1287 21.8508 21.5265 20.9914 20.2615 14.5536 12.6874 12.0208 9.17801
threshold=0.087068006396293654 0.61159375309944164 1.3781729340553286 0.12632882595062259 3.7749872207641606 -0.26678052544593805 84.886276245117202 0.028311052359640602 1.3078129291534426 0.25430014729499822 0.08092264831066133 12.973979473114015 0.10961809381842615 7.4735596179962167 2.8240108489990239
decision_type=2 2 2 2 2 2 2 2 2 2 2 2 2 2 2
left_child=1 2 3 -1 8 11 12 -7 9 -2 -10 -6 -3 -4 -8
right_child=4 6 13 -5 5 7 14 -9 10 -11 -12 -13 -14 -15 -16
leaf_value=-0.022049087214064792 0.046959906163323739 0.04387428326375107 -0.083410248014846741 0.087255647565541092 0.22477400631733382 0.040856711093707358 -0.19976254382463396 -0.076857320998615322 -0.039917140248856627 0.0065334893626076999 0.021465945306308441 0.026704984962678618 0.15844111569388708 -0.24009776728120091 -0.021381080332000525
leaf_weight=765.55314667336643 664.46622174605727 141.2059047408402 101.47906962782145 54.555148027837276 9.1990395933389646 42.212482944130898 10.693180568516256 180.09369279071689 220.69340233877301 479.68043541722 247.31202741712332 64.119549870491028 24.62125257588923 11.861862517893313 15.081043012440203
leaf_count=3448 2022 680 411 172 17 121 43 595 859 1859 952 237 101 42 74
internal_value=0.00221109 -0.0140393 -0.0251033 -0.0147774 0.0117944 -0.0281962 0.0398608 -0.0545038 0.0191278 0.0300115 -0.0074794 0.0515654 0.0608881 -0.0998151 -0.0954086
internal_weight=3032.83 1125.05 933.449 820.108 1907.78 295.625 191.601 222.306 1612.15 1144.15 468.005 73.3186 165.827 113.341 25.7742
internal_count=11633 4971 4073 3620 6662 970 898 716 5692 3881 1811 254 781 453 117
is_linear=0
shrinkage=0.147268


Tree=25
num_leaves=13
num_cat=0
split_feature=20 43 43 44 20 42 43 44 24 2 25 41
split_gain=21.0755 20.5657 59.5873 36.7301 26.0943 25.3993 23.531 18.7283 9.96544 3.97629 1.1558 0.194499
threshold=0.03177966736257077 0.00088003161363303672 0.0061224310193210849 0.34812395274639135 0.26222421228885656 0.097420372068882002 -0.10280781611800192 -0.017381882295012471 0.32793131470680242 -0.01652613282203674 2.8642619848251347 0.012090682983398439
decision_type=2 2 2 2 2 2 2 2 2 2 2 2
left_child=8 4 7 -4 5 -2 -6 -3 9 -1 11 -10
right_child=1 2 3 -5 6 -7 -8 -9 10 -11 -12 -13
leaf_value=-0.025817156497400205 -0.039841240648807751 0.023198562404975004 0.029021211202530595 -0.022372096051705086 0.092547556778999465 0.0041691923000879783 0.0060563304123924626 0.19121396367965854 -0.11241969649931899 0.36833218315622906 -0.034672940891514251 -0.16697836868252156
leaf_weight=1.1086911484599116 635.94436131417751 19.705421410501003 780.67529684305191 491.45242534205317 81.391851171851158 514.45287173613906 421.56191403791308 53.371736072003841 1.5717856902629197 1.1067225337028528 1.6297873556613911 21.460916873067617
leaf_count=15 2976 82 2463 1710 363 2094 1597 118 19 7 18 171
internal_value=0.00191066 0.0030745 0.0165957 0.00916656 -0.00792646 -0.0201597 0.0200539 0.145914 -0.12791 0.171108 -0.154794 -0.163278
internal_weight=3025.43 2998.56 1345.2 1272.13 1653.35 1150.4 502.954 73.0772 26.8779 2.21541 24.6625 23.0327
internal_count=11633 11403 4373 4173 7030 5070 1960 200 230 22 208 190
is_linear=0
shrinkage=0.147268


Tree=26
num_leaves=16
num_cat=0
split_feature=44 39 42 42 42 29 7 40 42 33 38 29 2 42 1
split_gain=19.4308 19.1659 39.5591 60.4104 49.5518 27.1781 40.3245 14.3838 11.8074 13.1156 10.271 9.22864 16.5674 12.339 7.17537
threshold=-0.75503540039062489 2.5000000000000004 0.03036939445883036 -0.01845192443579435 0.081326525658369078 0.10791534185409547 3.4966492652893071 0.23094017058610919 0.10549849644303323 -0.011724991723895071 4.5000000000000009 0.024843274615705017 0.080066125839948668 0.035931827500462539 0.087705001235008254
decision_type=2 2 2 2 2 2 2 2 2 2 2 2 2 2 2
left_child=8 5 3 -3 -4 6 -2 -7 11 10 -10 13 -13 -1 -11
right_child=1 2 4 -5 -6 7 -8 -9 9 14 -12 12 -14 -15 -16
leaf_value=-0.11153404394307884 0.01290288677280297 -0.13709501149008121 -0.068297451831387204 0.079628882858262723 0.00019358201293614782 0.030830304892219145 -0.053283559892766355 0.12141951446855433 -0.076646607198376626 -0.17715121336468015 0.1724298793478603 -0.11599753272711295 0.11215307988596079 0.13392352431410037 0.11227989374081772
leaf_weight=4.7961720973253241 1352.5372917056084 33.443272300064564 391.58446314558387 168.04684104770422 552.05385862104595 94.914603374898434 234.20756265707314 63.421858631074429 6.0357763767242458 11.212779667228459 8.8537643775343877 12.053266309201719 16.147835329174995 59.654841188341379 2.2237984836101523
leaf_count=42 5290 277 1357 516 2339 334 913 185 24 65 28 56 36 164 7
internal_value=0.0016449 -0.000775351 -0.0155797 0.0436547 -0.0282281 0.00893919 0.00313337 0.0671188 0.0594668 -0.0237323 0.0714458 0.0849059 0.0146292 0.11565 -0.129219
internal_weight=3011.19 2890.21 1145.13 201.49 943.638 1745.08 1586.74 158.336 120.978 28.3261 14.8895 92.6521 28.2011 64.451 13.4366
internal_count=11633 11211 4489 793 3696 6722 6203 519 422 124 52 298 92 206 72
is_linear=0
shrinkage=0.147268


Tree=27
num_leaves=15
num_cat=0
split_feature=22 8 44 44 6 22 19 28 6 8 20 45 41 41
split_gain=18.7271 22.8572 17.689 17.7854 17.8081 14.0808 13.8794 12.8449 11.9702 15.0024 11.5831 11.4273 6.70054 1.90477
threshold=0.13377811014652255 -0.19696549326181409 0.74844324588775646 -0.81167465448379505 71.827198028564467 0.12638466805219653 0.47160752117633825 0.019824197515845302 32.069547653198249 -0.044472027570009225 0.04891497269272805 0.055207708850502975 0.34911739826202398 0.74032220244407665
decision_type=2 2 2 2 2 2 2 2 2 2 2 2 2 2
left_child=1 5 3 10 -5 12 13 -8 9 -3 -2 -10 -1 -4
right_child=2 8 6 4 -6 -7 7 -9 11 -11 -12 -13 -14 -15
leaf_value=0.21231059313872913 0.31167013566604629 -0.12658151569712203 -0.1088702496457845 0.0019824621540275441 -0.057249693533829804 -0.22935258319587182 0.075956112792639655 0.0024868770756032851 -0.072532926026008748 0.10657882237650679 0.057902635927932315 0.10744191643985568 0.048639397046047153 -0.28179092945290063
leaf_weight=11.689799934625631 4.1256907582283011 8.5324811786413211 3.1922714933753005 2328.9482305962592 115.54233047738671 2.5481387339532366 144.48346936702728 80.302451096475124 186.89429917372763 20.029811333864927 71.278627634048462 7.9749634489417067 10.133442942053078 2.450445294380188
leaf_count=37 7 85 23 8466 347 12 567 279 1290 168 251 32 50 19
internal_value=0.00143355 -0.0373417 0.00492731 0.00135572 -0.000817158 0.098074 0.0439835 0.0497115 -0.0521145 0.0369123 0.071799 -0.065165 0.136336 -0.184088
internal_weight=2998.13 247.803 2750.32 2519.89 2444.49 24.3714 230.429 224.786 223.432 28.5623 75.4043 194.869 21.8232 5.64272
internal_count=11633 1674 9959 9071 8813 99 888 846 1575 253 258 1322 87 42
is_linear=0
shrinkage=0.147268


Tree=28
num_leaves=16
num_cat=0
split_feature=10 30 41 39 17 32 6 4 32 3 36 17 3 16 9
split_gain=21.4236 27.021 21.9642 18.7579 16.4765 26.4888 23.9992 43.7875 27.1685 19.7254 18.0609 15.6952 11.0206 2.70551 1.18645
threshold=10.775465965270998 -0.003263978753238916 0.96782818436622631 1.0000000180025095e-35 29.983526229858402 0.0061768279410898694 66.879062652587905 0.093812845647335066 0.72133001685142528 0.58876559138298046 0.11967004463076593 -46.268428802490227 -0.43855009973049158 -0.16085205227136609 0.034171864390373237
decision_type=2 2 2 2 2 2 2 2 2 2 2 2 2 2 2
left_child=1 11 3 -3 6 10 7 -2 -8 -7 -6 13 -13 -1 -4
right_child=4 2 14 -5 5 9 8 -9 -10 -11 -12 12 -14 -15 -16
leaf_value=-0.27938295150939713 -0.0054292054243562805 -0.26713076584456402 0.12366278029959954 -0.017139523768381345 -0.02435694369076969 0.12647516207539472 -0.073560577078512199 0.12156026364728899 0.095069108877723463 0.015731502216813614 0.053991008332242692 -0.079038671958381379 0.13767416036881311 -0.047068701708456152 0.24840034735595587
leaf_weight=2.1799387708306313 2133.3702886532992 7.5761310886591664 2.3897586166858664 46.190897814929485 207.38405249081552 78.272738251835108 182.94207080081105 60.558179773390293 23.364854224026203 62.936108306050301 92.171232227236032 5.4476674050092688 76.753034021705389 2.1757730916142455 5.5011099278926849
leaf_count=12 8859 33 9 164 887 174 621 115 41 160 316 12 206 12 12
internal_value=0.00121406 0.0557979 -0.0187001 -0.0523789 -0.00163351 0.0245378 -0.00643958 -0.00192373 -0.0544607 0.0771202 -0.000248632 0.108869 0.123307 -0.163477 0.2107
internal_weight=2989.21 148.214 61.6579 53.767 2841 440.764 2400.24 2193.93 206.307 141.209 299.555 86.5564 82.2007 4.35571 7.89087
internal_count=11633 460 218 197 11173 1537 9636 8974 662 334 1203 242 218 24 21
is_linear=0
shrinkage=0.147268


Tree=29
num_leaves=15
num_cat=0
split_feature=42 42 43 42 43 25 27 42 43 42 21 33 8 19
split_gain=18.4599 28.7153 27.1845 33.7722 32.6986 18.4221 20.1733 15.2735 20.5353 21.0523 11.8179 13.373 10.0687 3.92008
threshold=0.11050898209214212 0.10572194680571557 -0.034346364438533776 0.073163237422704711 -0.072221312671899782 0.61225032806396495 -0.0083764852024614794 0.11779172718524934 -0.061225574463605874 0.12916906923055652 -0.097622063010931001 -0.010880355723202227 -0.13999318331480023 1.084766209125519
decision_type=2 2 2 2 2 2 2 2 2 2 2 2 2 2
left_child=1 2 4 -4 -1 12 -7 10 13 -10 -2 -12 -3 -9
right_child=7 5 3 -5 -6 6 -8 8 9 -11 11 -13 -14 -15
leaf_value=0.0064821665943394806 -0.17594464398422843 0.21336356480284874 -0.0038253730331150996 0.039487990666808845 -0.052026628376481927 -0.0034717553887572096 -0.11824704347101798 0.26989633820128489 -0.078645758441814526 0.048348006844751872 0.11555196583927688 0.030064773084807032 0.0024363546618840076 0.083593015358497197
leaf_weight=452.32504696212709 4.254590392112731 6.0074074044823638 1053.5909910276532 620.25552425161004 382.18932265415788 49.379608865827322 101.46989465132356 6.2544590234756452 61.643393939360976 52.350369356572628 79.16789984703064 79.603544700890779 26.80189748480916 4.0382518023252487
leaf_count=1778 16 22 3103 2380 2128 178 432 15 486 366 288 293 136 12
internal_value=0.00107074 -0.00271623 0.00139931 0.0122246 -0.0203133 -0.0589261 -0.0806785 0.0365541 -0.00233191 -0.020323 0.0662011 0.0726938 0.0410766 0.19686
internal_weight=2979.33 2692.02 2508.36 1673.85 834.514 183.659 150.85 287.313 124.286 113.994 163.026 158.771 32.8093 10.2927
internal_count=11633 10157 9389 5483 3906 768 610 1476 879 852 597 581 158 27
is_linear=0
shrinkage=0.147268


Tree=30
num_leaves=16
num_cat=0
split_feature=10 12 43 22 23 4 14 40 11 24 45 7 23 40 22
split_gain=16.1952 27.3705 20.5281 20.4577 16.9226 15.4332 15.2581 31.5599 18.6427 14.4765 17.7513 14.5174 14.0513 13.7979 11.0994
threshold=10.922067165374758 47.753562927246101 -0.037889083847403519 0.26747582852840429 0.51976695656776439 -0.013814706355333327 -8.4648108482360822 0.12532722204923633 93.335556030273452 1.3860989212989809 -0.0062668011523783198 -5.6187214851379386 0.74258083105087291 0.10729043558239938 0.39518541097640997
decision_type=2 2 2 2 2 2 2 2 2 2 2 2 2 2 2
left_child=1 2 5 9 14 -1 7 -5 -8 11 -11 -2 -4 -6 -3
right_child=3 4 12 6 13 -7 8 -9 -10 10 -12 -13 -14 -15 -16
leaf_value=0.087925133562201552 0.063326364983742667 -0.068654423233540512 0.15706878024165388 -0.08019529545830778 -0.12587912017731692 -0.096419779719676857 0.016180631230633444 0.022296329918986044 -0.037588948295980841 0.05880582944247479 -0.029741978672534981 -0.037588383115276833 -0.069103930749183806 0.092240594451262731 -0.29792504630671718
leaf_weight=21.418967694044113 32.626489575952291 13.440221805125477 63.363802192732692 125.04113309457898 8.9695469066500682 18.230762500315905 1575.216241709888 136.05060183256865 153.46700477600098 96.112016081809998 100.37716227956116 588.77579028718174 6.5726057738065711 21.03708603978157 6.9493726044893256
leaf_count=67 157 80 144 546 25 74 5510 416 506 462 495 3035 28 56 32
internal_value=0.000932399 0.0465078 0.0878162 -0.00166444 -0.0433113 0.00315642 0.00639499 -0.0267877 0.0114069 -0.0212718 0.0135696 -0.0322892 0.135808 0.027027 -0.146832
internal_weight=2967.65 159.982 109.586 2807.67 50.3962 39.6497 1989.77 261.092 1728.68 817.891 196.489 621.402 69.9364 30.0066 20.3896
internal_count=11633 506 313 11127 193 141 6978 962 6016 4149 957 3192 172 81 112
is_linear=0
shrinkage=0.147268


Tree=31
num_leaves=12
num_cat=0
split_feature=28 33 10 12 9 38 9 19 6 8 4
split_gain=15.3682 17.5048 16.8037 18.9132 18.9109 15.5597 12.8976 16.5896 12.5239 12.2328 4.4244
threshold=0.07672856375575067 -0.071409318596124635 10.775465965270998 47.753562927246101 -0.061365978792309754 9.5000000000000018 0.021084296517074112 0.81437778472900402 66.879062652587905 0.21391896903514865 -0.01744148880243301
decision_type=2 2 2 2 2 2 2 2 2 2 2
left_child=1 9 3 -3 -4 6 8 -8 -2 10 -1
right_child=5 2 4 -5 -6 -7 7 -9 -10 -11 -12
leaf_value=0.20412477776681162 0.13472408491270926 0.082143183300193795 0.022488832599717044 -0.039839578605007822 -0.012304378433114705 -0.29543628310044645 -0.089538373308953853 0.034464766690761747 -0.03648279803364185 -0.11467374344244219 0.048655871357218348
leaf_weight=15.709656044840816 44.673312678933144 95.287347607314587 404.33442075178027 38.782926240935922 2090.0875254850835 3.1058889850974074 26.25361804664135 214.95092487335205 11.687520898878573 4.0478734374046317 5.3211925923824319
leaf_count=34 106 269 1370 163 8775 6 138 698 41 17 16
internal_value=0.000809361 -0.00276597 -0.00393446 0.0468547 -0.00666443 0.0323642 0.0357886 0.020966 0.0992159 0.119683 0.16481
internal_weight=2954.24 2653.57 2628.49 134.07 2494.42 300.671 297.565 241.205 56.3608 25.0787 21.0308
internal_count=11633 10644 10577 432 10145 989 983 836 147 67 50
is_linear=0
shrinkage=0.147268


Tree=32
num_leaves=13
num_cat=0
split_feature=20 42 42 43 4 20 26 24 1 19 26 45
split_gain=15.3048 14.6271 24.1887 19.5706 14.8047 10.9251 13.7315 9.20656 6.8325 5.41603 0.942597 0.654091
threshold=0.03177966736257077 0.10961809381842615 0.10572194680571557 -0.035116445273160928 -0.049703126773238175 0.19741082191467288 0.73016425967216503 0.32793131470680242 -0.027071334421634671 0.80673816800117504 0.64060562849044811 0.034054420888423927
decision_type=2 2 2 2 2 2 2 2 2 2 2 2
left_child=7 2 3 -2 -4 6 -3 9 -7 -1 -9 -12
right_child=1 5 4 -5 -6 8 -8 10 -10 -11 11 -13
leaf_value=0.39775156253794014 -0.016832011745803163 -0.075268967482362698 0.064762572212900771 0.011049208308717019 -0.072784232890976186 0.03622301225435208 0.02967764663474419 0.050225898372591497 0.1112357338762527 -0.062631580608118687 -0.16064560979739748 -0.029073846706026547
leaf_weight=1.0980293489992647 816.68677561357617 32.700410217046738 19.224949866533279 1647.3591077942401 144.56134400889277 57.559785217046738 156.12664775177836 0.49426819011569278 48.571444917470217 1.1141097377985714 19.248714851215485 0.86249615997075935
leaf_count=7 3786 240 74 5412 622 325 755 8 189 15 189 11
internal_value=0.000717636 0.0016557 -0.00183457 0.0018081 -0.0566369 0.0327519 0.0115012 -0.11942 0.0705571 0.16591 -0.150079 -0.155021
internal_weight=2945.61 2922.79 2627.83 2464.05 163.786 294.958 188.827 22.8176 106.131 2.21214 20.6055 20.1112
internal_count=11633 11403 9894 9198 696 1509 995 230 514 22 208 200
is_linear=0
shrinkage=0.147268


Tree=33
num_leaves=13
num_cat=0
split_feature=10 10 32 20 37 20 26 21 3 6 10 40
split_gain=12.8399 23.3656 19.0863 14.9397 33.4361 21.0997 13.9138 11.8893 17.0714 12.5337 9.38978 8.72107
threshold=56.153135299682624 48.654499053955085 0.72133001685142528 0.48055000603199011 0.15919641405344012 0.43772229552268987 0.38871699571609503 0.46754747629165655 1.7819886803627016 76.422080993652358 53.344024658203132 0.45910002291202551
decision_type=2 2 2 2 2 2 2 2 2 2 2 2
left_child=1 3 7 5 -5 -1 11 8 -2 -9 -8 -3
right_child=2 6 -4 4 -6 -7 10 9 -10 -11 -12 -13
leaf_value=-0.001587328969347924 -0.16069558292011585 0.018952190407127957 0.23543912210742607 -0.059607694172070624 0.062305679774127397 -0.095106376604736795 0.17218024270949686 -0.31328529636568131 0.17870485933997976 -0.096469859897030913 -0.00454134389122645 -0.30374023357921331
leaf_weight=2512.1951233372092 6.4986466504633409 13.324423681944607 3.8178513050079337 64.197335928678513 203.24805095791817 53.434317640960217 34.125435467809439 8.4711905382573622 6.3552774637937546 18.239044319838285 8.0568716898560506 2.1008690744638434
leaf_count=9984 32 61 3 228 836 270 91 27 11 62 22 6
internal_value=0.000612041 0.00180563 -0.0789102 -8.2329e-05 0.0330404 -0.00353523 0.0946548 -0.109262 0.00709136 -0.165262 0.138421 -0.0250125
internal_weight=2934.06 2890.68 43.382 2833.07 267.445 2565.63 57.6076 39.5642 12.8539 26.7102 42.1823 15.4253
internal_count=11633 11498 135 11318 1064 10254 180 132 43 89 113 67
is_linear=0
shrinkage=0.147268


Tree=34
num_leaves=16
num_cat=0
split_feature=42 43 44 42 43 42 42 42 13 26 16 24 0 14 0
split_gain=15.1917 32.4168 43.0093 32.0797 36.0656 28.764 57.1905 31.0065 16.1063 12.7183 5.85373 3.99852 7.93525 3.85548 0.822952
threshold=-0.034661317244172089 0.40941449999809271 0.45415072143077856 0.015877629630267624 -0.097847349941730485 0.070075735449790968 0.056243853643536575 0.070859510451555266 16.451069831848148 0.90533369779586803 -0.57747444510459889 2.9399703741073613 0.024081025272607807 1.81212854385376 0.0068036923184990892
decision_type=2 2 2 2 2 2 2 2 2 2 2 2 2 2 2
left_child=1 2 10 4 13 6 -5 -7 -6 -4 -1 14 -13 -2 -3
right_child=3 11 9 5 8 7 -8 -9 -10 -11 -12 12 -14 -15 -16
leaf_value=-0.19009164699675193 -0.19784447041345241 0.22338541475597676 -0.15108186525607933 -0.0023991076475384579 0.055034971928350544 0.13154219775089479 -0.091050166015588296 0.0047701711613030908 0.18147753707080425 0.11927929727922564 -0.32793963265208187 -0.29346441317926786 0.20831642649756779 0.037866575880516791 0.13084641833636651
leaf_weight=17.659376986324787 12.840676940977572 5.8919278010725957 5.2147541344165829 606.4152593947947 194.74773107841611 42.852442502975464 213.35127494856715 1773.365085111931 24.611472770571709 13.635355874896048 10.779151029884817 1.2139826044440263 1.5588184148073194 1.7018718272447575 3.2732772007584572
leaf_count=152 118 34 44 1683 743 54 1069 7412 77 91 101 11 10 12 22
internal_value=0.000540653 -0.0732853 -0.12803 0.00206437 0.0543334 -0.00257361 -0.0254718 0.00776157 0.0692243 0.0444625 -0.24237 0.143531 -0.0113226 -0.170239 0.190403
internal_weight=2929.11 59.2266 47.2886 2869.89 233.902 2635.98 819.767 1816.22 219.359 18.8501 28.4385 11.938 2.7728 14.5425 9.16521
internal_count=11633 465 388 11168 950 10218 2752 7466 820 135 253 77 21 130 56
is_linear=0
shrinkage=0.147268


Tree=35
num_leaves=16
num_cat=0
split_feature=28 43 13 29 39 19 30 10 36 40 43 32 28 25 39
split_gain=12.5826 14.6532 18.8409 18.5275 14.5425 13.8643 13.0762 15.9825 23.879 15.9783 23.6528 16.4449 15.4008 4.89509 0.107193
threshold=0.12953761219978335 0.074362710118293776 -9.1755585670471174 0.20266810804605487 1.5000000000000002 0.79156491160392772 -0.10989073663949965 9.8958530426025408 0.09093231707811357 0.36387857794761663 0.0037592370063066487 0.023094715550541881 0.0033585246419534092 1.0000000180025095e-35 1.0000000180025095e-35
decision_type=2 2 2 2 2 2 2 2 2 2 2 2 2 2 2
left_child=6 4 14 -4 13 -6 9 8 -8 11 -11 -1 -9 -2 -3
right_child=1 2 3 -5 5 -7 7 12 -10 10 -12 -13 -14 -15 -16
leaf_value=0.028658803384261303 -0.31158748725459884 0.21161093873812448 0.048607120048640054 -0.2012610837349284 -0.2501312386417725 0.048936280660043963 0.10894909490473424 -0.018538805906733583 -0.13039334603600819 0.01256607506407716 -0.17126253409360723 0.13901208920561434 0.0051529995539422264 0.15464728797931784 0.16917775939532206
leaf_weight=238.95055447891355 0.49267938733100791 3.9671195521950713 11.573210924863817 14.490884996950625 3.6659911200404158 40.254113212227821 52.451334860175848 1247.1727260649204 10.92044200748205 63.258730590343475 19.969896018505096 33.379041276872158 1138.0465666018426 37.323992326855659 2.1521788015961647
leaf_count=1103 1 16 64 77 17 119 172 5452 42 269 93 76 4022 100 10
internal_value=0.000486091 0.0484642 -0.0356998 -0.0903062 0.0816069 0.0239565 -0.00146298 -0.00529527 0.0676975 0.0249276 -0.0315414 0.0421866 -0.00723475 0.148549 0.196794
internal_weight=2918.07 113.92 32.1834 26.0641 81.7368 43.9201 2804.15 2448.59 63.3718 355.558 83.2286 272.33 2385.22 37.8167 6.1193
internal_count=11633 404 167 141 237 136 11229 9688 214 1541 362 1179 9474 101 26
is_linear=0
shrinkage=0.147268


Tree=36
num_leaves=13
num_cat=0
split_feature=20 44 44 12 28 24 4 4 10 19 24 10
split_gain=12.7047 12.0346 12.5673 20.5999 15.7727 7.52783 7.43182 17.3096 9.01431 6.50735 0.594492 0.463662
threshold=0.03177966736257077 -0.75503540039062489 0.61159375309944164 88.365833282470717 0.12953761219978335 0.32793131470680242 0.0028730558697134261 -0.014359539374709128 18.175137519836429 0.7889469861984254 3.0391676425933842 8.7594242095947283
decision_type=2 2 2 2 2 2 2 2 2 2 2 2
left_child=5 6 4 -4 -3 9 7 -2 -8 -1 11 -7
right_child=1 2 3 -5 -6 10 8 -9 -10 -11 -12 -13
leaf_value=0.41362704160631902 0.071529898531766375 -0.0076313675065524667 0.028365823564016179 -0.095261067437823949 0.058486693256257466 0.0026108353916117809 0.20047071117511139 -0.081781100160515596 0.052813505174093854 -0.084866684696965899 -0.027212470253486255 -0.15622915795691764
leaf_weight=1.0182027406990557 46.443483080714941 2199.3461311552674 464.70513793826103 31.191210590302944 81.133589919656515 0.40446451306343689 12.718417569994925 24.34021308273077 30.424381446093321 1.2783155962824819 0.86876038089394469 16.976809311658144
leaf_count=6 199 8576 1959 145 306 3 23 122 73 16 8 197
internal_value=0.000445997 0.00126644 -0.000658446 0.0205889 -0.00527888 -0.114942 0.0481775 0.0188064 0.0963564 0.136193 -0.146571 -0.152517
internal_weight=2910.85 2890.3 2776.38 495.896 2280.48 20.5466 113.926 70.7837 43.1428 2.29652 18.25 17.3813
internal_count=11633 11403 10986 2104 8882 230 417 321 96 22 208 200
is_linear=0
shrinkage=0.147268


Tree=37
num_leaves=15
num_cat=0
split_feature=11 43 4 4 30 14 14 5 10 11 5 43 28 37
split_gain=12.7797 17.5326 16.8194 33.5328 40.8834 26.3161 29.463 20.8823 14.4662 22.5995 22.3061 13.4936 12.1377 6.70771
threshold=86.067249298095717 -0.060349708423018449 -0.001375547028146684 -0.019295264966785904 -0.048721432685852044 -6.0651717185974112 -6.4188785552978507 -0.020740548148751255 26.936758041381839 89.631034851074233 0.031937640160322196 -0.10280781611800192 0.12244011834263803 -0.0059916444588452569
decision_type=2 2 2 2 2 2 2 2 2 2 2 2 2 2
left_child=2 12 3 7 -5 6 -4 -1 10 -10 -3 -7 13 -2
right_child=1 8 5 4 -6 11 -8 -9 9 -11 -12 -13 -14 -15
leaf_value=0.0016271633563259777 5.1406232481595188e-05 -0.0154326718077943 -0.0075732138974073772 -0.099028377579191293 -0.011140747211080573 0.11922065957550126 -0.20063311722645202 0.059711996864928014 -0.17552004259632747 -0.023816641045644616 0.10660693813392946 0.027729570375178141 0.077979472809067987 -0.21395211974291295
leaf_weight=607.44361958652735 3.7788558974862161 160.7269453573972 278.33432606980205 147.17679648846388 521.69135596510023 36.660890091210604 18.267514150589705 172.31758484989405 26.280583137646317 112.32090399228036 40.706005044281483 754.43171961791813 4.7613584101200095 19.837888035923243
leaf_count=3044 13 669 997 609 2720 91 51 586 85 368 104 2209 16 71
internal_value=0.000380772 -0.0252491 0.00410376 -0.00628779 -0.0304801 0.0179438 -0.0194659 0.0144637 -0.0159668 -0.0525857 0.00922875 0.0319701 -0.136454 -0.179701
internal_weight=2904.74 368.413 2536.32 1448.63 668.868 1087.69 296.602 779.761 340.034 138.601 201.433 791.093 28.3781 23.6167
internal_count=11633 1326 10307 6959 3329 3348 1048 3630 1226 453 773 2300 100 84
is_linear=0
shrinkage=0.147268


Tree=38
num_leaves=15
num_cat=0
split_feature=40 44 19 36 37 20 2 20 19 20 36 37 13 21
split_gain=11.9205 18.5444 24.0126 30.5198 16.4705 27.9011 28.8974 13.8694 13.634 13.5397 12.1705 14.0498 11.8626 11.2939
threshold=0.087068006396293654 0.61159375309944164 1.3781729340553286 0.15125565975904467 0.0074165749829262504 0.27686654031276708 0.13056244701147082 4.3795931339263925 1.5058925151824953 0.035415941849350936 0.053436540067195899 0.17851838469505313 10.872101306915285 0.63655146956443798
decision_type=2 2 2 2 2 2 2 2 2 2 2 2 2 2
left_child=1 2 3 -1 5 6 -2 9 -7 -6 13 -12 -4 -3
right_child=4 10 12 -5 7 8 -8 -9 -10 -11 11 -13 -14 -15
leaf_value=-0.021921028988513142 -0.044464147989739314 0.05355900624111503 -0.10710375809160642 0.070867097074108043 -0.096388517637247567 0.14460801972010695 -0.2517317060210994 0.18393613463952255 -0.04623340787552762 0.01219218054683978 -0.036711168561561432 0.091370435979235998 0.024080698822613621 0.22887847674899536
leaf_weight=697.67556411400437 84.869509963318706 74.371017703786492 90.897131625562906 86.398020029067993 25.286668402142823 21.588903658092022 17.616712581366301 10.064239852130411 13.007468335330485 1648.0450169220567 73.173137970268726 24.89072647690773 17.887460939586163 8.9254106413573009
leaf_count=3290 277 439 400 330 219 68 53 16 56 5973 317 103 53 39
internal_value=0.000330993 -0.0119716 -0.0206924 -0.0116961 0.0075906 -0.041496 -0.0800991 0.011588 0.0728491 0.0105511 0.0309603 -0.00419719 -0.0855304 0.0723534
internal_weight=2894.7 1074.22 892.858 784.074 1820.48 137.083 102.486 1683.4 34.5964 1673.33 181.36 98.0639 108.785 83.2964
internal_count=11633 4971 4073 3620 6662 454 330 6208 124 6192 898 420 453 478
is_linear=0
shrinkage=0.147268


Tree=39
num_leaves=16
num_cat=0
split_feature=42 42 23 42 17 41 39 33 42 32 29 29 11 32 23
split_gain=10.9882 17.3778 15.9081 14.5738 14.5728 13.976 18.7831 12.3189 10.1103 9.64973 8.66155 8.36745 7.18424 3.66449 1.00762
threshold=0.10961809381842615 0.10572194680571557 0.11965615302324296 0.074389327317476286 -46.268428802490227 0.98588228225708019 2.5000000000000004 -0.031162684783339497 0.14772173017263415 -0.072338096797466264 -0.025572262704372403 0.028931156732141975 96.163444519042983 -0.0055803786963224402 0.23039139062166217
decision_type=2 2 2 2 2 2 2 2 2 2 2 2 2 2 2
left_child=1 2 11 -4 10 9 -7 12 -9 -3 13 -1 -6 -2 -12
right_child=4 5 3 -5 7 6 -8 8 -10 -11 14 -13 -14 -15 -16
leaf_value=-0.10798625052016626 0.13915249800424478 0.16942305641412658 -0.0093846446699016473 0.013576900411891064 0.092406078323172824 -0.049733249270020027 0.31147423480846553 -0.0002098338094027073 0.2749791840899336 -0.06824836882194471 0.30845071099844029 0.37608078433683018 -0.15044039988125468 -0.07173060453970978 0.20317381220002928
leaf_weight=34.885613908991218 4.1308816969394675 3.7993832901120177 1227.8729007765651 1171.4321319982409 54.158249624073505 7.6607103832066041 5.2665455061942339 212.57552919257432 2.9334190413355818 145.23541928268969 5.1272563338279706 0.78988360054790874 2.774882808327674 3.1449652947485447 3.2719011306762695
leaf_count=461 18 12 4686 4232 236 41 30 1197 22 634 12 10 11 19 12
internal_value=0.000294603 -0.00273254 0.000374302 0.00182594 0.0275806 -0.0494429 0.0974255 0.0196344 0.00353711 -0.0621852 0.165653 -0.0972402 0.08056 0.047965 0.267532
internal_weight=2885.06 2596.94 2434.98 2399.31 288.117 161.962 12.9273 272.442 215.509 149.035 15.675 35.6755 56.9331 7.27585 8.39916
internal_count=11633 10106 9389 8918 1527 717 71 1466 1219 646 61 471 247 37 24
is_linear=0
shrinkage=0.147268


Tree=40
num_leaves=16
num_cat=0
split_feature=42 4 10 8 42 42 9 3 42 19 3 11 10 45 16
split_gain=11.6866 44.0639 41.4146 33.8256 25.0331 24.8098 45.1218 53.4905 38.0061 38.4807 34.7864 16.0646 15.5839 10.8277 8.93844
threshold=0.028311052359640602 -0.0021121364552527662 32.483919143676765 -0.0072024981491267672 -0.032725065946578973 0.074389327317476286 -0.0029134906362742181 0.037333765998482711 0.075859323143959059 0.7029612958431245 0.17897880077362063 10.868199825286867 19.553096771240238 0.032479587942361839 0.52028584480285656
decision_type=2 2 2 2 2 2 2 2 2 2 2 2 2 2 2
left_child=1 12 4 -4 -3 6 10 -8 11 -10 -2 -7 14 -14 -1
right_child=5 2 3 -5 -6 8 7 -9 9 -11 -12 -13 13 -15 -16
leaf_value=-0.1500006606792455 -0.02031528862089654 -0.035772511052890948 0.13134065610506201 -0.094247973941751551 0.10526860951121896 -0.3119144611900222 -0.017532907529022101 -0.12407054227339392 0.081533317820583373 -0.0033464451066449667 0.071691928690607226 0.16480486402032088 -0.044064770361061337 0.098285186596166835 0.00047215487815144936
leaf_weight=39.261064432561398 252.66664959490299 31.873827934265137 19.02949446439743 59.424820955842733 189.71454291418195 1.5924300029873837 278.3902357686311 161.50862750783563 125.72883878089488 1472.1933896429837 137.68249041959643 39.713956203311682 42.626161836087704 15.913236744701861 10.944537438452242
leaf_count=363 1055 249 88 230 511 4 1277 440 571 6116 233 99 248 73 76
internal_value=0.000250537 0.0233149 0.0524235 -0.0395247 0.0849795 -0.00356735 -0.0243086 -0.0566492 0.00693765 0.00333204 0.0121366 0.146405 -0.0569965 -0.00536173 -0.117194
internal_weight=2878.26 408.788 300.043 78.4543 221.588 2469.48 830.248 439.899 1639.23 1597.92 390.349 41.3064 108.745 58.5394 50.2056
internal_count=11633 1838 1078 318 760 9795 3005 1717 6790 6687 1288 103 760 321 439
is_linear=0
shrinkage=0.147268


Tree=41
num_leaves=16
num_cat=0
split_feature=16 2 27 19 14 42 2 3 2 26 26 22 2 15 36
split_gain=11.4561 17.7891 11.635 12.8782 31.3933 18.6312 10.4828 7.86753 10.4675 8.15013 7.65627 6.04949 4.64235 2.90528 1.17409
threshold=-5.7883553504943839 0.10560837015509607 -0.13269629329442975 1.2495422363281252 -1.7130485177040098 0.048648990690708167 0.18381880223751071 -0.26472198963165278 -0.32505236566066736 0.44372323155403143 0.95601251721382152 0.18323106318712237 -0.091575611382722841 -0.063129238784313188 0.049971058964729316
decision_type=2 2 2 2 2 2 2 2 2 2 2 2 2 2 2
left_child=1 11 7 5 -5 -4 14 8 -2 -9 -8 13 -13 -1 -3
right_child=2 6 3 4 -6 -7 10 9 -10 -11 -12 12 -14 -15 -16
leaf_value=0.067746522223276123 0.08816506203637417 -0.25505203050979119 0.03457016781553815 -0.056631595113441908 0.011702617606891036 -0.00082654648778516518 -0.2700210532408796 -0.23335487266539234 -0.33550130083794433 0.16086882902054409 0.065566989244657911 -0.075071614287144317 0.15724287525237854 -0.19583360238945041 -0.36331186885326389
leaf_weight=1.299172982573509 3.6720986366271973 4.774687893688677 391.57022080756724 265.31288226135075 323.68572489544749 1828.2464889539406 2.3220933079719535 1.203391939401629 1.9263688102364565 20.067427724599838 4.0292251855134964 2.546622782945632 6.9490299820899954 2.985283229500058 4.0877624824643135
leaf_count=6 22 12 1656 1043 1060 7647 10 4 9 54 20 14 42 24 10
internal_value=0.000261513 -0.0918363 0.00120334 0.000280577 -0.019078 0.00541724 -0.201612 0.0976483 -0.0576304 0.138533 -0.0571281 0.0293515 0.0949061 -0.115848 -0.305089
internal_weight=2864.68 28.9939 2835.68 2808.82 588.999 2219.82 15.2138 26.8693 5.59847 21.2708 6.35132 13.7801 9.49565 4.28446 8.86245
internal_count=11633 138 11495 11406 2103 9303 52 89 31 58 30 86 56 30 22
is_linear=0
shrinkage=0.147268


Tree=42
num_leaves=16
num_cat=0
split_feature=39 13 27 41 41 3 19 42 26 27 42 42 42 15 27
split_gain=10.3192 26.7233 27.6257 27.3054 21.0726 20.6559 19.8125 18.5116 17.1781 20.3924 17.122 33.4067 29.6771 14.3601 12.4067
threshold=2.5000000000000004 -5.7999088764190665 -0.049396133050322526 0.77532160282135021 0.15821565687656405 -0.21254447847604749 1.4160400032997134 0.0953664965927601 0.97347021102905285 -0.006070386851206421 0.074389327317476286 0.087010256946086897 0.048648990690708167 0.29246483743190771 -0.012004079297184942
decision_type=2 2 2 2 2 2 2 2 2 2 2 2 2 2 2
left_child=8 2 5 -4 7 -2 -6 -3 9 14 12 -12 -10 -11 -1
right_child=1 4 3 -5 6 -7 -8 -9 10 13 11 -13 -14 -15 -16
leaf_value=0.0035050801465817227 -0.091714594952854639 0.097362944758649747 -0.092751807950022913 0.1081082475254618 0.00086578034848622189 0.098794020653808365 -0.076304537448580845 -0.027006902604347391 0.03211052613340605 -0.037246110904884791 0.10033401632720378 0.016599969705446402 -0.046511348004354906 0.065441525941370662 0.073645403588551192
leaf_weight=240.88901038095355 18.036059018224478 83.498491995036602 189.0916380668059 15.910737093538044 664.04836218990386 39.090258002281189 80.945684641599655 37.657070407643914 239.10241563618183 407.89612340927124 136.92515426874161 421.26268012076616 184.44333346188068 31.836790166795254 70.761640915647149
leaf_count=921 77 304 909 69 2687 123 274 192 948 1879 409 1658 759 119 305
internal_value=0.000237041 -0.0107238 -0.0519224 -0.0771603 0.00174422 0.0386401 -0.00751879 0.0587047 0.00737282 -0.00938589 0.0201996 0.037141 -0.00212667 -0.0298106 0.019432
internal_weight=2861.4 1128.28 262.129 205.002 866.15 57.1263 744.994 121.156 1733.12 751.384 981.734 558.188 423.546 439.733 311.651
internal_count=11633 4635 1178 978 3457 200 2961 496 6998 3224 3774 2067 1707 1998 1226
is_linear=0
shrinkage=0.147268


Tree=43
num_leaves=11
num_cat=0
split_feature=23 41 21 43 36 12 30 19 36 22
split_gain=13.1347 16.1037 10.4736 16.5791 19.1833 15.4023 15.8917 14.6689 13.9223 1.25251
threshold=34.597558975219734 0.82398694753646862 0.15494201332330707 -0.027210704050958153 0.075212907046079649 15.582077026367189 -0.15394498407840726 1.2495422363281252 -0.013071307446807621 1.1102306842803957
decision_type=2 2 2 2 2 2 2 2 2 2
left_child=2 9 3 8 -5 6 -4 -7 -1 -2
right_child=1 -3 5 4 -6 7 -8 -9 -10 -11
leaf_value=-0.060164920008316608 0.1323946963394122 -0.10529178510135605 0.041291564599274404 0.065350186076327033 -0.22396883826446068 0.0072220413611921034 -0.049980032095401299 -0.021286948596095555 0.016190347829474778 0.21767566698763541
leaf_weight=67.538750194013119 5.8562347739934983 5.4401691481471053 49.265514925122261 162.97562207095325 5.1243651323020449 1541.499575744383 258.1105754012242 524.6468360722065 222.08665510360152 10.490589290857313
leaf_count=352 15 12 275 727 15 5865 1345 1787 1223 17
internal_value=0.000217179 0.11412 -0.000659306 0.0197373 0.0565263 -0.00459285 -0.0353501 -1.69879e-05 -0.00161451 0.187161
internal_weight=2853.03 21.787 2831.25 457.725 168.1 2373.52 307.376 2066.15 289.625 16.3468
internal_count=11633 44 11589 2317 742 9272 1620 7652 1575 32
is_linear=0
shrinkage=0.147268


Tree=44
num_leaves=15
num_cat=0
split_feature=20 6 16 4 6 25 17 4 40 45 17 36 16 12
split_gain=10.0553 20.3426 15.7562 10.6207 15.2849 10.5816 10.232 14.748 13.0465 9.94962 9.69205 23.4306 12.6623 7.93305
threshold=0.61719226837158214 66.879062652587905 -0.43753629922866816 0.093812845647335066 60.350944519042976 3.1400424242019658 -64.195758819580064 0.0091354274190962332 0.24552235007286075 0.0077407900243997583 -28.215775489807125 0.12736308574676516 4.6089890003204355 10.121481418609621
decision_type=2 2 2 2 2 2 2 2 2 2 2 2 2 2
left_child=6 3 -3 4 -2 -4 7 8 -1 -9 11 -8 -12 -5
right_child=1 2 5 13 -6 -7 10 9 -10 -11 12 -13 -14 -15
leaf_value=-0.08928232530009185 0.053241519640269443 -0.25416756701121529 0.010784694522265851 -0.19367034262551189 -0.31434423066948969 -0.1987252835986171 0.035752600575789245 -0.28231595456484626 0.10481228840927313 0.047818360825686163 -0.0075738337712486451 -0.078457132261439702 0.037735389607458251 0.14513619075280246
leaf_weight=21.452387006953359 57.535498291254044 5.5866654366254798 98.495812729001045 1.5518714785575856 2.5604926198720923 5.5193265341222277 311.71265880111605 9.3776319362223131 11.553702348843215 2.5071856454014769 2092.2630013534799 44.51889568567276 142.90213246457279 42.037466611713171
leaf_count=110 333 17 299 4 5 21 1212 35 38 18 8786 160 509 86
internal_value=0.000199243 0.0309552 -0.0132789 0.0777154 0.0375652 -0.000333333 -0.00228896 -0.071995 -0.0213291 -0.212651 -0.00108127 0.0214784 -0.00467689 0.133059
internal_weight=2849.57 213.287 109.602 103.685 60.096 104.015 2636.29 44.8909 33.0061 11.8848 2591.4 356.232 2235.17 43.5893
internal_count=11633 765 337 428 338 320 10868 201 148 53 10667 1372 9295 90
is_linear=0
shrinkage=0.147268


Tree=45
num_leaves=16
num_cat=0
split_feature=5 5 19 13 14 3 5 38 8 2 11 19 31 9 31
split_gain=11.2721 27.4927 21.1938 27.7729 38.8382 23.0322 25.9035 19.461 19.4227 19.044 32.4545 18.2584 17.2321 13.6794 12.4068
threshold=-0.0012712980387732384 -0.01208933489397168 0.96622571349143993 -1.4665358662605283 8.5158305168151873 0.43763637542724615 0.017499445937573913 8.5000000000000018 -1.0518451929092405 -0.01445552473887801 89.631034851074233 0.95294553041458141 -0.023956999182701107 -0.056951655074954026 -0.10614949464797972
decision_type=2 2 2 2 2 2 2 2 2 2 2 2 2 2 2
left_child=1 9 5 7 -5 8 -7 -4 -2 12 -11 13 -1 -3 -13
right_child=2 11 3 4 -6 6 -8 -9 -10 10 -12 14 -14 -15 -16
leaf_value=0.003244824214702781 -0.26028163213301564 0.20410091062792576 0.031220470162826312 -0.043791494790271078 0.061594895630143295 0.16650897377869051 -0.025525277939597253 -0.11114065183186086 0.079962591989609713 0.089573749583743797 -0.055527017077363641 0.088195546092052407 -0.041909387683848345 -0.017670045858806476 -0.093364538094220753
leaf_weight=851.71837009303272 3.7047703824937335 6.4288402348756781 453.16402801126242 419.85514510050416 92.557828813791275 17.256852470338345 129.8509753011167 21.826116614043713 197.31716025341302 115.50612334907055 47.044137086719275 8.6314676254987699 233.55883669108152 97.297123666852713 149.37388830538839
leaf_count=4358 14 15 1407 1238 270 25 355 55 581 451 247 49 1252 534 782
internal_value=0.000185276 -0.00853359 0.0100405 -0.000974887 -0.0247547 0.041284 -0.00299433 0.0246778 0.0736881 0.000568323 0.0475778 -0.0519286 -0.00647246 -0.00391847 -0.0834435
internal_weight=2845.09 1509.56 1335.53 987.403 512.413 348.13 147.108 474.99 201.022 1247.83 162.55 261.731 1085.28 103.726 158.005
internal_count=11633 7688 3945 2970 1508 975 380 1462 595 6308 698 1380 5610 549 831
is_linear=0
shrinkage=0.147268


Tree=46
num_leaves=16
num_cat=0
split_feature=42 15 44 10 19 15 18 7 16 13 42 43 4 43 8
split_gain=9.43152 11.6399 12.9866 10.5389 20.0348 18.0306 16.18 11.9142 27.6518 20.5488 9.53166 15.9418 9.86004 9.44716 1.4377
threshold=0.10961809381842615 0.19129230082035067 0.54997712373733532 10.922067165374758 0.79533314704895031 0.042423576116561897 0.69638878107070934 3.4966492652893071 4.4348790645599374 3.6952893733978276 0.1183823272585869 -0.061225574463605874 -0.00053943402599543322 -1.0000000180025095e-35 0.21391896903514865
decision_type=2 2 2 2 2 2 2 2 2 2 2 2 2 2 2
left_child=3 10 13 4 6 -6 -1 9 -9 -5 12 -12 -2 -3 -4
right_child=1 2 14 7 5 -7 -8 8 -10 -11 11 -13 -14 -15 -16
leaf_value=-0.10873479081281975 0.029272127555867077 -0.24974398482463567 -0.013970661007914517 -0.0078615720922036985 0.10436877588114786 -0.032022657009978063 0.17757176234380451 -0.038317288469876809 0.0760556048560522 0.028778184048027563 0.18221528827650499 -0.019585179392985999 0.10563479997904496 0.059392865498699106 0.15907026908072905
leaf_weight=27.56242423132062 107.6202419931069 9.0724590681493282 1.4836861863732327 1513.0268912343308 77.950108162127435 28.777791246771812 5.0654704794287673 421.80771199241281 51.432380462065339 425.277752103284 9.3174222409725171 95.393138654530048 55.639200381934643 2.8045107759535322 3.4654028490185738
leaf_count=105 459 54 12 6249 230 86 15 1638 143 1640 27 735 194 26 20
internal_value=0.000176084 0.0255945 -0.0932083 -0.00266167 0.0367149 0.06759 -0.0642689 -0.00493727 -0.0258862 0.000177324 0.033056 -0.00162259 0.0552994 -0.176726 0.107152
internal_weight=2835.7 284.796 16.8261 2550.9 139.356 106.728 32.6279 2411.54 473.24 1938.3 267.97 104.711 163.259 11.877 4.94909
internal_count=11633 1527 112 10106 436 316 120 9670 1781 7889 1415 762 653 80 32
is_linear=0
shrinkage=0.147268


Tree=47
num_leaves=16
num_cat=0
split_feature=33 33 10 20 27 33 8 1 42 4 42 42 40 42 22
split_gain=10.1635 18.0173 18.4932 18.8866 16.2032 16.0544 19.662 18.5401 18.0237 36.5024 21.9802 14.8754 11.3484 11.0404 10.8586
threshold=0.022801498882472519 0.032956629991531379 28.543154716491703 0.49995864927768713 -0.049396133050322526 -0.0048954610247164956 0.058204367756843574 0.027705498039722446 0.055203137919306762 -0.020218127407133576 0.066364314407110228 0.034618051722645767 0.029631255194544796 -0.0047954218316590405 0.94880327582359325
decision_type=2 2 2 2 2 2 2 2 2 2 2 2 2 2 2
left_child=5 2 13 -4 12 8 7 -7 9 -1 -10 -6 -3 -2 -8
right_child=1 4 3 -5 11 6 14 -9 10 -11 -12 -13 -14 -15 -16
leaf_value=-0.029738006119046773 -0.087016626118264023 -0.042418219081332788 -0.26929356325763854 0.061224487149252986 0.049257399897658941 -0.019703812105230797 -0.077682434933449243 0.070708147548608283 -0.079167544947112478 0.078600222697929198 0.00052958106420141729 -0.010982499702997309 0.12134953907249717 0.13876161586045951 0.018671488026734986
leaf_weight=110.31141358986497 5.1258226819336405 11.786300674080847 5.8264424130320576 10.508543964475392 109.11114193871617 335.50013528484851 169.30099831148982 57.638697348535061 80.269696738570929 173.56944019533694 1154.1576826786622 479.98838686197996 41.397202506661415 55.819161865860224 29.830196805298328
leaf_count=669 43 52 19 39 310 1665 692 160 461 532 5365 1242 104 124 156
internal_value=0.000172731 0.0152872 0.0824679 -0.0566673 0.00720332 -0.00498015 -0.025545 -0.00644736 0.00304172 0.0365009 -0.00465268 0.000174588 0.0850504 0.119765 -0.063247
internal_weight=2830.14 719.563 77.28 16.335 642.283 2110.58 592.27 393.139 1518.31 283.881 1234.43 589.1 53.1835 60.945 199.131
internal_count=11633 1933 225 58 1708 9700 2673 1825 7027 1201 5826 1552 156 167 848
is_linear=0
shrinkage=0.147268


Tree=48
num_leaves=16
num_cat=0
split_feature=44 16 36 30 16 19 23 14 16 23 33 33 7 6 44
split_gain=8.91648 8.70678 13.2935 15.2776 10.4159 12.5985 10.7783 9.52779 6.66877 9.3237 5.73472 11.9311 7.24548 3.13456 1.58676
threshold=-0.75503540039062489 -3.1850489377975459 0.25055733323097235 -0.13500798493623731 -1.4416969418525694 1.2144962549209597 0.26983100175857549 12.09686326980591 -2.6789785623550411 0.48609109222888952 -0.0025859974557533856 -0.0096072657033801061 -1.0000000180025095e-35 49.373987197875984 -0.89051029086112965
decision_type=2 2 2 2 2 2 2 2 2 2 2 2 2 2 2
left_child=8 2 7 -4 5 -3 -6 -2 9 13 11 -10 -12 -1 -11
right_child=1 4 3 -5 6 -7 -8 -9 10 14 12 -13 -14 -15 -16
leaf_value=-0.078176078299209931 0.035399287238895072 -0.012131927400361153 0.16235109967389796 -0.18427025578306697 -0.019319889572859881 -0.071540739726318983 0.0071957926556345947 -0.12486590452275086 0.068289060485398387 -0.34545976158520902 0.16978873314312559 -0.072685636847605345 0.038607844594913558 0.1300456067198103 -0.15666917613992648
leaf_weight=2.7999360337853414 262.52257994748652 475.6055459305644 3.5383229479193714 12.468174133449791 434.08735215291381 92.471139773726463 1420.2992846257985 8.2967788577079755 43.279279172420502 1.9417135417461397 17.005106851458549 18.618720958009362 19.737939586862922 3.5561698600649834 1.9466075003147123
leaf_count=12 1100 1987 15 47 2447 419 5141 55 174 7 49 89 69 9 13
internal_value=0.000177356 -0.00148321 0.0227787 -0.107619 -0.00435601 -0.0218032 0.000988655 0.0304875 0.0414974 -0.0715728 0.0532445 0.0258787 0.0993336 0.038281 -0.251148
internal_weight=2818.17 2709.29 286.826 16.0065 2422.46 568.077 1854.39 270.819 108.885 10.2444 98.641 61.898 36.743 6.35611 3.88832
internal_count=11633 11211 1217 62 9994 2406 7588 1155 422 41 381 263 118 21 20
is_linear=0
shrinkage=0.147268


Tree=49
num_leaves=13
num_cat=0
split_feature=33 30 26 8 5 5 12 40 17 13 16 24
split_gain=8.35371 22.41 10.0629 9.11971 8.50951 18.2004 20.4312 15.7305 23.3987 17.6956 13.5584 0.573486
threshold=-0.071409318596124635 0.0353017095476389 1.1563837528228762 0.20762839913368228 -0.0012712980387732384 -0.01208933489397168 60.952783584594734 0.48758974671363836 29.983526229858402 10.162909984588625 -0.027924564667046067 1.9513164758682253
decision_type=2 2 2 2 2 2 2 2 2 2 2 2
left_child=1 3 -3 11 5 6 -2 8 -6 -9 -7 -1
right_child=4 2 -4 -5 7 10 -8 9 -10 -11 -12 -13
leaf_value=0.20564593917868665 -0.010044020878839124 -0.00094109388015142304 -0.32415767453658606 -0.053235408518191391 -0.0079650488895994936 -0.013599323141511707 0.039091448031377735 0.06327270860213155 0.051276196212458026 -0.065953003749298994 -0.08171525389322451 0.14058703738603484
leaf_weight=15.499750293791303 981.67668720334768 5.4860834181308729 3.373591423034668 3.9207811951637259 945.25632776785642 141.73835518956184 225.73782842792571 172.42157298699021 170.70914388820529 26.512240409851074 114.64978785999119 3.6904373764991751
leaf_count=32 5192 17 12 17 2997 796 1024 441 437 70 584 14
internal_value=0.000160512 0.0750076 -0.124093 0.15135 -0.0007006 -0.00842473 -0.000857384 0.00789802 0.0010969 0.0460487 -0.0440604 0.193165
internal_weight=2810.67 31.9706 8.85967 23.111 2778.7 1463.8 1207.41 1314.9 1115.97 198.934 256.388 19.1902
internal_count=11633 92 29 63 11541 7596 6216 3945 3434 511 1380 46
is_linear=0
shrinkage=0.147268


Tree=50
num_leaves=10
num_cat=0
split_feature=42 10 36 19 10 19 43 42 10
split_gain=8.67535 8.78779 22.9526 23.294 17.6741 17.2731 44.224 25.3212 3.08998
threshold=0.14772173017263415 15.568737506866457 0.14328282326459887 0.74744722247123729 10.447057723999025 0.77686101198196422 -0.066191330552101121 0.035195803269743926 31.32169342041016
decision_type=2 2 2 2 2 2 2 2 2
left_child=1 2 3 -1 -4 6 -3 -7 -2
right_child=8 5 4 -5 -6 7 -8 -9 -10
leaf_value=-0.076074600832598038 0.11151870219748994 0.11542576251117444 -0.12479464139929142 0.014282243701153901 0.1043815329453277 0.022557965615088254 -0.0047083024873695442 -0.020424322915909156 0.414003701175363
leaf_weight=69.845448406413198 1.580091163516044 87.669755095615983 8.0139650329947454 542.33204152621329 81.423353508114815 380.81606137938797 274.62672659382224 1354.4996278127655 1.3721037507057188
leaf_count=400 13 446 38 1801 243 1525 1683 5473 11
internal_value=0.00015307 -0.000113026 0.0141542 0.00397244 0.0838409 -0.0048853 0.0243618 -0.0109917 0.252387
internal_weight=2802.18 2799.23 701.615 612.177 89.4373 2097.61 362.296 1735.32 2.95219
internal_count=11633 11609 2482 2201 281 9127 2129 6998 24
is_linear=0
shrinkage=0.147268


Tree=51
num_leaves=16
num_cat=0
split_feature=42 15 3 23 29 7 5 33 3 23 42 23 12 42 44
split_gain=8.90261 10.6038 12.2679 9.62674 10.1236 11.1893 9.81948 18.7672 12.9439 9.73564 8.95414 11.5353 9.14422 4.03268 3.70224
threshold=0.11050898209214212 0.19129230082035067 0.033644337207078941 0.11965615302324296 0.019579051062464718 4.6788935661315927 -0.02861946169286966 -0.013874235562980173 -0.27680726349353785 0.087745636701583876 0.1183823272585869 0.60019522905349743 7.7775850296020517 0.12141419202089311 0.5346738100051881
decision_type=2 2 2 2 2 2 2 2 2 2 2 2 2 2 2
left_child=3 10 13 4 9 -6 8 -8 -5 -1 12 -12 -2 -3 -4
right_child=1 2 14 6 5 -7 7 -9 -10 -11 11 -13 -14 -15 -16
leaf_value=0.10518185712420543 -0.023605551503876269 -0.31480060344021643 -0.044376707041890479 0.0010543076170395147 0.49848548692343442 -0.16454252285505902 0.046504127362045927 -0.00096975365524089242 -0.037678636084322772 -0.13554657094473224 -0.030662272767181017 0.07879532135461105 0.073589290954643033 -0.073340931972295104 0.15427947034153108
leaf_weight=4.2111155400052693 25.400374541990459 4.719654310494664 6.1082988195121271 440.9884873740375 1.3100585117936128 0.95077540166676033 204.81579048931599 1527.013524685055 325.0215884167701 26.915200625546277 74.33976680599153 29.035003025084734 120.85185676068068 2.2057975903153419 3.0476155020296574
leaf_count=74 132 27 44 1751 18 15 676 5371 1839 413 619 143 475 16 20
internal_value=0.000145517 0.0257897 -0.0901085 -0.00254631 -0.0810993 0.219629 -0.00149616 0.00464465 -0.0153799 -0.102964 0.0332578 7.93903e-05 0.0567069 -0.237979 0.0217356
internal_weight=2796.93 265.708 16.0814 2531.23 33.3872 2.26083 2497.84 1731.83 766.01 31.1263 249.627 103.375 146.252 6.92545 9.15591
internal_count=11633 1476 107 10157 520 33 9637 6047 3590 487 1369 762 607 43 64
is_linear=0
shrinkage=0.147268


Tree=52
num_leaves=16
num_cat=0
split_feature=21 31 20 19 15 5 44 21 19 37 5 16 3 20 26
split_gain=8.19097 11.0613 18.7886 18.2744 15.9177 11.873 10.5384 10.2056 9.3946 10.42 14.2316 11.859 6.52415 3.97403 1.82621
threshold=0.15494201332330707 -0.12232837826013564 0.28326465189456945 0.80673816800117504 0.15949603170156482 -0.12891374528408048 -0.73704785108566273 0.48729337751865393 0.44760699570178991 0.22170367836952212 -0.081660997122526155 -3.9837894439697261 -0.43855009973049158 0.40709580481052404 1.1951252222061159
decision_type=2 2 2 2 2 2 2 2 2 2 2 2 2 2 2
left_child=8 2 3 -2 -4 7 -7 -3 12 10 -10 -11 13 -1 -14
right_child=1 5 4 -5 -6 6 -8 -9 9 11 -12 -13 14 -15 -16
leaf_value=0.12453337229564673 -0.16264093463491855 0.14579208921127793 -0.038774693323543497 -0.020583613831545462 0.049085016067839417 0.048659052464984469 -0.0036788071070633687 0.0092215062791867961 0.10394029073176758 0.17431487894802364 -0.0096968427120722074 0.037345070606280444 -0.25087944165474663 -0.16336580467974368 -0.085768040634368645
leaf_weight=2.9797985628247261 39.513296328485012 22.240619234740734 122.04641919955611 39.05766162648797 70.583001360297203 87.197247507050633 1933.5766526507214 25.450415581464767 26.736761592328548 14.914506681263445 225.26561547722667 169.66382716968656 4.9217890501022321 1.594279997050762 2.0734773203730583
leaf_count=17 225 80 551 146 358 304 7547 105 113 50 1306 764 42 11 14
internal_value=0.000120863 -0.00337268 -0.0313375 -0.0920301 -0.00657961 0.000293726 -0.00142022 0.0729203 0.0183603 0.021832 0.00235934 0.048416 -0.112607 0.0240973 -0.202018
internal_weight=2787.82 2339.67 271.2 78.571 192.629 2068.46 2020.77 47.691 448.15 436.581 252.002 184.578 11.5693 4.57408 6.99527
internal_count=11633 9316 1280 371 909 8036 7851 185 2317 2233 1419 814 84 28 56
is_linear=0
shrinkage=0.147268


Tree=53
num_leaves=15
num_cat=0
split_feature=42 42 22 27 42 42 42 27 12 12 12 22 13 36
split_gain=8.23588 27.8339 21.156 21.4686 17.4792 14.9572 28.8148 27.6678 14.2071 14.6979 13.8023 10.2993 5.88707 1.69516
threshold=-0.0095814047381281835 0.015877629630267624 0.1695414334535599 -0.0064739889930933705 -0.011862840037792919 0.070075735449790968 0.070859510451555266 -0.011327539104968308 10.756593704223635 71.365196228027358 85.408409118652358 1.2805348038673403 -4.0516333580017081 0.1058412864804268
decision_type=2 2 2 2 2 2 2 2 2 2 2 2 2 2
left_child=4 2 3 -2 8 7 -7 -3 11 -10 -4 -1 -6 -14
right_child=1 5 10 -5 12 6 -8 -9 9 -11 -12 -13 13 -15
leaf_value=-0.15085469767705775 0.19606051930124704 0.018946874978021243 0.1219923321318583 -0.1331130887172631 0.039015298139720815 0.12828201330692623 0.0030043643523710792 -0.039099545791647178 0.039930510850440755 -0.094847880676420041 0.0028272520648130318 0.10903023829457338 -0.23299186446650175 -0.38228979807343721
leaf_weight=23.854446128010753 5.5611270591616657 275.2667437735945 86.093798357993364 18.874656822532415 1.301028750836849 40.774061612784863 1696.1377112763003 504.43718784209341 68.601839479058981 23.577266670763493 27.921413633972406 3.836717650294303 3.5493911281228057 3.1338393092155457
leaf_count=227 7 959 263 42 10 54 7412 1793 514 206 54 26 35 31
internal_value=0.000117336 0.00187551 0.0661614 -0.0581778 -0.0363906 -0.0016611 0.00594557 -0.0186065 -0.0223329 0.00545294 0.0928128 -0.114831 -0.24735 -0.303135
internal_weight=2782.92 2655.07 138.451 24.4358 127.855 2516.62 1736.91 779.704 119.87 92.1791 114.015 27.6912 7.98426 6.68323
internal_count=11633 10584 366 49 1049 10218 7466 2752 973 720 317 253 76 66
is_linear=0
shrinkage=0.147268


Tree=54
num_leaves=14
num_cat=0
split_feature=11 4 30 26 20 17 42 25 42 37 11 9 17
split_gain=8.26285 13.8748 23.0695 17.4734 16.0447 9.08226 18.5536 15.035 12.7191 10.5676 4.5142 2.75493 2.26517
threshold=95.29010391235353 0.52402260899543773 1.7799971699714663 0.054177289828658111 0.67406722903251659 29.983526229858402 0.095584634691476836 1.1314244270324709 0.026744497008621696 -0.035463735461235039 98.024677276611342 0.027352474629879001 1.3435699939727785
decision_type=2 2 2 2 2 2 2 2 2 2 2 2 2
left_child=1 2 4 -4 -1 6 7 -2 11 -10 -8 -7 -3
right_child=5 12 3 -5 -6 8 10 -9 9 -11 -12 -13 -14
leaf_value=0.00013625989388384258 -0.041520074823382047 0.21015280337180259 0.028327028211217034 -0.2348454534441034 0.055479683303713459 0.21809892696279493 0.12864375044937912 -0.19308042257359417 0.17380233979522197 -0.044148118501863488 -0.0094243727580076344 0.081855439848320319 0.084437138772341463
leaf_weight=2457.1920491056517 30.624693639576435 7.1899215653538686 8.4335675388574618 15.565555069595574 119.11598817259073 4.5790117532014838 9.0518604405224341 26.470706947147846 5.2491599544882765 59.378086738288403 11.859388615936039 10.883654274046419 5.4995553717017174
leaf_count=10420 133 14 16 54 472 4 45 93 18 235 79 42 8
internal_value=0.000127921 0.00210609 0.00135627 -0.142357 0.00269522 -0.0325648 -0.06833 -0.111796 0.00226729 -0.0264365 0.0503342 0.122243 0.155713
internal_weight=2771.09 2613 2600.31 23.9991 2576.31 158.097 78.0066 57.0954 80.0899 64.6272 20.9112 15.4627 12.6895
internal_count=11633 10984 10962 70 10892 649 350 226 299 253 124 46 22
is_linear=0
shrinkage=0.147268


Tree=55
num_leaves=15
num_cat=0
split_feature=43 43 43 45 4 10 16 28 24 45 32 13 10 21
split_gain=7.58623 38.2666 22.3409 19.2906 22.232 18.0119 13.6083 15.7499 11.8046 10.9319 10.4544 9.1711 8.39915 5.02736
threshold=0.091252729296684279 0.079816915094852461 0.096714716404676451 -0.096709895879030214 0.0019821220776066188 29.251406669616703 3.1195845603942876 0.050406418740749366 2.6048679351806645 0.10496141761541368 -0.00054992228979244817 -1.5778790712356565 20.949907302856449 0.59218654036521923
decision_type=2 2 2 2 2 2 2 2 2 2 2 2 2 2
left_child=1 8 5 13 -5 10 12 -8 9 -1 -2 -10 -3 -4
right_child=2 6 3 4 -6 -7 7 -9 11 -11 -12 -13 -14 -15
leaf_value=-0.005497450242031761 -0.050442953275945092 0.085678785612136488 0.13594562922828912 -0.087030090816394484 0.0044320534566427159 0.16343517446633066 -0.11498049139272062 0.14598387862868051 0.098854404820466396 0.032208883405028157 -0.25157716056371277 0.012892849454224775 0.21080328571440118 -0.14100189298693755
leaf_weight=2047.2506831614301 8.281592316925531 20.805882938206196 22.411386672407392 77.4526357203722 225.26710314117372 3.6368974596261969 10.38864763453603 9.6938546597957593 44.030777771025896 181.54162232205272 17.369354426860809 69.274456137791276 26.4362708106637 1.5152329578995694
leaf_count=8778 60 43 139 414 940 6 41 14 165 568 33 319 101 12
internal_value=0.000113271 0.00307803 -0.0199552 -0.00890598 -0.0189686 -0.143168 0.112542 0.0109752 -6.85251e-05 -0.00242601 -0.18666 0.0463015 0.155709 0.118385
internal_weight=2765.36 2409.42 355.934 326.646 302.72 29.2878 67.3247 20.0825 2342.1 2228.79 25.6509 113.305 47.2422 23.9266
internal_count=11633 10029 1604 1505 1354 99 199 55 9830 9346 93 484 144 151
is_linear=0
shrinkage=0.147268


Tree=56
num_leaves=16
num_cat=0
split_feature=14 30 30 32 39 11 18 28 23 5 14 31 45 6 14
split_gain=7.11444 15.995 23.0763 18.2002 14.5237 13.5178 12.9859 11.924 16.4055 16.3276 11.7495 17.2167 12.4074 11.1047 6.56654
threshold=-8.4648108482360822 0.018102943897247318 0.22608885914087298 -0.0047758405562490216 2.5000000000000004 14.676816940307619 -1.3044266104698179 -0.037349821999669068 1.1613010168075564 -0.010229382663965223 -2.057112336158752 -0.10454082116484641 -0.067037612199783311 46.980438232421882 -12.735377311706541
decision_type=2 2 2 2 2 2 2 2 2 2 2 2 2 2 2
left_child=1 4 3 -3 5 -1 -6 8 9 -2 11 -9 -12 -10 -4
right_child=7 2 14 -5 6 -7 -8 10 13 -11 12 -13 -14 -15 -16
leaf_value=-0.006700818166651858 0.018832687807176739 0.12259919245293111 0.15209190818015542 -0.13145128635545247 0.12877510238822099 0.08580522655556147 -0.077695860882129528 -0.13612048063831661 -0.088264870692994962 0.094412323285675837 -0.042358880818435765 -0.015347052712089164 0.007713065786825399 0.028640144481332452 -0.026052756529849751
leaf_weight=94.323748346418142 185.97449883818626 6.719955399632453 10.493421338498594 67.74735327064991 7.4096689540892831 53.793974814936519 60.759584832936525 27.29812229052186 38.832997284829617 92.995543710887432 115.33171254396439 411.07949576992542 1545.7063336111605 32.254618387669325 7.8344054333865634
leaf_count=402 865 20 26 290 27 198 344 157 216 274 558 1839 6293 97 27
internal_value=0.000115273 -0.0209387 -0.0720846 -0.108519 0.00100396 0.0268947 -0.0552462 0.00277206 0.027935 0.0440289 -0.00142351 -0.0228689 0.00423618 -0.0352182 0.0759322
internal_weight=2758.56 309.082 92.7951 74.4673 216.287 148.118 68.1693 2449.47 350.058 278.97 2099.42 438.378 1661.04 71.0876 18.3278
internal_count=11633 1334 363 310 971 600 371 10299 1452 1139 8847 1996 6851 313 53
is_linear=0
shrinkage=0.147268


Tree=57
num_leaves=16
num_cat=0
split_feature=44 44 14 44 17 17 45 13 39 13 17 7 9 22 7
split_gain=6.9768 10.1488 16.381 15.8526 16.5875 15.1408 14.6882 11.7137 9.78332 17.3633 11.541 22.5597 10.0063 8.9937 2.51647
threshold=0.75584653019905101 0.25430014729499822 12.744399070739748 0.041577160358428962 -61.602022171020501 -28.215775489807125 -0.15074601024389264 5.0353903770446786 1.0000000180025095e-35 6.7063527107238778 31.444039344787601 6.8204100131988534 0.0018496960983611645 0.17557460069656375 5.9087319374084482
decision_type=2 2 2 2 2 2 2 2 2 2 2 2 2 2 2
left_child=1 3 6 4 -1 -5 -3 -4 9 12 13 -12 -2 -10 -11
right_child=8 2 7 5 -6 -7 -8 -9 10 14 11 -13 -14 -15 -16
leaf_value=-0.10576791794822525 -0.06498962622789535 0.076966719741849099 -0.22432816221467891 0.086150192940734907 -0.0014021538492594249 0.01578515338556874 -0.014457715760489697 -0.04741707134306121 -0.029391518495213233 -0.30723211041757204 -0.19538990794914354 0.21413605026803673 0.087261742751830088 0.067086160542282433 -0.14702349981333451
leaf_weight=34.070970667526126 19.563143711537123 39.869576849043369 12.9631319232285 79.397433431819081 1077.2142532942817 402.75910865515471 863.20206280332059 21.72630250826478 24.741753164678812 4.139807587489484 10.713465899229048 4.0063590370118609 17.949480650946498 136.76855581998825 4.4055615290999413
leaf_count=171 110 208 56 278 4362 1562 3907 99 161 13 47 16 85 542 16
internal_value=0.000116059 -0.00208064 -0.0142362 0.0050729 -0.00460235 0.0273732 -0.010421 -0.113544 0.025131 -0.0352985 0.0409262 -0.0838942 0.00785456 0.0523048 -0.224724
internal_weight=2753.49 2531.2 937.761 1593.44 1111.29 482.157 903.072 34.6894 222.288 46.058 176.23 14.7198 37.5126 161.51 8.54537
internal_count=11633 10643 4270 6373 4533 1840 4115 155 990 224 766 63 195 703 29
is_linear=0
shrinkage=0.147268


Tree=58
num_leaves=13
num_cat=0
split_feature=20 10 12 2 16 25 25 18 24 33 25 10
split_gain=7.08499 7.20098 16.8293 15.085 10.6113 7.14858 13.0565 10.5189 7.11039 4.42145 1.57777 0.555375
threshold=0.03177966736257077 9.8958530426025408 21.164123535156254 -0.22355194389820096 -1.4958105683326719 0.4009635597467423 0.79337504506111156 -0.31657345592975611 0.32793131470680242 -0.0058528752997517577 2.8642619848251347 9.1220369338989276
decision_type=2 2 2 2 2 2 2 2 2 2 2 2
left_child=8 2 3 -2 -4 7 -7 -3 9 -1 11 -10
right_child=1 5 4 -5 -6 6 -8 -9 10 -11 -12 -13
leaf_value=-0.058655870070724467 -0.40130324785521293 -0.053072898102756144 -0.28225033170744424 0.16647139266331143 0.01003404320111366 0.018672855349293457 -0.0050538697402298131 0.01132487674087013 0.0077955516610650659 0.38625305546133676 0.03328222970074253 -0.15884062172738755
leaf_weight=0.96524082869291306 1.0570560097694421 129.02800261043012 2.9208794087171546 24.252283379435539 34.364680249243975 708.07381805963814 1736.7296182876453 95.881654821336269 0.4466518834233274 0.96772186644375213 1.0712874308228482 11.873767791315911
leaf_count=14 2 719 19 57 134 2737 7191 544 4 8 18 186
internal_value=0.000103959 0.000664152 0.0500378 0.142717 -0.0128692 -0.000493408 0.00181785 -0.0256182 -0.099744 0.164105 -0.137868 -0.152776
internal_weight=2747.63 2732.31 62.5949 25.3093 37.2856 2669.71 2444.8 224.91 15.3247 1.93296 13.3917 12.3204
internal_count=11633 11403 212 59 153 11191 9928 1263 230 22 208 190
is_linear=0
shrinkage=0.147268


Tree=59
num_leaves=16
num_cat=0
split_feature=18 20 43 43 8 10 38 4 24 22 8 43 24 10 18
split_gain=6.83288 14.8771 15.6271 19.7322 15.9878 12.3829 11.7643 8.71508 8.51512 17.3513 18.4373 11.8733 7.61524 13.5427 10.5112
threshold=0.74703386425971996 0.090918384492397322 0.060739997774362571 0.035528479143977172 -0.15605299174785611 16.121026992797855 4.5000000000000009 -0.0016355352709069846 1.6824945807456972 0.36181235313415533 0.042996551841497428 -0.096109930425882326 1.4756290316581728 10.922067165374758 0.28844143450260168
decision_type=2 2 2 2 2 2 2 2 2 2 2 2 2 2 2
left_child=8 5 3 -3 -4 7 -7 -2 12 10 -10 -11 14 -14 -1
right_child=1 2 4 -5 -6 6 -8 -9 9 11 -12 -13 13 -15 -16
leaf_value=0.0019915949878645338 -0.037716118104575917 0.035095961851470993 0.11547721787111009 0.16524909220962236 -0.068646780259791471 0.14276739291279394 -0.026552845754460909 -0.20177916498378015 0.062939780738332299 0.13545353411393901 -0.10407694479695222 -0.086178034644745424 0.19369383483340966 0.020109897243864302 -0.027060338274214227
leaf_weight=1725.4608937390149 14.840832584537567 215.56924987956882 12.802101258188484 28.617050725966692 50.820172797888517 10.689860783517359 53.083477595821023 13.3374609015882 55.324367949739099 5.5447894334793082 19.345208374783397 95.303559079766273 10.677152827382086 111.85304356459528 320.21784196700901
leaf_count=7265 91 866 41 84 261 83 310 64 209 24 105 377 21 413 1419
internal_value=8.97551e-05 0.0178854 0.0334135 0.0503515 -0.0315903 -0.0340916 0.00182818 -0.11539 -0.00294547 -0.0341443 0.0196641 -0.0739871 -0.000419747 0.0352411 -0.0025559
internal_weight=2743.49 399.76 307.809 244.186 63.6223 91.9516 63.7733 28.1783 2343.73 175.518 74.6696 100.848 2168.21 122.53 2045.68
internal_count=11633 1800 1252 950 302 548 393 155 9833 715 314 401 9118 434 8684
is_linear=0
shrinkage=0.147268


Tree=60
num_leaves=13
num_cat=0
split_feature=42 42 19 44 42 17 42 17 14 24 5 22
split_gain=7.94619 7.05679 18.0577 11.8131 10.9003 21.7818 10.66 8.37673 5.95954 3.8175 4.20226 3.24789
threshold=0.13975900411605838 -0.034661317244172089 1.9936093688011172 0.31305682659149175 0.015877629630267624 16.447467803955082 0.074389327317476286 -44.13110160827636 -11.371544837951658 1.1458986401557925 -0.028060698881745335 0.22125647217035296
decision_type=2 2 2 2 2 2 2 2 2 2 2 2
left_child=1 2 7 -4 5 -3 -6 -1 -2 11 -11 -10
right_child=8 4 3 -5 6 -7 -8 -9 9 10 -12 -13
leaf_value=0.10023166325813176 -0.20542304879152046 -0.0017767570574478656 -0.060985942228929134 0.17368564222582172 -0.014728157820783625 0.1004958842219239 0.0053456961135591062 -0.1340184427101834 0.44487363040946681 0.14722521115572604 -0.16455942537968377 0.17628828902742522
leaf_weight=3.6673942059278479 1.0644660927355278 129.7101424485445 8.5938566029071826 10.135877095162867 904.57703586854041 69.283661045134068 1568.6598325949162 33.802295565605164 1.4136234261095504 4.0709491781890383 1.215336054563523 3.186491847038269
leaf_count=27 11 714 70 68 3428 236 6694 300 16 33 13 23
internal_value=8.80986e-05 -0.000414335 -0.0520583 0.0659999 0.000671715 0.0338307 -0.00199613 -0.111079 0.125274 0.160943 0.0754558 0.259044
internal_weight=2739.38 2728.43 56.1994 18.7297 2672.23 198.994 2473.24 37.4697 10.9509 9.8864 5.28629 4.60012
internal_count=11633 11537 465 138 11072 950 10122 327 96 85 46 39
is_linear=0
shrinkage=0.147268


Tree=61
num_leaves=16
num_cat=0
split_feature=11 29 15 18 44 13 16 24 14 44 42 6 1 37 31
split_gain=7.2589 12.7842 13.7375 12.6669 11.2157 18.8739 14.2696 14.0202 13.027 10.9163 10.7221 9.42924 18.4959 17.7992 6.81776
threshold=88.572231292724624 0.069503407925367369 0.31148566305637365 -0.29133699834346766 0.20468548685312274 9.5868525505065936 -1.9254755973815916 0.37453177571296697 11.409658432006838 0.24166207015514377 0.1066892445087433 66.459873199462905 0.12309614196419717 0.089582685381174101 -0.010993103962391613
decision_type=2 2 2 2 2 2 2 2 2 2 2 2 2 2 2
left_child=1 11 3 -3 5 8 14 -7 -2 -8 -4 12 -1 -13 -6
right_child=4 2 10 -5 6 7 9 -9 -10 -11 -12 13 -14 -15 -16
leaf_value=-0.00031980202767668391 -0.04259060976916193 0.067799052782094735 0.10806937265955324 -0.017340256175518983 -0.011308982183121848 0.071317997897079169 0.10653837085527569 -0.12427231290432918 0.083070937057173666 -0.022555946299273162 -0.15206689434041373 -0.14623862185837339 0.14010440139571942 0.0055941502105232013 0.23398853795886776
leaf_weight=2121.9289235463366 50.759399883449078 59.142164617776871 60.921451579779387 105.49713549762964 3.4607759043574324 9.0091856159269792 16.31329682096839 67.316722955554724 27.629018615931273 109.88257618993521 3.639137376099824 27.495853144675493 20.537560898810625 42.812551192939281 8.4538372159004194
leaf_count=9343 190 221 232 364 29 30 38 266 98 462 28 125 47 116 44
internal_value=8.66994e-05 0.00271414 0.0358222 0.0132424 -0.0218234 -0.0490545 0.00867971 -0.101181 0.00169779 -0.00586429 0.0933974 -0.000715105 0.00102629 -0.0537822 0.162724
internal_weight=2734.8 2441.97 229.2 164.639 292.825 154.714 138.11 76.3259 78.3884 126.196 64.5606 2212.77 2142.47 70.3084 11.9146
internal_count=11633 10476 845 585 1157 584 573 296 288 500 260 9631 9390 241 73
is_linear=0
shrinkage=0.147268


Tree=62
num_leaves=16
num_cat=0
split_feature=43 12 43 43 39 44 20 10 45 18 12 14 44 37 21
split_gain=6.82574 26.0959 20.6253 17.9213 22.0256 15.5601 14.9637 13.3159 12.7239 12.5605 12.34 12.2374 10.9055 1.97584 1.81918
threshold=-0.046050665900111191 63.108306884765632 -0.045243432745337479 -0.062831822782754884 1.5000000000000002 -0.42577357590198511 0.10095961764454843 16.612766265869144 0.0057122397702187308 -1.0453065633773801 12.013154506683351 -1.585998475551605 -0.41508746147155756 0.037615600973367698 0.058297868818044669
decision_type=2 2 2 2 2 2 2 2 2 2 2 2 2 2 2
left_child=1 3 10 7 -5 9 8 -1 -3 -4 14 -8 -7 -12 -2
right_child=2 6 5 4 -6 12 11 -9 -10 -11 13 -13 -14 -15 -16
leaf_value=-0.021111227859869613 -0.33161139272302537 0.18085061025407015 -0.096700059884335846 0.022419750545235647 -0.079550854356683437 -0.2083511784527097 -0.043891759930749674 0.028728579352498791 -0.049762763874967302 0.050988575828552353 0.085596118072040442 -0.15961104527784867 -0.0008392143135218359 0.19158012597489044 -0.053083561996565706
leaf_weight=170.97079768963158 1.1360747776925593 7.5300366990268257 13.352876007556914 75.525944691151381 117.25746688153595 5.5088544413447371 34.713267803192139 363.28328337427229 16.674595795571804 192.40751269925386 4.8590856567025211 46.224074579775333 1658.4599205506966 18.023877024650574 0.92605198174715031
leaf_count=677 12 36 81 415 766 27 97 1653 69 817 11 160 6733 69 10
internal_value=8.93044e-05 -0.0110282 0.00497248 -0.00111034 -0.039601 0.00319747 -0.0796041 0.0127784 0.021978 0.0414021 0.137994 -0.109986 -0.00152664 0.169097 -0.206842
internal_weight=2726.85 832.179 1894.67 727.037 192.783 1869.73 105.142 534.254 24.2046 205.76 24.9451 80.9373 1663.97 22.883 2.06213
internal_count=11633 3873 7760 3511 1181 7658 362 2330 105 898 102 257 6760 80 22
is_linear=0
shrinkage=0.147268


Tree=63
num_leaves=15
num_cat=0
split_feature=16 3 16 42 42 24 10 36 33 21 12 45 3 36
split_gain=7.22649 8.93709 8.41949 14.2003 16.0531 12.913 10.0754 17.2395 10.6545 7.89733 6.5201 5.62858 3.53374 5.85581
threshold=-5.7883553504943839 0.029816692695021633 -3.1850489377975459 0.08318613097071649 0.03036939445883036 2.0608713626861577 15.568737506866457 0.14328282326459887 0.0052182702347636232 0.17315242439508441 7.6614544391632089 -0.035589126870036118 -0.35886929929256434 0.041713804006576545
decision_type=2 2 2 2 2 2 2 2 2 2 2 2 2 2
left_child=1 12 3 4 -2 -5 7 -4 -8 10 -3 -11 -1 -14
right_child=2 9 6 5 -6 -7 8 -9 -10 11 -12 -13 13 -15
leaf_value=-0.13655293311418382 0.055912514290180015 -0.16749956897538423 0.0045709738330205604 0.04139796519716888 -0.059141648650078218 0.18649168648400502 -0.015492052088479428 0.07580070378566324 0.0092000435503535542 -0.24549244031400042 0.16334308970812747 -0.052910829142005525 -0.14727761575027484 0.20330121714621388
leaf_weight=1.4753248393535612 43.323843020945787 2.1846107617020634 593.29477409739047 133.64794719219208 66.926418829709291 14.773593395948408 1204.2662860490382 84.142832271754742 553.02495166100562 9.8320080153644103 3.1545272618532181 4.9555791020393327 1.3571721427142645 4.3024514839053154
leaf_count=6 276 14 2195 516 263 49 6084 281 1831 33 13 28 15 29
internal_value=8.08905e-05 -0.0753575 0.000844612 0.0261056 -0.0139273 0.0558445 -0.00183909 0.0134189 -0.00772121 -0.125563 0.0279071 -0.18099 0.0662219 0.11916
internal_weight=2720.66 27.2617 2693.4 258.672 110.25 148.422 2434.73 677.438 1757.29 20.1267 5.33914 14.7876 7.13495 5.65962
internal_count=11633 138 11495 1104 539 565 10391 2476 7915 88 27 61 50 44
is_linear=0
shrinkage=0.147268


Tree=64
num_leaves=16
num_cat=0
split_feature=14 10 33 32 17 27 41 14 18 17 28 17 2 10 2
split_gain=6.02477 16.3803 17.9829 14.713 12.1723 18.6725 16.5986 12.8306 10.0986 9.99744 16.13 13.5153 9.54762 8.74757 8.62976
threshold=-8.4648108482360822 32.226823806762702 0.074932754039764418 0.066199958324432387 -28.215775489807125 0.0038612140342593197 0.55115121603012096 -2.3021429777145381 0.02332903724163771 -21.622255325317379 -0.029302746057510373 -19.930912017822262 0.16428773850202563 20.628847122192386 0.13614331185817721
decision_type=2 2 2 2 2 2 2 2 2 2 2 2 2 2 2
left_child=1 2 12 14 5 7 -7 -2 -5 10 -6 -11 -1 -4 -3
right_child=4 3 13 8 9 6 -8 -9 -10 11 -12 -13 -14 -15 -16
leaf_value=-0.017616076797790908 0.043643498411552066 -0.11070868991416537 -0.073104687509383162 0.046549359551444208 0.018063428051250399 -0.24913596211958702 0.028586291429909913 0.19977003641874619 -0.1159050380215659 0.086212251714639615 -0.10277015961465663 4.2244628998504029e-05 0.17846636733195098 0.20939674158851621 -0.29112224241992357
leaf_weight=223.92582759354264 148.42917197290808 16.346429832279686 2.9598152786493293 18.722659818828106 44.608087986707687 8.6618283614516276 10.113756243139504 12.366876574233173 14.900988440960644 40.231766322627664 51.748710911720991 2095.3781177084893 5.5161328837275496 12.02816955372691 8.8795681279152614
leaf_count=1009 570 123 15 61 205 32 58 30 52 149 270 8985 14 27 33
internal_value=7.9526e-05 -0.0194832 -0.00268823 -0.0892333 0.00253991 0.0394266 -0.0995343 0.0556553 -0.0254397 -0.000427694 -0.0468284 0.00166577 -0.0128992 0.153587 -0.174244
internal_weight=2714.82 303.28 244.43 58.8496 2411.54 179.572 18.7756 160.796 33.6236 2231.97 96.3568 2135.61 229.442 14.988 25.226
internal_count=11633 1334 1065 269 10299 690 90 600 113 9609 475 9134 1023 42 156
is_linear=0
shrinkage=0.147268


Tree=65
num_leaves=14
num_cat=0
split_feature=33 30 4 2 10 23 32 14 29 14 38 29 28
split_gain=5.75874 17.5577 6.68653 6.4709 13.1244 14.0739 11.921 21.7408 9.88075 8.34586 5.93147 3.404 0.317057
threshold=-0.071409318596124635 0.0353017095476389 -0.19080243259668347 -0.22355194389820096 29.816062927246097 0.56587249040603649 -0.032670252025127404 12.390482425689699 -0.061598632484674447 6.9473295211792001 4.5000000000000009 -0.037876214832067483 -0.041549943387508385
decision_type=2 2 2 2 2 2 2 2 2 2 2 2 2
left_child=1 2 11 4 8 -6 7 -5 -2 -8 -3 -1 -4
right_child=3 10 12 6 5 -7 9 -9 -10 -11 -12 -13 -14
leaf_value=0.074470959143489043 -0.027256281980948097 -0.0094424291024414603 0.15491528293331433 0.06384613725897223 -0.071023416668773709 0.11326054044963589 -0.0054151333921626174 -0.18502492649436938 -0.13117420233335306 0.016614976393689491 -0.25439948624908765 -0.17829058968379899 0.20176617353016565
leaf_weight=3.8625412732362747 53.832059968262911 5.2884928062558156 4.5647296383976963 110.01577803120017 15.038484379649161 22.328986763954163 1979.808337379247 8.1762871295213682 31.437562838196754 459.51219331752509 3.6065973043441772 1.6464208513498331 10.843844994902609
leaf_count=19 271 17 12 567 93 135 8419 42 167 1847 12 9 23
internal_value=7.94716e-05 0.0644453 0.138147 -0.000636443 -0.0336815 0.0390883 0.000948037 0.0466245 -0.0655747 -0.00126504 -0.108829 -0.0010554 0.187927
internal_weight=2709.96 29.8126 20.9175 2680.15 122.637 37.3675 2557.51 118.192 85.2696 2439.32 8.89509 5.50896 15.4086
internal_count=11633 92 63 11541 666 228 10875 609 438 10266 29 28 35
is_linear=0
shrinkage=0.147268


Tree=66
num_leaves=13
num_cat=0
split_feature=43 43 9 43 42 19 41 23 19 7 7 29
split_gain=6.46285 11.9263 12.1486 11.0703 21.6291 9.83657 3.69693 4.5501 3.55576 2.49908 0.91433 0.458473
threshold=1.1709803342819216 0.45049005746841436 -0.079376984387636171 0.40941449999809271 -0.075051207095384584 0.75066152215003978 0.42566919326782232 0.26983100175857549 2.24882984161377 -1.0000000180025095e-35 -1.1502925753593443 -0.040281841531395905
decision_type=2 2 2 2 2 2 2 2 2 2 2 2
left_child=1 3 8 4 -1 -4 10 -8 -3 -9 -2 -5
right_child=6 2 5 11 -6 -7 7 9 -10 -11 -12 -13
leaf_value=-0.17492663798519234 0.12613345002626533 0.21886743798872677 0.14013698300909147 0.22243861281765875 0.0010954742337965513 -0.20659542867689448 -0.19063168627405649 -0.050274276112517918 -0.0064450499736626215 0.15996641348661741 0.27814982590034015 0.14796674182629871
leaf_weight=15.224944166839121 1.3073645308613779 1.9775547459721581 1.9953216761350656 3.1847367137670517 2646.1405636873096 15.876743057742713 1.3856498487293718 1.6674615405499933 6.5203811675310135 4.6042579710483551 2.5744134522974473 4.2579146176576605
leaf_count=130 12 13 15 20 11114 159 16 14 55 35 19 31
internal_value=8.70959e-05 -0.000383699 -0.0989333 0.000590018 8.82623e-05 -0.167857 0.110056 0.0506329 0.045993 0.104026 0.227116 0.179923
internal_weight=2706.72 2695.18 26.37 2668.81 2661.37 17.8721 11.5391 7.65737 8.49794 6.27172 3.88178 7.44265
internal_count=11633 11537 242 11295 11244 174 96 65 68 49 31 51
is_linear=0
shrinkage=0.147268


Tree=67
num_leaves=13
num_cat=0
split_feature=42 9 30 26 1 28 28 19 9 24 18 32
split_gain=5.84973 6.28341 14.1028 12.9453 10.1051 8.16422 23.0451 18.7854 3.35352 2.39744 2.36762 1.16326
threshold=0.13975900411605838 -0.061365978792309754 0.011126885190606119 0.78697717189788829 -0.034846486523747437 -0.0027039228007197376 -0.0021275006001815196 1.2495422363281252 -0.056951655074954026 1.8777558803558352 1.014061510562897 -0.00884093204513192
decision_type=2 2 2 2 2 2 2 2 2 2 2 2
left_child=1 2 4 -4 -1 7 -7 -3 -2 11 -11 -10
right_child=8 5 3 -5 -6 6 -8 -9 9 10 -12 -13
leaf_value=0.013282154309922856 -0.096416681731988682 -0.0060133319388905896 0.024607246715779574 -0.059989423153983847 0.076794426431023688 0.15610018180297719 0.0017683698210789671 -0.069460226909693515 0.15207250672205369 -0.14945571684191022 0.14028379219532944 0.29408305287156827
leaf_weight=123.18749182298779 1.4856815263628949 858.40982749313116 80.819018121808767 76.22720343247056 97.216892596334219 21.320189305581152 1322.6915644546971 114.73650830984116 5.0363625884056082 1.0505171641707423 1.4576545841991899 1.6777798570692528
leaf_count=564 13 4132 273 308 287 88 5331 554 42 13 13 15
internal_value=8.07453e-05 -0.000350881 0.017269 -0.0164528 0.0412981 -0.00322118 0.00421699 -0.0134943 0.108704 0.141792 0.018794 0.187678
internal_weight=2705.32 2694.61 377.451 157.046 220.404 2317.16 1344.01 973.146 10.708 9.22231 2.50817 6.71414
internal_count=11633 11537 1432 581 851 10105 5419 4686 96 83 26 57
is_linear=0
shrinkage=0.147268


Tree=68
num_leaves=16
num_cat=0
split_feature=11 0 42 10 17 45 11 26 26 22 3 26 37 22 18
split_gain=6.28179 12.2913 16.727 28.9277 15.8718 15.2814 18.5919 17.5644 9.08848 16.8244 13.6072 11.0302 10.1476 10.2311 6.68064
threshold=88.572231292724624 0.01537230145186186 0.035931827500462539 18.430961608886722 -34.914510726928704 0.0064339260570704946 68.990997314453139 0.34272781014442449 0.83150041103363048 0.79733762145042431 0.65393540263175975 0.91670784354209911 0.089582685381174101 0.55191737413406383 0.059165820479393012
decision_type=2 2 2 2 2 2 2 2 2 2 2 2 2 2 2
left_child=1 5 4 -4 -3 6 -1 -7 12 10 -10 -11 13 -2 -14
right_child=8 2 3 -5 -6 7 -8 -9 9 11 -12 -13 14 -15 -16
leaf_value=0.0025223075227403437 0.075291786356498483 -0.31545789156244708 0.053541306551112437 -0.025952474513567168 0.084929786362251625 0.14260539851710069 0.11594222081630873 -0.028979263100323255 -0.049592568586297466 -0.15165555427869806 -0.21478766200044053 0.06684652622108736 -0.23839093118320501 -0.027303681584004303 0.048710161197391022
leaf_weight=1364.9843549923971 49.649595571681857 2.1923307701945296 179.12341439723969 222.72127819620073 99.649693308398128 13.278897721320389 32.079536400735378 501.60172554478049 137.18189572077245 5.7251748740673056 11.739402100443838 40.018934048712254 5.2657999321818343 36.627820394933224 2.634952686727047
leaf_count=6563 210 5 520 747 388 55 139 2059 557 25 37 165 18 135 10
internal_value=7.17316e-05 0.00252613 0.0229929 0.00948148 0.0763019 -0.00286556 0.00512703 -0.024553 -0.0204535 -0.0386238 -0.0626194 0.0394879 0.0171012 0.0317334 -0.142617
internal_weight=2704.47 2415.63 503.687 401.845 101.842 1911.94 1397.06 514.881 288.844 194.665 148.921 45.7441 94.1782 86.2774 7.90075
internal_count=11633 10476 1660 1267 393 8816 6702 2114 1157 784 594 190 373 345 28
is_linear=0
shrinkage=0.147268


Tree=69
num_leaves=16
num_cat=0
split_feature=43 43 12 43 35 41 8 43 41 9 41 41 13 9 22
split_gain=6.04844 26.6491 25.2558 20.8403 21.9758 16.3547 12.6476 12.4237 17.9142 8.97283 10.6687 8.56216 6.99314 6.92542 0.492755
threshold=-0.054447719827294343 -0.062831822782754884 60.952783584594734 -0.053883204236626618 1.0000000180025095e-35 0.57174533605575573 -0.2070832550525665 -0.052386058494448655 0.095283489674329772 0.029604223556816581 0.67661911249160778 0.091127622872591033 -15.144069671630858 -0.0031594375614076848 0.28489929437637335
decision_type=2 2 2 2 2 2 2 2 2 2 2 2 2 2 2
left_child=1 2 5 4 13 -1 -4 8 -5 12 -11 -9 -3 -2 -6
right_child=3 9 6 7 14 -7 -8 11 -10 10 -12 -13 -14 -15 -16
leaf_value=0.033346697441198572 0.13140758155991883 0.032997715838089706 -0.19992199312741743 0.083475541499085551 0.29698055274753637 -0.019989575851126991 -0.048198259870492061 -0.01932143626976118 -0.13387526070111022 -0.13107866004069552 0.09194305417102995 0.0084203976735604206 -0.12338764276239297 -0.13303772039282025 0.23935041471770185
leaf_weight=313.77166485134512 3.4714281409978867 6.8357366174459449 14.009165242314337 11.179762957617639 5.7682381421327591 206.89464168343693 79.767277237027884 282.80166466441005 31.081586683169007 7.6948988474905518 11.756744574755428 1643.3405950367451 66.466319397091866 5.6240160912275314 7.7334247604012489
leaf_count=1398 11 54 30 44 9 905 242 1444 115 58 78 6682 529 22 12
internal_value=7.28127e-05 -0.0116263 -0.000518558 0.00422846 0.144845 0.0121522 -0.0708709 0.0026139 -0.0763696 -0.0852047 0.00369858 0.0043471 -0.1088 -0.0320697 0.264033
internal_weight=2698.2 707.196 614.443 1991 22.5971 520.666 93.7764 1968.4 42.2613 92.7537 19.4516 1926.14 73.3021 9.09544 13.5017
internal_count=11633 3294 2575 8339 54 2303 272 8285 159 719 136 8126 583 33 21
is_linear=0
shrinkage=0.147268


Tree=70
num_leaves=14
num_cat=0
split_feature=20 21 30 17 28 15 28 8 45 31 44 33 16
split_gain=5.87475 5.48228 10.5063 8.23618 8.00447 14.808 14.0137 7.04964 1.75449 6.0253 1.95178 0.836903 0.855142
threshold=0.03177966736257077 0.15494201332330707 -0.012175132054835556 -67.834819793701158 -0.003407807787880301 -0.015623390674591063 -0.0014803857193328438 -0.069565244019031511 -0.013117701746523379 -1.0000000180025095e-35 0.64726239442825328 -0.0083667510189115984 2.8964929580688481
decision_type=2 2 2 2 2 2 2 2 2 2 2 2 2
left_child=8 2 3 -2 5 -3 -6 -4 9 10 -1 -10 -13
right_child=1 4 7 -5 6 -7 -8 -9 11 -11 -12 12 -14
leaf_value=-0.17007526877137644 -0.10640556684863615 0.0018115534436314289 0.29277448592613109 0.01538263867403445 0.080679607261429587 -0.037563864053683851 0.0017302262744133951 0.064321831389378525 0.041100335970208256 0.32262068392896193 0.057448538090841057 -0.15951906643394698 0.01439487194203385
leaf_weight=2.7497037136927251 12.408733297139404 536.58510290645063 4.6274327859282494 405.86609978042543 50.625067481771111 337.36286391317844 1323.0933231897652 7.9940747972577793 0.55034704227000375 0.88489949516951938 1.1599620124325154 7.7617160081863386 0.66217709332704533
leaf_count=69 72 2095 9 2144 206 1565 5267 45 18 6 23 108 6
internal_value=5.41246e-05 0.00054748 0.0157641 0.0117684 -0.00236956 -0.0133879 0.00464004 0.148135 -0.095888 -0.0238801 -0.102503 -0.134313 -0.145814
internal_weight=2692.33 2678.56 430.896 418.275 2247.67 873.948 1373.72 12.6215 13.7688 4.79457 3.90967 8.97424 8.42389
internal_count=11633 11403 2270 2216 9133 3660 5473 54 230 98 92 132 114
is_linear=0
shrinkage=0.147268


Tree=71
num_leaves=15
num_cat=0
split_feature=41 27 38 41 26 43 39 41 33 10 14 11 15 23
split_gain=5.52112 16.2258 11.9118 11.6252 11.1294 11.601 10.8721 14.9009 10.7493 10.5845 14.781 11.2347 8.16699 4.64509
threshold=0.33411949872970587 0.022623145952820781 2.5000000000000004 0.30778411030769354 2.3222606182098393 -0.054447719827294343 3.5000000000000004 0.56562754511833202 -0.01737168617546558 17.184421539306644 6.9473295211792001 50.659343719482429 0.032875001430511482 0.48058855533599859
decision_type=2 2 2 2 2 2 2 2 2 2 2 2 2 2
left_child=1 9 6 8 5 -4 7 -2 -3 10 -1 -11 -6 -8
right_child=2 3 4 -5 12 -7 13 -9 -10 11 -12 -13 -14 -15
leaf_value=0.013811266628649541 0.058039233602659356 0.00037907438974459627 -0.021741544065445404 -0.15531433258071092 -0.011762560823863332 0.0072857223706783384 -0.035770682215589364 -0.078598178905743096 0.13733765975769444 0.0047301203801598064 0.11235662676769381 -0.038707578718321201 -0.1744530560168171 -0.20319414196752408
leaf_weight=320.31015558727086 26.379758439958096 17.632759734988213 408.56196502037346 4.2408620044589034 12.894572431221606 1109.5002785772085 4.9272408522665527 50.32768894918263 42.140679989010096 448.8509008968249 36.802858609706163 181.28774015512317 13.919594746083019 13.334094420075415
leaf_count=1326 136 71 1868 19 79 4557 42 224 99 2296 93 693 72 58
internal_value=4.06944e-05 0.00837187 -0.00530006 0.0802215 -0.00218783 -0.000526329 -0.0559232 -0.0316044 0.0969419 0.00371263 0.0239684 -0.00776632 -0.0962347 -0.158045
internal_weight=2691.11 1051.27 1639.85 64.0143 1544.88 1518.06 94.9688 76.7074 59.7734 987.252 357.113 630.139 26.8142 18.2613
internal_count=11633 4597 7036 189 6576 6425 460 360 170 4408 1419 2989 151 100
is_linear=0
shrinkage=0.147268


Tree=72
num_leaves=11
num_cat=0
split_feature=27 30 30 27 14 10 44 24 32 28
split_gain=5.50339 5.29514 14.276 11.6758 11.0546 9.01018 8.77031 1.71609 1.27002 0.363884
threshold=-0.17590244859457013 9.11633348464966 1.7799971699714663 -0.00037397205596789712 0.53026884794235241 56.153135299682624 0.79134508967399608 2.6048679351806645 -0.011567833833396433 -0.16132005304098126
decision_type=2 2 2 2 2 2 2 2 2 2
left_child=7 2 5 -3 -5 -2 -4 9 -9 -1
right_child=1 3 6 4 -6 -7 -8 8 -10 -11
leaf_value=0.21114844348724382 0.0012114417037425254 0.19866559368951384 -0.12996218244682917 -0.17488331047750638 0.10612272202843702 -0.076589343368902246 0.11386247773464368 -0.061295399074265511 0.12164038950813809 0.13341816372912096
leaf_weight=2.4151026681065559 2593.955302182585 9.1331578269600886 26.928588733077053 5.5539678409695608 6.6918643862009048 32.688472514972091 3.6280087307095519 1.5879331007599833 1.7022745981812475 2.9622430801391584
leaf_count=13 11285 16 112 13 15 125 22 12 11 9
internal_value=4.53583e-05 -0.000333689 -0.000921143 0.0726611 -0.021309 0.000243048 -0.100998 0.11719 0.033281 0.168447
internal_weight=2687.25 2678.58 2657.2 21.379 12.2458 2626.64 30.5566 8.66755 3.29021 5.37735
internal_count=11633 11588 11544 44 28 11410 134 45 23 22
is_linear=0
shrinkage=0.147268


Tree=73
num_leaves=16
num_cat=0
split_feature=4 42 4 42 22 4 20 42 4 33 30 14 23 30 22
split_gain=5.31862 21.2355 23.3424 19.9628 22.5301 28.6025 25.3094 21.454 17.3524 16.7111 15.6354 15.3552 12.8146 8.3992 3.56142
threshold=-0.0023469910956919189 0.03251930512487889 -0.019861819222569462 0.035195803269743926 0.26747582852840429 0.044186953455209739 0.086178343743085875 0.095584634691476836 0.0068095799069851646 -0.055529512465000146 -0.049708690494298928 12.744399070739748 0.45780611038208013 -0.11190012469887732 0.84524077177047741
decision_type=2 2 2 2 2 2 2 2 2 2 2 2 2 2 2
left_child=1 9 11 4 6 -6 -2 8 -5 14 -4 -3 -9 -11 -1
right_child=3 2 10 7 5 -7 -8 12 -10 13 -12 -13 -14 -15 -16
leaf_value=0.24734826557783646 0.030397700462391129 0.023242480002020154 -0.066811241888089012 0.018230421833447665 0.096245483555012043 -0.021293757313110624 -0.14724979983797684 0.056319466891269314 -0.0345466388407474 -0.029155914315469589 -0.0090484285554851829 -0.10582161377786348 -2.2833289151843934e-05 -0.10976461177575005 -0.0058413969275273279
leaf_weight=4.2672090306878081 53.131913436576724 618.82257473282516 128.44607420638204 191.22181547991931 162.19056813418865 62.083571705967188 25.85462574660778 162.99913004599512 460.37800857611001 47.061388872563839 486.88859661947936 20.656985908746719 189.11417131870985 69.386481106281281 1.6754939183592794
leaf_count=25 135 2823 519 792 609 294 120 645 1337 314 2648 102 669 588 13
internal_value=4.43421e-05 -0.00634165 -0.000630215 0.00677371 0.0398854 0.0637071 -0.0277502 -0.00323039 -0.019058 -0.0648951 -0.0211066 0.0190726 0.0260583 -0.0771908 0.175938
internal_weight=2684.18 1377.2 1254.81 1306.97 303.261 224.274 78.9865 1003.71 651.6 122.391 615.335 639.48 352.113 116.448 5.9427
internal_count=11633 7032 6092 4601 1158 903 255 3443 2129 940 3167 2925 1314 902 38
is_linear=0
shrinkage=0.147268


Tree=74
num_leaves=15
num_cat=0
split_feature=44 43 39 19 41 7 43 41 39 43 43 43 21 33
split_gain=5.44039 10.0606 8.54712 9.42597 8.60774 7.24546 19.6657 20.1384 10.6384 8.24219 38.5175 11.6087 4.97661 2.53125
threshold=-0.81167465448379505 -0.095005095005035387 1.5000000000000002 0.82474946975708019 0.83299317955970775 3.8602815866470341 0.092519499361515059 0.44900435209274298 3.5000000000000004 0.00088003161363303672 0.0061224310193210849 -0.001032043946906924 0.59218654036521923 -0.011724991723895071
decision_type=2 2 2 2 2 2 2 2 2 2 2 2 2 2
left_child=1 12 3 -3 -4 9 7 -7 -8 11 -11 -2 13 -1
right_child=5 2 4 -5 -6 6 8 -9 -10 10 -12 -13 -14 -15
leaf_value=-0.35232526385164237 -0.0032244201449530352 0.11053180319080995 0.14642500727645755 -0.066446816777792961 -0.045639596624165876 0.074079675806438094 -0.040822092147978661 -0.020355799132658725 -0.18594416294664612 0.13319958821939157 0.005561773130998089 -0.098422845592264122 0.035971871684705108 -0.11419672895827578
leaf_weight=2.0350112840533261 1165.5071365702897 10.405354622751476 26.834189401939511 17.502439547330141 6.2332463748753062 56.413028108887374 22.525019735097885 371.30871029477566 21.341128932312131 54.412200048565865 889.28696036525071 28.457371417433023 2.2540000975131989 1.8590393923223008
leaf_count=12 5768 38 100 81 36 181 156 1515 79 154 3432 66 4 11
internal_value=5.58303e-05 0.0414525 0.0595609 -0.000447359 0.110211 -0.00100903 -0.0175314 -0.00789957 -0.111437 0.00263584 0.0129217 -0.00549381 -0.138058 -0.238831
internal_weight=2676.37 67.1233 60.9752 27.9078 33.0674 2609.25 471.588 427.722 43.8661 2137.66 943.699 1193.96 6.14805 3.89405
internal_count=11633 282 255 119 136 11351 1931 1696 235 9420 3586 5834 27 23
is_linear=0
shrinkage=0.147268


Tree=75
num_leaves=15
num_cat=0
split_feature=42 43 0 43 43 42 33 42 13 43 16 41 17 28
split_gain=5.67266 17.4528 17.8608 12.0678 8.64728 18.8145 9.52583 9.50749 23.919 21.5756 6.92558 4.0039 2.86452 1.67194
threshold=-0.034661317244172089 0.13740907609462741 0.0027188999811187391 0.40941449999809271 0.25545448064804083 0.10857844352722169 0.24833362549543384 0.044099397957324989 -6.3148458003997794 0.13125361502170566 -0.43753629922866816 0.42566919326782232 -46.268428802490227 -0.01266287127509713
decision_type=2 2 2 2 2 2 2 2 2 2 2 2 2 2
left_child=1 12 10 -4 7 6 -6 8 -2 -9 -3 -7 -1 -14
right_child=4 2 3 -5 5 11 -8 9 -10 -11 -12 -13 13 -15
leaf_value=0.0016457273882172897 0.075226965187173131 0.15002115785243292 -0.16391250317022318 0.12333345129642272 -0.14749443837070011 0.21344963568010003 0.13057323654253639 1.9967819574681799e-05 0.000111284395037976 -0.11350112681441088 -0.02751821088044237 0.034337377897402696 -0.24204487587842582 -0.056994421226752558
leaf_weight=1.3834618143737305 128.79854165762663 14.456161700189115 15.165831902995707 4.0080908313393584 29.749227123335004 3.7510621324181548 2.9329047650098792 2084.4978888370097 321.27578145079315 36.951602233573794 7.1034080609679213 9.7320414893329126 10.124453149735926 1.1887966319918621
leaf_count=12 467 105 140 33 292 32 20 8480 1519 270 57 88 106 12
internal_value=6.31173e-05 -0.0474388 -0.000437755 -0.103846 0.00103283 -0.0621379 -0.122525 0.00216706 0.0216081 -0.00195732 0.0915155 0.0842126 -0.198181 -0.222638
internal_weight=2671.12 53.4302 40.7335 19.1739 2617.69 46.1652 32.6821 2571.52 450.074 2121.45 21.5596 13.4831 12.6967 11.3132
internal_count=11633 465 335 173 11168 432 312 10736 1986 8750 162 120 130 118
is_linear=0
shrinkage=0.147268


Tree=76
num_leaves=15
num_cat=0
split_feature=20 23 19 16 23 16 2 3 13 44 43 22 43 20
split_gain=5.1946 20.7866 15.7069 22.5581 13.3208 13.424 12.191 12.0531 8.48672 7.27007 7.98445 1.29109 0.914743 1.49115
threshold=0.48055000603199011 1.1613010168075564 1.1004708409309389 -4.7535474300384513 0.89993214607238781 -4.493769407272338 -0.079740926623344408 -0.54018238186836232 -29.883534431457516 0.90102878212928783 -0.10280781611800192 1.2463382482528689 -0.059747824445366852 0.58486297726631176
decision_type=2 2 2 2 2 2 2 2 2 2 2 2 2 2
left_child=1 4 6 -4 7 -6 -3 -1 12 10 -10 -11 -2 -14
right_child=8 2 3 -5 5 -7 -8 -9 9 11 -12 -13 13 -15
leaf_value=0.08896028242877066 0.2178458861610085 -0.043337709922155861 0.089583421432588378 -0.15547263247942042 -0.11113713968848309 0.05930543752314632 0.15051886949042409 -0.0034416750969731348 0.083264782548192445 0.19593849394370857 0.00081925375236769845 0.074639183352506383 0.1957935695958366 0.038105309459983069
leaf_weight=31.060274943709373 3.6416575014591217 27.223682288080454 9.7263917624950391 50.084935810416937 10.898557253181933 124.19218481518328 9.484918896108864 2132.387044553645 28.738437801599503 5.1619182080030424 224.34202231839299 3.0342387855052948 2.7591528892517072 2.4709274545311928
leaf_count=149 6 119 33 214 37 497 51 9318 154 13 1003 15 10 14
internal_value=5.86343e-05 -0.00212481 -0.0690755 -0.115616 0.000686508 0.0455513 0.00674944 -0.00211486 0.0194174 0.0146057 0.010183 0.151097 0.161056 0.121392
internal_weight=2665.21 2395.06 96.5199 59.8113 2298.54 135.091 36.7086 2163.45 270.148 261.277 253.08 8.19616 8.87174 5.23008
internal_count=11633 10418 417 247 10001 534 170 9467 1215 1185 1157 28 30 24
is_linear=0
shrinkage=0.147268


Tree=77
num_leaves=16
num_cat=0
split_feature=40 44 43 37 23 12 26 43 44 9 7 43 37 43 36
split_gain=4.9711 10.9098 11.6542 12.079 10.0848 9.53963 10.7933 8.61109 7.75316 17.1288 22.1122 11.528 17.6367 15.5602 10.2438
threshold=0.087068006396293654 0.58037662506103527 -0.10902747511863707 0.028261523693799976 0.28877784311771398 84.886276245117202 1.1992386579513552 0.055708447471261031 0.35678510367870336 -0.031355889514088624 -6.6743896007537833 -0.02020276058465242 0.031107109971344474 -0.023171721026301381 0.11008811742067338
decision_type=2 2 2 2 2 2 2 2 2 2 2 2 2 2 2
left_child=1 2 4 -4 -1 6 -3 -7 11 14 -11 13 -13 -2 -10
right_child=8 5 3 -5 -6 7 -8 -9 9 10 -12 12 -14 -15 -16
leaf_value=-0.065913118649906635 -0.0022654768223586354 0.0083404789081026835 0.017441028238757501 -0.029346510953947118 0.09332327919731144 0.036881908512374453 0.086724748929000853 -0.14925967771879914 0.079425191750943508 -0.19842392367281647 -0.016447975976321121 -0.014737352660258295 0.040537649254515432 -0.24361970560547838 -0.0033985059555877162
leaf_weight=11.33859223499894 458.0471972161904 110.40160513296723 149.04305569967255 607.06862098444253 36.013758175075054 9.5697329323738831 58.181103564798832 12.330891635268925 65.17413754761219 14.984941544011233 429.98390528932214 172.81911559123546 454.19949206523597 5.8655029647052279 64.362971477210522
leaf_count=74 2078 604 750 2985 148 49 288 73 248 64 1968 568 1459 33 244
internal_value=6.98366e-05 -0.00817193 -0.0156846 -0.0201235 0.0551867 0.0235149 0.0353948 -0.067914 0.00498877 -0.00885726 -0.0225778 0.0122806 0.0253023 -0.0053187 0.038271
internal_weight=2659.38 993.947 803.464 756.112 47.3524 190.483 168.583 21.9006 1665.44 574.506 444.969 1090.93 627.019 463.913 129.537
internal_count=11633 4971 3957 3735 222 1014 892 122 6662 2524 2032 4138 2027 2111 492
is_linear=0
shrinkage=0.147268


Tree=78
num_leaves=15
num_cat=0
split_feature=42 42 19 43 26 13 42 14 25 6 19 36 19 19
split_gain=4.94748 26.4102 23.5352 24.3358 19.3748 15.1943 16.9743 18.4606 16.8429 16.4124 14.272 13.7412 12.6921 5.80502
threshold=0.074389327317476286 0.075859323143959059 0.69168147444725048 -0.065851859748363481 1.715421259403229 -0.76899221539497364 0.045285081490874297 -2.5405795574188228 1.0965642929077151 58.329612731933601 1.2495422363281252 0.00076205062214285146 1.1313510537147524 1.0960301756858828
decision_type=2 2 2 2 2 2 2 2 2 2 2 2 2 2
left_child=5 11 3 -3 -4 8 7 -7 10 -10 -1 -2 -8 -13
right_child=1 2 4 -5 -6 6 12 -9 9 -11 -12 13 -14 -15
leaf_value=0.050468622935003579 -0.24873692231464356 0.17662756274202562 -0.0071818327542190587 0.021991482785933762 0.061722363012099261 -0.078869661771719446 -0.030210750598006438 0.017761818379989126 -0.044749692366378449 0.050024682341299025 -0.014872030863303118 0.080809628336890177 -0.10005750941824648 0.20334965653441689
leaf_weight=234.49578019045293 1.9669905975460995 32.202487248927355 1304.8407030366361 70.171187690459192 94.941335826180875 52.440874543040991 185.6104195304215 235.06718474254012 166.30259184911847 52.021410940214992 104.93562651984394 14.596424788236616 81.0788718406111 19.743026752024889
leaf_count=1008 6 145 5767 364 411 238 813 1108 798 171 464 52 243 45
internal_value=6.74752e-05 0.00547691 0.00247688 0.0706388 -0.00250807 -0.00741658 -0.0246868 0.00013502 0.00974301 -0.0221657 0.0302677 0.129586 -0.0514472 0.151278
internal_weight=2650.41 1538.46 1502.16 102.374 1399.78 1111.95 554.197 287.508 557.755 218.324 339.431 36.3064 266.689 34.3395
internal_count=11633 6790 6687 509 6178 4843 2402 1346 2441 969 1472 103 1056 97
is_linear=0
shrinkage=0.147268


Tree=79
num_leaves=15
num_cat=0
split_feature=19 42 32 36 17 19 42 42 42 20 20 19 20 16
split_gain=5.45514 15.3905 11.4608 8.73886 6.2318 5.14505 21.0015 19.126 9.26154 17.69 13.4461 8.38055 4.86744 2.09594
threshold=0.50021979212760936 0.08092264831066133 -0.053325071930885308 0.14328282326459887 -20.669355392456051 0.75348827242851268 0.03251930512487889 0.093257769942283644 0.044099397957324989 0.27148032188415533 0.49995864927768713 0.57499670982360851 0.32624462246894842 -0.18774122744798658
decision_type=2 2 2 2 2 2 2 2 2 2 2 2 2 2
left_child=1 2 12 13 -4 6 11 -8 9 -7 -10 -2 -1 -3
right_child=5 3 4 -5 -6 8 7 -9 10 -11 -12 -13 -14 -15
leaf_value=0.099713072627413649 -0.002473155959636228 0.070357223966746901 0.047864859108758019 -0.099134099977670309 -0.18714697846498615 0.039419742336755506 0.060082843774445033 -0.020598082789257028 -0.0099152772443611027 -0.023231912377551588 0.033905104314219531 -0.15301256550723824 -0.053030031865648537 0.21820789808661631
leaf_weight=6.2739460766315451 13.510202607139943 3.0906625241041175 2.783984348177909 3.6012070029973975 20.066516580060132 285.65499348938465 182.37225088104606 97.939494660124183 1670.5147762494162 148.5731161441654 167.04866649210453 19.749368395656347 16.210642248392105 6.4116810783743849
leaf_count=39 118 20 21 16 186 1050 1006 552 6823 854 606 210 102 30
internal_value=7.43501e-05 -0.0444194 -0.0850537 0.0961353 -0.1585 0.00108022 0.0187633 0.0318924 -0.00136044 0.0179825 -0.00593148 -0.0918751 -0.0103919 0.170174
internal_weight=2643.8 58.4386 45.3351 13.1036 22.8505 2585.36 313.571 280.312 2271.79 434.228 1837.56 33.2596 22.4846 9.50234
internal_count=11633 414 348 66 207 11219 1886 1558 9333 1904 7429 328 141 50
is_linear=0
shrinkage=0.147268


Tree=80
num_leaves=13
num_cat=0
split_feature=42 23 5 17 42 10 21 10 8 39 8 40
split_gain=4.76156 5.62547 7.38673 7.11373 6.79584 5.72788 5.36436 5.33835 3.27478 2.51331 1.24244 1.22438
threshold=0.13975900411605838 0.11965615302324296 -0.024361602962017056 -42.175542831420891 0.08092264831066133 64.691879272460952 0.11735820770263673 48.654499053955085 -0.23733519762754438 2.5000000000000004 0.043847084045410163 0.022474748082458976
decision_type=2 2 2 2 2 2 2 2 2 2 2 2
left_child=1 2 4 -4 -1 7 -7 -3 -2 10 -10 -11
right_child=8 5 3 -5 -6 6 -8 -9 9 11 -12 -13
leaf_value=-0.15900802597861211 -0.10865502590665803 -0.00021037286507473365 0.11937621648562319 -0.091736900899864859 0.20285192902455482 0.14588238962620256 -0.18966598535007231 0.039488337459956349 0.20345181017903619 0.11065418921854002 0.054657223299487891 -0.1244026230195458
leaf_weight=1.5349144283682097 1.4249141812324513 2498.6958503713831 3.8088969215750685 37.689638969488442 4.199707118794322 1.2498734742403019 5.904350358992815 75.686397587880492 5.6353761963546258 0.87698259949684132 1.5616768188774584 1.057582816109061
leaf_count=46 15 10562 39 567 23 3 34 263 44 9 16 12
internal_value=6.57398e-05 -0.000330578 -0.0506944 -0.0723484 0.105926 0.000590833 -0.13098 0.000956681 0.0987644 0.131178 0.171229 -0.0176946
internal_weight=2639.33 2628.77 47.2332 41.4985 5.73462 2581.54 7.15422 2574.38 10.5565 9.13162 7.19705 1.93457
internal_count=11633 11537 675 606 69 10862 37 10825 96 81 60 21
is_linear=0
shrinkage=0.147268


Tree=81
num_leaves=13
num_cat=0
split_feature=20 10 36 27 6 13 43 13 22 22 44 13
split_gain=4.66065 4.65158 14.8727 11.2176 7.63758 5.99887 15.6009 6.39082 1.74125 3.13946 1.63134 0.00193867
threshold=0.03177966736257077 9.8958530426025408 0.09093231707811357 -0.0336367730051279 55.035366058349616 14.890033245086672 0.092519499361515059 5.6570289134979257 0.12022982910275461 0.11408037692308427 0.59020838141441356 26.246842384338382
decision_type=2 2 2 2 2 2 2 2 2 2 2 2
left_child=8 2 3 -2 -4 7 -7 -3 9 10 -1 -10
right_child=1 5 4 -5 -6 6 -8 -9 11 -11 -12 -13
leaf_value=-0.13932558332138537 -0.1856846656587352 -0.0017881981412488986 -0.17421444341270062 0.09671226084331748 0.1118296360199483 -0.0082883091065718093 -0.11524463309215238 0.017664674428374605 -0.15572897087468804 0.22474255313122229 0.0095781129300323425 -0.17298751201411475
leaf_weight=3.9428854277357441 3.2723370976746073 1787.9539611469954 8.8871074989438039 44.573013864457607 2.6186930015683165 282.57071837224066 33.033919310197234 460.63156996387988 4.1875543841160834 0.82753203436732281 2.6734380358830094 0.71489948825910676
leaf_count=98 16 8030 37 149 10 1116 129 1916 69 15 42 6
internal_value=4.65581e-05 0.000471508 0.04123 0.0773851 -0.109079 -0.000471815 -0.0194848 0.00219668 -0.090216 -0.0452597 -0.0791307 -0.158373
internal_weight=2635.89 2623.54 59.3512 47.8454 11.5058 2564.19 315.605 2248.59 12.3463 7.44386 6.61632 4.90245
internal_count=11633 11403 212 165 47 11191 1245 9946 230 155 140 75
is_linear=0
shrinkage=0.147268


Tree=82
num_leaves=16
num_cat=0
split_feature=18 12 25 20 40 11 24 24 42 9 31 40 5 24 37
split_gain=4.91354 16.1276 13.9841 11.8469 14.04 10.9707 6.43823 10.9302 10.1917 5.49008 7.77467 4.83864 4.69131 3.31403 3.18982
threshold=0.74703386425971996 4.5749361515045175 4.2983345985412607 0.078093282878398909 0.040930550545454032 89.631034851074233 0.61743706464767467 0.63405001163482677 -0.016725752502679821 -0.021782162599265572 -0.13808306306600568 0.050462609156966216 -0.051420114934444421 1.5794419050216677 0.21367302536964419
decision_type=2 2 2 2 2 2 2 2 2 2 2 2 2 2 2
left_child=2 9 6 4 -3 -5 8 -8 -1 11 -11 -2 14 -14 -4
right_child=1 3 12 5 -6 -7 7 -9 -10 10 -12 -13 13 -15 -16
leaf_value=-0.072970817590740797 -0.067509708332031043 0.05040798803883248 0.13031585699205026 0.044168109334125606 -0.089822552717024357 -0.048961742026339711 -0.10012098939547316 -0.0052159318608366121 0.013694008284350648 0.081759089915185323 -0.18836202602241256 -0.30417478739058174 -0.11684263887224605 -0.26310618862426377 -0.105029191323944
leaf_weight=30.734516654163599 3.0407149866223362 25.471879488322884 2.3248258084058788 266.89759268984199 39.47950305044651 30.571165703237057 26.792642762884498 1483.6650217515416 691.47907903091982 4.8565986156463632 4.4039161652326557 4.8998649828135967 11.800518943928184 4.7075159791856995 2.6943145543336868
leaf_count=289 22 162 16 1081 263 160 133 6034 3225 33 49 30 89 27 20
internal_value=3.98467e-05 0.01554 -0.00257036 0.0221537 -0.0348243 0.0345958 -0.00143121 -0.00689969 0.0100053 -0.12378 -0.0466814 -0.213623 -0.120692 -0.158596 0.00393244
internal_weight=2633.82 379.621 2254.2 362.42 64.9514 297.469 2232.67 1510.46 722.214 17.2011 9.26051 7.94058 21.5272 16.508 5.01914
internal_count=11633 1800 9833 1666 425 1241 9681 6167 3514 134 82 52 152 116 36
is_linear=0
shrinkage=0.147268


Tree=83
num_leaves=13
num_cat=0
split_feature=16 8 8 16 40 43 33 28 5 39 43 26
split_gain=4.65711 7.3619 15.2604 13.0778 10.8798 9.01883 8.34324 7.17993 6.77493 10.6486 9.01784 1.31837
threshold=9.1378998756408709 0.68510344624519359 0.31671723723411566 3.0680903196334843 0.28063865005970007 -0.068258419632911668 0.45302614569664007 -0.035045543685555451 0.54294288158416759 2.5000000000000004 0.99690920114517223 0.83553576469421398
decision_type=2 2 2 2 2 2 2 2 2 2 2 2
left_child=1 2 6 -4 5 -3 -1 -6 10 -10 11 -2
right_child=8 4 3 -5 7 -7 -8 -9 9 -11 -12 -13
leaf_value=0.0023141973762763621 -0.23281113029307191 -0.18103879231445785 -0.084753096551814761 0.0070401578909347149 -0.011208815843462869 0.022938576237906391 -0.22322824707808939 0.1522796311510283 0.15543812320266551 -0.15078033158728144 0.11208232120147528 -0.11130554673387728
leaf_weight=2381.8244443130679 7.405461713671686 5.249495565891265 84.09767546877265 56.116292655467987 7.7201427817344692 44.854655783623457 3.5603919476270667 23.698988053947687 5.7175801172852498 4.3230730593204498 2.488851122558116 2.6445757038891315
leaf_count=10628 31 17 361 177 25 230 9 96 14 11 19 15
internal_value=3.09572e-05 0.000607844 -0.000798048 -0.0480141 0.044165 0.00155548 0.00197725 0.112101 -0.0665602 0.0235615 -0.138741 -0.200895
internal_weight=2629.7 2607.12 2525.6 140.214 81.5233 50.1042 2385.38 31.4191 22.5795 10.0407 12.5389 10.05
internal_count=11633 11543 11175 538 368 247 10637 121 90 25 65 46
is_linear=0
shrinkage=0.147268


Tree=84
num_leaves=16
num_cat=0
split_feature=26 19 26 9 19 26 19 35 30 30 30 36 18 45 18
split_gain=4.59407 15.7496 13.238 20.1501 18.7414 10.7827 9.98324 9.31038 9.19499 16.2545 12.3401 8.29686 3.18019 4.68978 3.41815
threshold=0.83553576469421398 0.54389497637748729 0.90533369779586803 -0.034677043557167046 0.73343163728714 0.80955246090888988 1.3045641779899599 1.0000000180025095e-35 0.027232613414525989 0.036164276301860816 0.016022891737520698 -0.018630026839673516 0.064954895526170744 -0.18776819109916684 0.17995338886976245
decision_type=2 2 2 2 2 2 2 2 2 2 2 2 2 2 2
left_child=1 12 3 7 -5 11 -7 -2 10 -10 -4 -3 13 -1 -14
right_child=2 5 8 4 -6 6 -8 -9 9 -11 -12 -13 14 -15 -16
leaf_value=0.2864180879243905 -0.0052819143909066156 -0.1022212038000255 0.0027992079562316335 0.080251547617580965 -0.092802673010178749 0.082046947288577296 -0.1663349421168456 0.15498341402353655 -0.085469277586776943 -0.0065650428205718736 0.058761544170234943 0.0093825281256020906 0.063851866416412315 -0.19519392570634281 -0.13322660969133729
leaf_weight=0.45541366934776384 19.943535428494215 14.742790170013903 1012.7745154243894 15.470723976381121 110.43382732244208 64.216743300668895 3.7098718397319308 12.971135117113588 64.151507733389735 482.46632871031761 93.330744475126266 714.16639665002003 3.2314898502081624 10.511684564873576 4.6527353674173355
leaf_count=2 87 96 4586 113 495 243 20 41 255 1806 368 3331 26 111 53
internal_value=2.92593e-05 0.00920677 -0.00410297 -0.0447136 -0.0715352 0.0123547 0.0684727 0.0578729 -0.000200242 -0.0158261 0.00752154 0.00712459 -0.123829 -0.17512 -0.0524186
internal_weight=2627.23 815.687 1811.54 158.819 125.905 796.836 67.9266 32.9147 1652.72 546.618 1106.11 728.909 18.8513 10.9671 7.88423
internal_count=11633 3882 7751 736 608 3690 263 128 7015 2061 4954 3427 192 113 79
is_linear=0
shrinkage=0.147268


Tree=85
num_leaves=12
num_cat=0
split_feature=16 16 31 26 43 43 42 43 26 33 22
split_gain=4.6336 5.74297 10.7055 10.1785 10.1262 7.94931 19.9336 10.2846 5.01884 2.43987 0.15139
threshold=-6.8534033298492423 -3.1850489377975459 0.18733352422714236 1.6798741817474367 0.079816915094852461 -0.054447719827294343 0.10044620558619501 -0.053883204236626618 1.1951252222061159 0.060138493776321418 0.31257767975330358
decision_type=2 2 2 2 2 2 2 2 2 2 2
left_child=8 2 3 -2 -4 6 -3 -7 9 -1 -11
right_child=1 5 4 -5 -6 7 -8 -9 -10 10 -12
leaf_value=-0.044692176071967245 0.037633203761588727 -0.036989755070917611 -0.14262619308291632 -0.069441412771257052 0.1657812711732071 0.12125290744411173 0.020291181927213006 0.0018805911522881533 0.090532437719100189 -0.21670230839296403 -0.27595957298709428
leaf_weight=2.0159752108156663 227.96080418629572 376.26646930072457 14.178358752280475 21.026989215984941 2.7554819136857978 15.791895193979142 202.75327165238559 1755.5625507757068 2.0115582793951035 2.2968364246189594 1.7930275723338125
leaf_count=11 1031 2038 53 102 10 46 740 7567 13 13 9
internal_value=2.44853e-05 0.000369316 0.0208821 0.0285891 -0.0924115 -0.0019514 -0.0169314 0.00294511 -0.111055 -0.177522 -0.242873
internal_weight=2624.41 2616.3 265.922 248.988 16.9338 2350.37 579.02 1771.35 8.1174 6.10584 4.08986
internal_count=11633 11587 1196 1133 63 10391 2778 7613 46 33 22
is_linear=0
shrinkage=0.147268


Tree=86
num_leaves=13
num_cat=0
split_feature=33 29 43 30 2 1 44 2 33 45 30 44
split_gain=4.24904 12.1074 6.21751 6.27331 4.25075 11.552 13.9941 10.2364 17.5754 8.36295 7.03601 0.386087
threshold=-0.071409318596124635 0.17269372940063479 -0.018306497484445568 0.044945839792490012 -0.22355194389820096 -0.10043978691101073 -0.4068355113267898 -0.32505236566066736 -0.066311269998550401 -0.06536592915654181 -0.18626248836517331 0.51285511255264293
decision_type=2 2 2 2 2 2 2 2 2 2 2 2
left_child=1 2 3 -1 7 6 -6 10 -9 -7 -2 -4
right_child=4 -3 11 -5 5 9 -8 8 -10 -11 -12 -13
leaf_value=0.077159437427073096 -0.021345346439327492 -0.18915164569772555 0.14599820786724338 -0.18596890430979818 -0.085188058794262805 -0.024382870454081752 0.068382631555524279 -0.2357873679123223 -0.031096023420556874 0.0019010064700181733 0.10488719802548524 0.20089298255417778
leaf_weight=9.6462303027510661 21.685790669173002 3.7113150954246512 5.3287089802324772 2.4653876721858987 14.892164088785647 300.78401981294155 94.591418325901031 10.453219413757322 70.110007930546999 2064.7403742396273 17.142808433622122 6.0404998138546944
leaf_count=45 130 12 15 10 105 1393 514 18 430 8863 88 10
internal_value=2.11869e-05 0.057931 0.0970091 0.0235528 -0.000585706 0.000723439 0.0474899 -0.0277264 -0.0576638 -0.00144097 0.0343814 0.175219
internal_weight=2621.59 27.1921 23.4808 12.1116 2594.4 2475.01 109.484 119.392 80.5632 2365.52 38.8286 11.3692
internal_count=11633 92 80 55 11541 10875 619 666 448 10256 218 25
is_linear=0
shrinkage=0.147268


Tree=87
num_leaves=15
num_cat=0
split_feature=18 18 23 22 9 15 23 42 8 41 41 9 12 13
split_gain=4.45373 6.35301 8.21843 24.1979 5.66982 10.5667 10.0155 4.81635 5.08636 3.80072 4.34493 3.44899 3.33864 3.14079
threshold=3.0246106386184697 0.89557427167892467 0.1300836652517319 0.062815256416797652 -0.061365978792309754 -0.19920749217271802 0.26983100175857549 0.097420372068882002 0.018743366934359077 0.90926986932754528 0.80010247230529796 -0.021118148230016228 55.21473693847657 1.3276641368865969
decision_type=2 2 2 2 2 2 2 2 2 2 2 2 2 2
left_child=1 4 11 -4 6 -6 -1 8 13 10 -9 -3 -10 -2
right_child=7 2 3 -5 5 -7 -8 9 12 -11 -12 -13 -14 -15
leaf_value=0.15785094993064172 -0.069806923870318088 0.21481872586815082 0.50795785268707205 0.022604584844874979 -0.069129925892253669 -0.0029589023932556969 0.011542928828983258 0.015291847830668798 0.11417874863669936 -0.16961840034564268 0.29576882792622627 -0.1474923137170927 -0.077821903661916922 -0.24173113668100682
leaf_weight=10.486840836703776 3.8096823096275383 0.61236624419689167 2.2454070709645739 256.47272266075015 53.780980657786131 1949.2876734095626 312.14467228576541 4.3323188163340083 2.7529012467712146 1.491505518555641 1.655047435313463 7.8021058291196805 6.8373709525913 5.860961677506566
leaf_count=27 28 2 9 1133 209 8705 1252 31 18 13 7 116 56 27
internal_value=3.62745e-05 0.000653067 0.0221623 0.0268219 -0.0018174 -0.00473576 0.0163004 -0.0597562 -0.0987041 0.0405108 0.0929425 -0.121046 -0.0226658 -0.174061
internal_weight=2619.57 2592.83 267.133 258.718 2325.7 2003.07 322.632 26.7398 19.2609 7.47887 5.98737 8.41447 9.59027 9.67064
internal_count=11633 11453 1260 1142 10193 8914 1279 180 129 51 38 118 74 55
is_linear=0
shrinkage=0.147268


Tree=88
num_leaves=11
num_cat=0
split_feature=27 28 43 13 9 37 15 37 18 22
split_gain=4.24427 4.12023 10.1814 10.7447 9.54412 5.04569 18.0404 8.0905 1.41246 0.530405
threshold=-0.17590244859457013 0.15046926587820056 0.074362710118293776 -9.1755585670471174 0.017332729883491996 -1.0000000180025095e-35 0.01239898055791855 0.001505277934484184 1.5965758562088015 2.2390378713607793
decision_type=2 2 2 2 2 2 2 2 2 2
left_child=8 5 4 -4 -3 6 -2 -7 9 -1
right_child=1 2 3 -5 -6 7 -8 -9 -10 -11
leaf_value=0.20940335106554725 -0.14316583450693368 -0.18586807162966079 0.19017792407050843 -0.098212407966547718 0.08703017224595247 0.10279099349109819 -0.00091446761661895921 -0.00055799916191796352 0.02869439992408326 0.111332371356985
leaf_weight=2.2597374171018592 24.622976713813841 2.9519714415073386 3.3360852450132397 17.429660428315401 46.913635978475213 16.538644863292575 90.030738433822989 2407.8156476803124 3.0223036035895348 2.6021887958049774
leaf_count=11 95 8 21 119 166 88 334 10757 19 15
internal_value=2.14166e-05 -0.000304468 0.0347791 -0.051854 0.0708625 -0.00128058 -0.0314687 0.000147001 0.107896 0.15704
internal_weight=2617.52 2609.64 70.6314 20.7657 49.8656 2539.01 114.654 2424.35 7.88423 4.86193
internal_count=11633 11588 314 140 174 11274 429 10845 45 26
is_linear=0
shrinkage=0.147268


Tree=89
num_leaves=15
num_cat=0
split_feature=25 43 22 16 16 23 25 43 30 30 0 6 22 32
split_gain=4.56246 7.10163 8.36902 8.71887 8.18726 10.3957 6.90374 11.0965 15.9909 15.2687 8.83414 14.4241 11.1975 6.72591
threshold=0.4009635597467423 -0.023171721026301381 0.05975726246833802 -5.042705535888671 0.87307029962539684 0.63908264040946972 0.89300072193145763 0.00088003161363303672 0.10995740443468095 0.027232613414525989 0.003309897612780333 52.715141296386726 0.069426424801349654 0.02918907813727856
decision_type=2 2 2 2 2 2 2 2 2 2 2 2 2 2
left_child=1 4 -3 -4 13 -6 7 9 -9 -2 11 -8 -12 -1
right_child=6 2 3 -5 5 -7 10 8 -10 -11 12 -13 -14 -15
leaf_value=0.021319627118586714 0.01080838504326042 0.25873536761835708 0.12372029905840848 -0.055510002927391722 0.008382871316654111 -0.1809296819283962 -0.0076588979194923299 0.043499095223782001 -0.035286703265706952 -0.053353658189844007 0.29612544913031952 -0.071616124386731553 0.0074168538328055773 0.15735901728964144
leaf_weight=51.914683527313173 377.50884258234873 1.9711210317909706 6.1818559020757666 122.09825059166178 19.24925813544542 9.3409634381532651 771.89832326117903 334.14239629171789 67.084283523261547 102.2161628138274 2.9246392846107474 84.886970977298915 653.98494539968669 9.292958837002514
leaf_count=368 1814 9 22 665 165 47 3941 1177 265 352 23 318 2442 25
internal_value=2.25519e-05 -0.0202708 -0.042238 -0.0468688 0.0115895 -0.0534674 0.00188748 0.0122526 0.0303254 -0.00286235 -0.00414473 -0.013996 0.00870355 0.0419832
internal_weight=2614.7 220.049 130.251 128.28 89.7979 28.5902 2394.65 880.952 401.227 479.725 1513.69 856.785 656.91 61.2076
internal_count=11633 1301 696 687 605 212 10332 3608 1442 2166 6724 4259 2465 393
is_linear=0
shrinkage=0.147268


Tree=90
num_leaves=16
num_cat=0
split_feature=44 43 37 42 26 43 8 40 22 37 8 25 8 28 14
split_gain=4.58505 8.25691 8.79647 8.29369 6.35783 5.65507 5.3024 10.803 20.474 11.5674 10.3949 13.3553 8.45282 4.23631 2.6858
threshold=-0.72364482283592213 0.012663244735449554 0.016881601884961132 0.089141640812158598 1.6341531872749331 0.025614507496356968 -0.18699156492948529 0.29171568155288702 0.43698409199714666 0.12729371339082721 -0.10854344815015791 1.0001121163368227 -0.081190809607505784 0.018832134082913402 13.537834644317629
decision_type=2 2 2 2 2 2 2 2 2 2 2 2 2 2 2
left_child=1 2 14 13 -4 -5 7 8 -2 -9 11 -8 -12 -3 -1
right_child=6 3 4 5 -6 -7 10 9 -10 -11 12 -13 -14 -15 -16
leaf_value=-0.20681955595392812 0.07488004709629198 0.056168757484828885 0.003844619970305301 -0.30975106072726805 0.11430802527589913 0.039270360352163913 0.002456874295242759 -0.092929727660969921 -0.0028584342370691607 0.004705676714507172 0.039843811540970706 -0.091937434565720497 -0.0040397295618747999 0.18994857494008074 -0.013409623038924815
leaf_weight=5.0621729418635359 123.66593912430108 8.3332369811832958 73.53674628585577 1.5429785698652256 13.351451594382523 2.8861693684011698 64.959557706490159 35.950947045348585 181.0220144353807 98.17580646276474 100.43726058676839 65.05509362462908 1823.0675484430976 13.407672986388205 2.253661572933197
leaf_count=18 462 33 322 17 43 28 310 110 778 437 435 296 8291 39 14
internal_value=2.34618e-05 0.0280952 0.00776206 0.101271 0.0208242 -0.0823383 -0.00133225 0.0133619 0.0286932 -0.0214631 -0.00447238 -0.0447735 -0.00174813 0.138694 -0.147298
internal_weight=2612.71 120.374 94.204 26.1701 86.8882 4.42915 2492.33 438.815 304.688 134.127 2053.52 130.015 1923.5 21.7409 7.31583
internal_count=11633 514 397 117 365 45 11119 1787 1240 547 9332 606 8726 72 32
is_linear=0
shrinkage=0.147268


Tree=91
num_leaves=12
num_cat=0
split_feature=23 45 15 42 3 23 27 42 25 25 18
split_gain=3.79783 4.5779 5.55428 6.30825 5.20481 4.68719 4.52033 7.97249 2.98331 1.21104 0.153182
threshold=34.597558975219734 2.00205409526825 0.74701282382011425 0.06715657934546472 0.61547327041625988 11.606624126434328 0.0056875892914831647 0.044099397957324989 0.96788489818573009 0.76584887504577648 0.013788565527647735
decision_type=2 2 2 2 2 2 2 2 2 2 2
left_child=1 2 4 -4 -1 9 10 -8 -7 -3 -2
right_child=6 5 3 -5 -6 8 7 -9 -10 -11 -12
leaf_value=0.0018143571753439236 0.18410831821359414 -0.27474428563407766 0.0053027431606394743 0.15728400343789636 -0.019340296799453659 -0.090045532120600541 -0.18353945900349966 0.11285037773177736 0.045373109373071409 -0.12650628476578807 0.13944723207162041
leaf_weight=2266.5721354284324 2.8179439827799788 2.3130115941166904 13.847477912902834 10.353695858269928 283.82011297345161 7.9314483776688558 3.2125983238220197 5.0745831951498985 6.3494258522987366 2.5064621567726135 4.5070545598864555
leaf_count=10553 10 10 76 27 853 32 4 18 26 12 12
internal_value=2.94948e-05 -0.000406322 0.000126498 0.0703424 -0.000539738 -0.0722342 0.0724421 -0.00202986 -0.0298191 -0.197794 0.156713
internal_weight=2609.31 2593.69 2574.59 24.2012 2550.39 19.1003 15.6122 8.28718 14.2809 4.81947 7.325
internal_count=11633 11589 11509 103 11406 80 44 22 58 22 22
is_linear=0
shrinkage=0.147268


Tree=92
num_leaves=13
num_cat=0
split_feature=10 10 20 32 45 29 3 3 5 3 23 2
split_gain=4.21361 13.6842 10.684 10.8486 8.98219 6.05862 5.47133 15.7767 11.1094 5.21278 0.263813 0.0222677
threshold=56.153135299682624 48.654499053955085 0.097904622554779067 0.12422163784503938 0.072324715554714217 0.028014544397592548 0.61547327041625988 0.19478803873062137 0.077158916741609587 1.7819886803627016 0.54002210497856151 0.12427669763565065
decision_type=2 2 2 2 2 2 2 2 2 2 2 2
left_child=1 6 11 -4 5 9 7 -1 -8 -2 -7 -3
right_child=4 2 3 -5 -6 10 8 -9 -10 -11 -12 -13
leaf_value=-0.0032939705517789912 -0.15113201552030714 -0.16834909589869487 0.17052675755370375 0.021779250527377236 0.14817381342790528 -0.28934382217147658 -0.077024472871033228 0.032497262250455586 -0.0042607178178312591 -0.009850447548109929 -0.21213924115299396 -0.19887720206735399
leaf_weight=1962.171631553676 8.1362064704299026 1.1370203476399177 22.293670106679201 20.341152388602495 4.3241032585501662 1.7242298386991013 59.277846806682646 309.18986630998552 195.90722925029695 18.646384537220001 2.3938536271452904 1.8697115704417226
leaf_count=9628 58 19 66 85 9 8 158 945 587 48 12 10
internal_value=3.1774e-05 0.000724695 0.080642 0.0995701 -0.0505559 -0.0783822 -0.000718946 0.00157802 -0.0211649 -0.0527887 -0.244658 -0.187547
internal_weight=2607.41 2572.19 45.6416 42.6348 35.2248 30.9007 2526.55 2271.36 255.185 26.7826 4.11808 3.00673
internal_count=11633 11498 180 151 135 126 11318 10573 745 106 20 29
is_linear=0
shrinkage=0.147268


Tree=93
num_leaves=15
num_cat=0
split_feature=44 43 43 17 22 13 9 44 43 42 5 42 42 14
split_gain=4.03206 8.90904 20.6593 14.046 9.49429 8.14496 6.16325 5.99302 15.6585 15.9788 14.7227 12.6419 22.7879 11.8382
threshold=0.75584653019905101 0.074362710118293776 0.025614507496356968 29.316826820373539 0.17113468050956729 12.594885826110842 0.032246701419353492 0.25430014729499822 -0.02809171192348003 0.098068848252296462 -0.0012712980387732384 0.084864247590303435 0.037535395473241813 0.19858717918395999
decision_type=2 2 2 2 2 2 2 2 2 2 2 2 2 2
left_child=7 2 3 -2 -4 6 -3 8 10 -10 -1 12 -9 -13
right_child=1 5 4 -5 -6 -7 -8 11 9 -11 -12 13 -14 -15
leaf_value=-0.031404588099258016 0.024783468898395611 -0.023137591156808267 -0.13292010217016484 -0.13492503279304241 0.15266030972765748 0.18908978492200956 -0.15535786522022002 0.019318648248594986 0.025806153334704679 -0.028331149085743822 0.01425877671027115 -0.015667569768168611 -0.047581513700058267 0.036455347847406262
leaf_weight=389.1593650886789 107.68924472853541 36.325121611356735 2.719071762636303 13.430504305288194 34.90192337334156 3.2813315317034712 9.6853598281741125 161.60025759041309 721.89100567204878 141.39500395953655 252.47361550480127 198.74380996497348 348.65658089797944 180.16641837358475
leaf_count=2219 595 162 18 66 93 12 44 892 2418 859 877 1042 1444 892
internal_value=3.32194e-05 0.0196991 0.0366823 0.00706972 0.132006 -0.0349879 -0.0509821 -0.00167553 0.00398798 0.0169388 -0.0134363 -0.0112613 -0.0263934 0.00911544
internal_weight=2602.12 208.033 158.741 121.12 37.621 49.2918 46.0105 2394.09 1504.92 863.286 641.633 889.167 510.257 378.91
internal_count=11633 990 772 661 111 218 206 10643 6373 3277 3096 4270 2336 1934
is_linear=0
shrinkage=0.147268


Tree=94
num_leaves=16
num_cat=0
split_feature=21 14 5 27 11 31 12 29 26 32 26 23 12 41 26
split_gain=4.56935 7.89737 9.7298 8.15854 11.8489 8.39886 7.60357 13.0528 14.0515 11.5044 9.80441 18.8547 10.6887 3.79604 3.52508
threshold=0.15494201332330707 -17.056715011596676 -0.027581754140555855 0.0077900188043713578 15.266447544097902 -0.12381934002041815 15.582077026367189 -0.0014893513289280234 1.0958423614501955 -0.038147775456309312 0.83553576469421398 0.096300646662712111 20.889997482299808 0.9123014807701112 1.1522914767265322
decision_type=2 2 2 2 2 2 2 2 2 2 2 2 2 2 2
left_child=1 2 14 4 -3 -5 7 8 -2 -9 11 -8 -12 -4 -1
right_child=6 3 13 5 -6 -7 10 9 -10 -11 12 -13 -14 -15 -16
leaf_value=-0.079701368903508402 -0.070431220986632168 0.015652040547223949 -0.17779794095455478 0.015496906630634216 0.10863700637259775 -0.1206463868788851 0.5213357082666128 -0.12345988925656327 0.0024500486411890864 0.076460958649452987 0.039955569649601785 0.014996566983948767 -0.010322735410442098 -0.46923332646859206 0.23099805246168406
leaf_weight=1.5565866567194464 134.99698632583022 337.98164381366223 4.0507728736847621 21.582680797204375 32.587099816650152 18.03611502610147 1.5973206795752037 7.3940338119864455 99.764294493943453 40.003907561302185 99.289351457729936 592.48802689742297 1199.5751541573554 1.2773992419242857 1.6067241951823232
leaf_count=13 876 1909 38 109 146 90 31 62 467 215 462 2449 4754 4 8
internal_value=3.89517e-05 0.0141276 -0.126427 0.0170386 0.0238303 -0.0464769 -0.00267281 -0.0252255 -0.0394586 0.0452636 0.000688716 0.0163602 -0.00647903 -0.247871 0.0780666
internal_weight=2593.79 418.679 8.49148 410.188 370.569 39.6188 2175.11 282.159 234.761 47.3979 1892.95 594.085 1298.86 5.32817 3.16331
internal_count=11633 2317 63 2254 2055 199 9316 1620 1343 277 7696 2480 5216 42 21
is_linear=0
shrinkage=0.147268


Tree=95
num_leaves=16
num_cat=0
split_feature=33 44 2 12 42 10 42 23 14 36 28 44 16 9 10
split_gain=4.27878 11.9161 14.4024 12.7224 10.6561 19.2129 12.6233 9.43949 13.2285 19.3753 12.7885 12.4192 12.5071 11.9218 5.77289
threshold=-0.010598668828606604 -0.53982329368591297 -0.085562162101268754 65.914794921875014 0.055203137919306762 12.595328807830812 0.066364314407110228 0.59639370441436779 -8.3189516067504865 0.13378271460533145 -0.012035354040563105 -0.37481801211833948 -0.27034139633178705 -0.0026109575992450114 16.558144569396976
decision_type=2 2 2 2 2 2 2 2 2 2 2 2 2 2 2
left_child=1 2 14 -4 5 -3 -6 8 9 -2 -10 12 -9 -13 -1
right_child=7 4 3 -5 6 -7 -8 11 10 -11 -12 13 -14 -15 -16
leaf_value=-0.10171482541120404 -0.042537280478082619 0.14994344626246198 0.13732881101578445 -0.032440925474214295 -0.070579644597459829 0.014275676250219534 8.4404204455742999e-05 -0.099847758228952102 0.026399627940521472 -0.26407978432878459 -0.017117039321950214 0.041946896212660845 0.016785615179047766 -0.0053628982880903186 0.02148560900731189
leaf_weight=10.814916498959063 109.2087952401489 26.721668984740973 46.736160177737474 12.035315420478581 59.146576922386885 148.16393240168691 750.25201666168869 41.057658977806568 188.81239892728627 9.2887856960296613 652.91541357431561 245.47154346108437 38.758998080156744 218.19008626043797 34.735306993126869
leaf_count=50 546 70 161 48 321 727 3373 176 839 22 3080 998 170 845 207
internal_value=2.77243e-05 0.00705969 0.0543867 0.102558 0.00204324 0.0350082 -0.00507916 -0.00506288 -0.0138412 -0.0599101 -0.00735521 0.0104463 -0.043208 0.0196833 -0.00776259
internal_weight=2592.31 1088.61 104.322 58.7715 984.284 174.886 809.399 1503.7 960.225 118.498 841.728 543.478 79.8167 463.662 45.5502
internal_count=11633 4957 466 209 4491 797 3694 6676 4487 568 3919 2189 346 1843 257
is_linear=0
shrinkage=0.147268


Tree=96
num_leaves=16
num_cat=0
split_feature=42 19 6 13 13 42 42 39 20 13 29 42 15 18 38
split_gain=4.08268 8.14381 14.206 7.09098 5.17774 5.16785 15.9573 28.1581 13.3597 12.8363 12.6124 10.1908 3.64259 4.51287 2.56057
threshold=-0.034661317244172089 1.9229420423507693 55.579566955566413 -9.4763622283935529 -7.2316315174102774 0.044099397957324989 0.066364314407110228 1.0000000180025095e-35 0.25036516785621649 -6.3148458003997794 0.014401248656213285 0.040751053020358093 -0.46415472030639643 0.77902653813362133 4.5000000000000009
decision_type=2 2 2 2 2 2 2 2 2 2 2 2 2 2 2
left_child=1 12 4 -4 -3 9 7 -7 -8 10 -2 -11 14 -14 -1
right_child=5 2 3 -5 -6 6 8 -9 -10 11 -12 -13 13 -15 -16
leaf_value=0.15125974019673766 0.011319115865362847 -0.025174839227534555 0.11263287544338642 -0.24173330071567392 0.17807296810849513 -0.12634227035296117 -0.0044591910552143248 -0.01296327320688853 0.024129239176911007 -0.0068036302278188217 0.10525626866413883 0.11058160561901276 -0.14108371116095222 0.029379904531599318 -0.054432329677666966
leaf_weight=1.9912126138806368 66.04056154191494 3.8168018236756334 1.6574853919446466 4.6672958470880976 9.4197544902563095 55.350292871706188 1202.5816539376974 335.23817398119718 502.70079966075718 297.04824715014547 58.431652655825019 16.953212291002274 20.814430542290214 4.0145850852131835 3.8399456180632114
leaf_count=14 322 33 17 45 73 230 5696 1055 2129 1407 187 142 211 38 34
internal_value=3.60396e-05 -0.0415421 0.03269 -0.148816 0.119449 0.000860112 -0.0021815 -0.0290315 0.00396825 0.0153994 0.0554198 -0.000464329 -0.0889109 -0.11351 0.0157858
internal_weight=2584.57 50.2215 19.5613 6.32478 13.2366 2534.34 2095.87 390.588 1705.28 438.474 124.472 314.001 30.6602 24.829 5.83116
internal_count=11633 465 168 62 106 11168 9110 1285 7825 2058 509 1549 297 249 48
is_linear=0
shrinkage=0.147268


Tree=97
num_leaves=16
num_cat=0
split_feature=43 40 12 41 1 43 33 43 43 27 16 43 43 39 9
split_gain=4.35996 14.4854 12.0562 10.5271 9.51659 8.89086 7.60617 7.11796 23.6257 24.6457 11.1888 10.6018 21.969 18.807 6.73694
threshold=0.14372134953737262 0.4212701171636582 22.422628402709964 0.16247642785310748 -0.013972130138427017 0.14662036299705508 -0.00094429217278957356 0.079816915094852461 0.091252729296684279 -0.020443661138415333 2.0105308294296269 0.058744767680764205 0.035900220274925239 1.0000000180025095e-35 0.0013569470611400904
decision_type=2 2 2 2 2 2 2 2 2 2 2 2 2 2 2
left_child=7 2 6 -4 5 -3 -2 11 10 -10 -9 12 -1 -13 -6
right_child=1 4 3 -5 14 -7 -8 8 9 -11 -12 13 -14 -15 -16
leaf_value=-0.001600338483696581 -0.022836582313823118 -0.37669938322107288 -0.0040634834496621718 -0.096646417950017591 0.14773009539453505 -0.0053766757083294585 0.14585583128607296 0.15276312148686108 -0.13926218075008678 0.023296514643714628 0.021746690069322078 -0.1641902612805021 0.062924752594241504 -0.017406671694291991 0.0016925694937609719
leaf_weight=1896.5485200416297 13.085404310375454 1.7048165202140788 41.291556853801012 75.076696781441569 19.669788677245382 7.7511023841798306 10.401284873485563 38.611729329451919 24.486044123768806 116.24709791503847 22.311374589800835 21.566103123128414 121.78415795043111 154.92520905099809 10.517993740737436
leaf_count=8719 120 2 237 534 64 57 46 125 100 360 74 103 548 460 84
internal_value=4.08339e-05 -0.0220967 -0.0443715 -0.0637978 0.0564751 -0.0724183 0.0518642 0.0016991 0.0281775 -0.00498649 0.104789 -0.000733581 0.00229296 -0.035346 0.0968608
internal_weight=2575.98 179.499 139.855 116.368 39.6437 9.45592 23.4867 2396.48 201.656 140.733 60.9231 2194.82 2018.33 176.491 30.1878
internal_count=11633 1144 937 771 207 59 166 10489 659 460 199 9830 9267 563 148
is_linear=0
shrinkage=0.147268


Tree=98
num_leaves=16
num_cat=0
split_feature=42 39 42 22 42 42 16 10 17 30 10 7 7 37 28
split_gain=3.93798 16.577 17.6468 10.7236 9.64732 9.59638 8.30557 8.65888 7.35345 6.44365 5.39821 17.6297 6.35934 5.20878 1.89633
threshold=0.11379278823733331 1.0000000180025095e-35 0.11779172718524934 0.12422887235879899 0.11336464062333108 0.1278709024190903 -0.90912130475044239 21.359095573425297 3.4337146282196049 -0.071196027100086198 11.096305370330812 -7.053572177886962 3.4966492652893071 0.06728114560246469 -0.01266287127509713
decision_type=2 2 2 2 2 2 2 2 2 2 2 2 2 2 2
left_child=4 6 3 -3 10 -4 7 -2 14 -8 11 -1 -12 -10 -6
right_child=1 2 5 -5 8 -7 9 -9 13 -11 12 -13 -14 -15 -16
leaf_value=-0.25770268358773357 -0.25478749211834228 -0.14055791723841501 -0.055368347016435303 0.12464511673968429 -0.45170555505465609 0.041750488575260508 0.085945151396905214 0.027960422529839647 -0.17719220069988972 -0.084455590703368777 0.0012894061441860445 0.036471692384607755 -0.018597349512003952 0.020967537016832665 -0.21441509361919919
leaf_weight=4.5625748448073855 8.2935826778411883 3.5297099053859702 37.13030519336462 51.777128014713526 1.4151072800159457 54.378833246417344 7.8612616434693363 3.2739236503839484 5.227413058280943 12.40243088826537 1802.8714584666304 137.68123076204211 432.36866702558473 6.3892648406326771 1.5361058972775925
leaf_count=17 54 17 339 193 11 393 50 19 28 99 8092 473 1809 29 10
internal_value=5.59435e-05 0.0211474 0.042037 0.10771 -0.00151914 0.00234056 -0.0751902 -0.174746 -0.120989 -0.0183329 -0.000786877 0.0270303 -0.00255723 -0.0681934 -0.328521
internal_weight=2570.7 178.647 146.816 55.3068 2392.05 91.5091 31.8312 11.5675 14.5679 20.2637 2377.48 142.244 2235.24 11.6167 2.95121
internal_count=11633 1164 942 210 10469 732 222 73 78 149 10391 490 9901 57 21
is_linear=0
shrinkage=0.147268


Tree=99
num_leaves=13
num_cat=0
split_feature=43 43 22 43 16 22 10 19 41 25 22 7
split_gain=4.06533 7.07414 8.15494 6.93852 6.12327 8.20953 6.44725 4.52832 2.43965 3.61317 2.17392 0.687852
threshold=1.1709803342819216 0.45049005746841436 0.5822775959968568 0.50405240058898937 9.1378998756408709 2.5768921375274663 44.411516189575202 0.81162428855896007 0.42566919326782232 1.8884333372116091 0.32471925020217901 -1.1502925753593443
decision_type=2 2 2 2 2 2 2 2 2 2 2 2
left_child=1 4 7 -4 5 -1 -6 -3 11 10 -10 -2
right_child=8 2 3 -5 6 -7 -8 -9 9 -11 -12 -13
leaf_value=0.00027871691391836875 0.095508580093246059 0.072191365280838485 -0.27897427671955743 0.050265504731938804 -0.14121487669186158 0.093229835477587134 0.06932022011787084 -0.19248040622493021 -0.075304922680817551 -0.17655795686907003 0.13932163269903236 0.2400921944996868
leaf_weight=2492.1028097700328 1.0511643290519717 1.5975295193493391 1.5921030491590489 10.744622509926556 12.542167209088804 20.777421522885561 4.2110251486301413 11.311732316389678 1.3097183667123315 1.326422620564699 4.6404359936714172 2.2998674996197206
leaf_count=11131 12 14 15 84 49 102 13 129 15 13 37 19
internal_value=5.96515e-05 -0.000318368 -0.0778851 0.00771446 0.000455703 0.00104746 -0.0882765 -0.159699 0.0909455 0.0429891 0.0920218 0.194908
internal_weight=2565.51 2554.88 25.246 12.3367 2529.63 2512.88 16.7532 12.9093 10.6276 7.27658 5.95015 3.35103
internal_count=11633 11537 242 99 11295 11233 62 143 96 65 52 31
is_linear=0
shrinkage=0.147268


end of trees

feature_importances:
spy_sma200_dist=153
vixy_relative=119
adx=57
rvol_20=57
atr_ratio=49
spy_corr_5d=49
bb_width=40
adx_slope_3d=36
rvol_5=36
ema200_slope=36
stoch_d=34
vol_trend=32
dist_ema_200=30
rsi_slope_3d=30
macd_hist=29
stoch_k_minus_d=28
close_position=28
ema_fast_slow_ratio=27
ema_slow_trend_ratio=27
macd_hist_delta=27
dist_to_resistance=27
stoch_k_slope_3d=26
ret_3d=25
ret_10d=25
dist_to_support=23
stoch_k=21
lower_wick_ratio=21
dist_ema_trend=20
rsi=20
rsi_delta=20
vol_ratio_slope_3d=20
vol_ratio=20
vol_delta=20
ema50_slope=20
day_of_week=20
ret_1d=19
macd_hist_slope_3d=18
bb_pctb=17
ret_5d=17
spy_rel_strength_5d=17
ret_20d=14
dist_ema_fast=8
dist_ema_slow=8
entry_score=8
higher_low_5=3

parameters:
[boosting: gbdt]
[objective: binary]
[metric: binary_logloss]
[tree_learner: serial]
[device_type: cpu]
[data_sample_strategy: bagging]
[data: ]
[valid: ]
[num_iterations: 100]
[learning_rate: 0.147268]
[num_leaves: 101]
[num_threads: 0]
[seed: 42]
[deterministic: 0]
[force_col_wise: 0]
[force_row_wise: 0]
[histogram_pool_size: -1]
[max_depth: 4]
[min_data_in_leaf: 10]
[min_sum_hessian_in_leaf: 0.001]
[bagging_fraction: 0.996428]
[pos_bagging_fraction: 1]
[neg_bagging_fraction: 1]
[bagging_freq: 0]
[bagging_seed: 400]
[bagging_by_query: 0]
[feature_fraction: 0.540048]
[feature_fraction_bynode: 1]
[feature_fraction_seed: 30056]
[extra_trees: 0]
[extra_seed: 12879]
[early_stopping_round: 0]
[early_stopping_min_delta: 0]
[first_metric_only: 0]
[max_delta_step: 0]
[lambda_l1: 0.00193606]
[lambda_l2: 0.00199545]
[linear_lambda: 0]
[min_gain_to_split: 0]
[drop_rate: 0.1]
[max_drop: 50]
[skip_drop: 0.5]
[xgboost_dart_mode: 0]
[uniform_drop: 0]
[drop_seed: 17869]
[top_rate: 0.2]
[other_rate: 0.1]
[min_data_per_group: 100]
[max_cat_threshold: 32]
[cat_l2: 10]
[cat_smooth: 10]
[max_cat_to_onehot: 4]
[top_k: 20]
[monotone_constraints: ]
[monotone_constraints_method: basic]
[monotone_penalty: 0]
[feature_contri: ]
[forcedsplits_filename: ]
[refit_decay_rate: 0.9]
[cegb_tradeoff: 1]
[cegb_penalty_split: 0]
[cegb_penalty_feature_lazy: ]
[cegb_penalty_feature_coupled: ]
[path_smooth: 0]
[interaction_constraints: ]
[verbosity: -1]
[saved_feature_importance_type: 0]
[use_quantized_grad: 0]
[num_grad_quant_bins: 4]
[quant_train_renew_leaf: 0]
[stochastic_rounding: 1]
[linear_tree: 0]
[max_bin: 255]
[max_bin_by_feature: ]
[min_data_in_bin: 3]
[bin_construct_sample_cnt: 200000]
[data_random_seed: 175]
[is_enable_sparse: 1]
[enable_bundle: 1]
[use_missing: 1]
[zero_as_missing: 0]
[feature_pre_filter: 0]
[pre_partition: 0]
[two_round: 0]
[header: 0]
[label_column: ]
[weight_column: ]
[group_column: ]
[ignore_column: ]
[categorical_feature: ]
[forcedbins_filename: ]
[precise_float_parser: 0]
[parser_config_file: ]
[objective_seed: 16083]
[num_class: 1]
[is_unbalance: 0]
[scale_pos_weight: 1.71799]
[sigmoid: 1]
[boost_from_average: 1]
[reg_sqrt: 0]
[alpha: 0.9]
[fair_c: 1]
[poisson_max_delta_step: 0.7]
[tweedie_variance_power: 1.5]
[lambdarank_truncation_level: 30]
[lambdarank_norm: 1]
[label_gain: ]
[lambdarank_position_bias_regularization: 0]
[eval_at: ]
[multi_error_top_k: 1]
[auc_mu_weights: ]
[num_machines: 1]
[local_listen_port: 12400]
[time_out: 120]
[machine_list_filename: ]
[machines: ]
[gpu_platform_id: -1]
[gpu_device_id: -1]
[gpu_use_dp: 0]
[num_gpu: 1]

end of parameters

pandas_categorical:null
