tree
version=v4
num_class=1
num_tree_per_iteration=1
label_index=0
max_feature_idx=45
objective=binary sigmoid:1
feature_names=dist_ema_fast dist_ema_slow dist_ema_trend dist_ema_200 ema_fast_slow_ratio ema_slow_trend_ratio rsi rsi_delta macd_hist macd_hist_delta adx stoch_k stoch_d stoch_k_minus_d rsi_slope_3d macd_hist_slope_3d adx_slope_3d stoch_k_slope_3d vol_ratio_slope_3d atr_ratio bb_width bb_pctb rvol_5 rvol_20 vol_ratio vol_delta vol_trend ret_1d ret_3d ret_5d ret_10d ret_20d ema50_slope ema200_slope higher_high_5 higher_low_5 dist_to_support dist_to_resistance entry_score day_of_week lower_wick_ratio close_position spy_sma200_dist vixy_relative spy_corr_5d spy_rel_strength_5d
feature_infos=[-0.88574057817459106:0.4875151515007019] [-0.90299510955810547:0.76895833015441895] [-0.92175906896591187:1.1927714347839355] [-0.96047717332839966:2.6778063774108887] [-0.60347378253936768:0.26220744848251343] [-0.72385096549987793:0.33237341046333313] [7.5988736152648926:96.685592651367188] [-62.372486114501953:31.986618041992188] [-197.04545593261719:70.265037536621094] [-99.670982360839844:23.154708862304688] [6.2795281410217285:76.904464721679688] [0:100] [0.034256916493177414:100] [-64.694847106933594:58.8792724609375] [-62.326080322265625:36.941539764404297] [-185.67686462402344:68.547607421875] [-11.085587501525879:13.92613410949707] [-99.568702697753906:97.747108459472656] [-8.6434249877929688:8.880615234375] [0.16763316094875336:4.9746532440185547] [0.016309330239892006:6.0319781303405762] [-0.58364927768707275:1.5649608373641968] [0.0095329321920871735:6.803565502166748] [0.05466320738196373:3.3462181091308594] [0:10.107682228088379] [0:19.858945846557617] [0.22362680733203888:3.2437946796417236] [-0.90247070789337158:0.6558641791343689] [-0.90817838907241821:1.0293209552764893] [-0.91243928670883179:1.0542452335357666] [-0.92272096872329712:1.692307710647583] [-0.92531090974807739:2.2250015735626221] [-0.16689608991146088:0.25672763586044312] [-0.090851902961730957:0.24709126353263855] [0:1] [0:1] [-8.7345666885375977:0.69477164745330811] [-0.28792133927345276:13.043357849121094] [0:12] [0:4] [0:1] [0:1] [-0.13476203382015228:0.14829014241695404] [-0.20094062387943268:2.0429816246032715] [-0.9992215633392334:0.99870210886001587] [-1.0325441360473633:0.99362075328826904]
tree_sizes=1328 1339 1337 1342 1343 1335 1342 1337 1347 1346 1341 1339 1344 1330 1344 1348 1340 1341 1343 1350 1349 1345 1349 1351 1350 1344 1345 1348 1350 1330 1343 1342 1348 1349 1343 1349 1343 1345 1349 1349 1348 1348 1347 1344 1352 1348 1353 1345 1344 1353 1361 1350 1335 1343 1356 1350 1348 1347 1348 1331 1342 1355 1350 1348 1348 1354 1345 1346 1346 1325 1354 1358 1355 1348 1350 1323 1353 1322 1354 1347 1358 1342 1352 1342 1366 1363 1360 1351 1351 1359 1300 1351 1332 1344 1355 1350 1358 1358 1345 1352 1334 1337 1357 1344 1345 1340 1357 1356 1352 1336 1337 1348 1347 1333 1356 1359 1347 1328 1344 1363 1349 1356 1317 1328 1363 1332 1354 1352 1363 1351 1343 1341 1345 1340 1339 1369 1345 1316 1344 1338 1324 1356 1348 1343 1344 1358 1340 1365 1352 1335 1352 1349 1359 1232 1356 1344 1363 1354 1316 1349 1342 1346 1345 1352 1357 1352 1343 1321 1359 1350 1342 1336 1347 1357 1361 1343 1336 1353 1351 1356 1357 1353 1111 1230 1348 1348 1350 1230 1337 1361 1354 1350 1350 1363 1352 1348 1358 1218 1354 1351

Tree=0
num_leaves=11
num_cat=0
split_feature=23 23 23 23 43 33 22 19 37 3
split_gain=5140.12 1112.45 624.763 289.655 143.689 139.557 92.9392 89.5484 88.8524 85.1783
threshold=0.25472529232501989 0.53643554449081432 0.16097611933946612 0.34539248049259191 -0.10215493664145468 -0.00066038046497851599 0.28477978706359869 1.0101107358932497 0.13968688994646075 -0.092301968485116945
decision_type=2 2 2 2 2 2 2 2 2 2
left_child=2 3 5 9 -4 -1 -3 -6 -5 -2
right_child=1 6 4 8 7 -7 -8 -9 -10 -11
leaf_value=-0.57494864506165999 -0.52663663370773206 -0.52634236647658894 -0.6164644918712926 -0.53092878548793687 -0.56739064046848064 -0.62938157405931183 -0.49512270772989708 -0.58596307702825412 -0.51139715935885821 -0.55246712920315688
leaf_weight=176.06850652396679 506.55722530186176 385.44941681623459 308.01828069984913 3043.6267131268978 1943.3916518315673 1318.9918902739882 3597.2468069195747 1547.4919166341424 1110.2638377174735 2863.0106296092272
leaf_count=832 1458 1213 1388 9790 7446 6124 9892 5543 3157 10012
internal_value=-0.544389 -0.522749 -0.591426 -0.535853 -0.578986 -0.622959 -0.498075 -0.575629 -0.525635 -0.548512
internal_weight=16800.1 11506.2 5293.96 7523.46 3798.9 1495.06 3982.7 3490.88 4153.89 3369.57
internal_count=56855 35522 21333 24417 14377 6956 11105 12989 12947 11470
is_linear=0
shrinkage=1


Tree=1
num_leaves=11
num_cat=0
split_feature=23 42 23 23 42 33 1 43 43 43
split_gain=4390.27 672.988 632.16 567.556 249.893 180.768 107.269 141.038 97.7568 94.473
threshold=0.25472529232501989 -0.0095814047381281835 0.39347575604915624 0.17229008674621585 0.1100582852959633 -0.00066038046497851599 -0.085732068866491304 0.32156857848167425 -0.10375417396426199 -0.10375417396426199
decision_type=2 2 2 2 2 2 2 2 2 2
left_child=3 6 8 5 -4 -1 -2 -8 -3 -5
right_child=1 2 4 9 -6 -7 7 -9 -10 -11
leaf_value=0.0076407596055187779 0.12065507143921744 0.0033962246200197389 0.064821974483046232 -0.029628099591149287 0.028255097270943792 -0.043517270267163843 0.085236620534150861 0.0037319588656992411 0.03385124427481262 0.0063463856429851273
leaf_weight=266.63164952397346 297.79795490205288 387.2491275370121 5029.8476042225957 258.66120550781488 724.11181020736694 1576.4297059178352 1186.0757282972336 76.288365066051483 4057.6557263806462 3158.1996679976583
leaf_count=1195 675 1561 13829 1159 3103 7300 2844 240 13486 11582
internal_value=0.033466 0.0530585 0.0476152 -0.0103376 0.06025 -0.0361016 0.0883893 0.080362 0.0312099 0.00358059
internal_weight=17018.9 11759 10198.9 5259.92 5753.96 1843.06 1560.16 1262.36 4444.9 3416.86
internal_count=56974 35738 31979 21236 16932 8495 3759 3084 15047 12741
is_linear=0
shrinkage=0.0576939


Tree=2
num_leaves=11
num_cat=0
split_feature=22 20 37 0 20 20 37 20 20 29
split_gain=2884.78 747.333 447.803 450.323 233.77 203.684 159.038 71.7291 66.0289 65.1238
threshold=0.25972914695739752 0.21791272610425952 0.038995880633592613 0.026061104610562328 0.049289431422948844 0.082174196839332594 0.12401721253991128 0.05179503187537194 0.3849432915449143 -0.10746201500296591
decision_type=2 2 2 2 2 2 2 2 2 2
left_child=2 6 3 4 -1 -4 7 -2 9 -3
right_child=1 8 5 -5 -6 -7 -8 -9 -10 -11
leaf_value=-0.047853251592252712 -0.025654228990929291 0.089322513258318317 -0.0015804710246515757 0.030237178479143163 -0.010333953052014296 0.029425929434512461 0.056037987055515236 0.034174908256570297 0.082456770329018644 0.061797375915505888
leaf_weight=705.22395767271519 64.194630309939384 359.86235460639 1026.7196490690112 776.34012239426374 2532.6070379689336 2233.6052491664886 1345.6920918151736 4462.8606528490782 1258.1127737313509 2364.3723365888
leaf_count=3117 248 881 3958 2619 10373 7744 3851 14245 3371 6613
internal_value=0.0313591 0.0516937 0.00379253 -0.00909981 -0.0185682 0.0196647 0.0385503 0.0332965 0.0710053 0.065582
internal_weight=17129.6 9855.09 7274.5 4014.17 3237.83 3260.32 5872.75 4527.06 3982.35 2724.23
internal_count=57020 29209 27811 16109 13490 11702 18344 14493 10865 7494
is_linear=0
shrinkage=0.0576939


Tree=3
num_leaves=11
num_cat=0
split_feature=22 20 20 22 20 6 37 37 19 43
split_gain=2405.03 685.606 675.469 170.108 135.663 130.494 128.09 114.397 108.48 83.967
threshold=0.25102727115154272 0.20015320926904681 0.079606827348470702 0.13588535785675052 0.21574328094720843 63.548955917358406 0.075629040598869338 0.018897681497037414 0.99505177140235912 -0.16201481223106382
decision_type=2 2 2 2 2 2 2 2 2 2
left_child=2 6 3 7 5 -4 -2 -1 -5 -3
right_child=1 9 4 8 -6 -7 -8 -9 -10 -11
leaf_value=-0.055013281921714327 0.025319981166001194 -0.0011921656171501101 0.019380172560963697 0.0063791726020190533 0.042714950115516417 -0.0050204915470312469 0.042944375790221777 -0.018420387795070606 -0.024029211074718351 0.06413857756889936
leaf_weight=570.60233090817928 3190.9236878603697 65.491545647382736 2673.2277474105358 852.66483154147863 580.92728359997272 998.46850039809942 2467.4791817963123 581.59424751996994 712.36474679410458 4480.6768812611699
leaf_count=2719 10354 203 9556 3348 1836 3983 7373 2552 2820 12216
internal_value=0.0286586 0.0464954 0.00252699 -0.0199186 0.0168806 0.0127395 0.0330377 -0.0367061 -0.00747402 0.0631914
internal_weight=17174.4 10204.6 6969.85 2717.23 4252.62 3671.7 5658.4 1152.2 1565.03 4546.17
internal_count=56960 30146 26814 11439 15375 13539 17727 5271 6168 12419
is_linear=0
shrinkage=0.0576939


Tree=4
num_leaves=11
num_cat=0
split_feature=23 23 42 23 3 3 42 5 43 1
split_gain=3070.9 807.044 395.458 183.388 171.693 150.199 149.967 137.355 130.892 111.247
threshold=0.31626990437507635 0.17229008674621585 0.067616384476423277 0.39347575604915624 0.44441395998001104 -0.016109911724925038 0.1100582852959633 -0.028837681747972962 -0.10859035328030585 -0.093537937849760042
decision_type=2 2 2 2 2 2 2 2 2 2
left_child=1 5 3 -2 6 -1 -4 -3 -9 -5
right_child=2 7 4 9 -6 -7 -8 8 -10 -11
leaf_value=0.0097137817593759557 0.038794752880270462 0.038713774597054357 0.039295500879820727 0.091635113768918489 0.066706573109754447 -0.040038097095745129 0.012494122758619925 -0.026255638184377626 0.0099359131900286241 0.063164362640752245
leaf_weight=228.79842389374971 923.0220999866724 512.58371289074421 3770.9660132229328 585.47328285872936 623.85232804715633 1579.7434656098485 861.98018481582403 351.58967317640781 5033.5444531813264 2775.3549312949181
leaf_count=1015 2658 1592 11193 1326 1767 7543 3788 1628 17769 6566
internal_value=0.0270374 -4.9847e-05 0.0489091 0.0619529 0.0382313 -0.0337212 0.0343313 0.0102886 0.00754852 0.0682459
internal_weight=17246.9 7706.26 9540.65 4283.85 5256.8 1808.54 4632.95 5897.72 5385.13 3360.83
internal_count=56845 29547 27298 10550 16748 8558 14981 20989 19397 7892
is_linear=0
shrinkage=0.0576939


Tree=5
num_leaves=11
num_cat=0
split_feature=22 23 42 23 23 23 19 23 42 5
split_gain=1973.52 1164.11 410.5 365.067 225.55 170.937 104.6 100.195 83.7069 70.951
threshold=0.33101059496402746 0.25152595341205602 0.067044824361801161 0.17074123769998553 0.6589002013206483 0.39094352722167974 0.88461235165596019 0.1338944807648659 -0.0095814047381281835 -0.03207701072096824
decision_type=2 2 2 2 2 2 2 2 2 2
left_child=1 3 5 7 -4 -2 -3 -1 -8 -5
right_child=2 6 4 9 -6 -7 8 -9 -10 -11
leaf_value=-0.049910644897750746 0.037734209622015617 0.044166898104219934 0.026753290318848402 0.037116262429805189 0.056213655286348869 0.069170980878631438 0.047935720788729444 -0.02127297104577261 0.020672790986028526 -0.0017089707277419717
leaf_weight=677.37936954945326 760.64875363558531 1113.0557016506791 2984.2308017611504 160.79144831746817 1229.8881358131766 2700.9368137121201 425.45213782042265 1052.5438355728984 3266.0949284210801 3020.7134675309062
leaf_count=3588 2120 3317 9576 488 3687 6061 1087 4749 10917 11414
internal_value=0.0257223 0.00843799 0.0475802 -0.0113059 0.0354075 0.0623276 0.0286181 -0.0326004 0.0238756 0.000293835
internal_weight=17391.7 9716.03 7675.7 4911.43 4214.12 3461.59 4804.6 1729.92 3691.55 3181.5
internal_count=57004 35560 21444 20239 13263 8181 15321 8337 12004 11902
is_linear=0
shrinkage=0.0576939


Tree=6
num_leaves=11
num_cat=0
split_feature=20 20 37 36 10 42 20 42 43 3
split_gain=1639.03 498.123 262.479 235.448 220.887 149.088 141.624 125.526 101.26 90.4903
threshold=0.10970729961991312 0.21791272610425952 0.019771493971347812 0.062979467213153853 18.643094062805179 0.072958871722221388 0.058563802391290672 -0.0095814047381281835 -0.1527539789676666 0.44441395998001104
decision_type=2 2 2 2 2 2 2 2 2 2
left_child=2 4 3 -1 -2 8 -4 -6 -3 -7
right_child=1 5 6 -5 7 9 -8 -9 -10 -11
leaf_value=-0.041159700689384592 0.042152494881610041 0.0026391380250581661 -0.013219747478769275 -0.00013926220986240867 0.045509479169100704 0.033723794788510369 0.012918794892637048 0.015550969409729011 0.063219347989772856 0.062401122746433765
leaf_weight=820.72571767866611 2037.9774415120482 96.845418661832809 855.9420782327652 1072.354036450386 527.69711639732122 1735.0691604763269 3474.1806363537908 3911.2901270613074 2396.388630643487 477.56391440331936
leaf_count=3875 6021 358 3542 4110 1298 5452 12107 13336 5574 1343
internal_value=0.0236377 0.0368405 -9.21092e-05 -0.0179916 0.0264225 0.0511355 0.00773767 0.0191601 0.0608856 0.0400374
internal_weight=17406 11182.8 6223.2 1893.08 6476.96 4705.87 4330.12 4438.99 2493.23 2212.63
internal_count=57016 33382 23634 7985 20655 12727 15649 14634 5932 6795
is_linear=0
shrinkage=0.0576939


Tree=7
num_leaves=11
num_cat=0
split_feature=23 23 22 23 23 19 1 43 43 5
split_gain=2266.71 365.754 279.149 148.18 123.097 109.528 104.08 92.1618 60.4423 58.6786
threshold=0.25472529232501989 0.14024883508682254 0.43352788686752325 0.37990520894527441 0.66742488741874706 1.0054789185523989 -0.10205332562327384 -0.10215493664145468 -0.10859035328030585 0.044499240815639503
decision_type=2 2 2 2 2 2 2 2 2 2
left_child=1 -1 3 8 6 7 -4 -3 -2 -7
right_child=2 5 4 -5 -6 9 -8 -9 -10 -11
leaf_value=-0.046111479476820108 -0.0054021446969062447 -0.030044825470313948 0.069256137544876292 0.037201266984508312 0.055868147230653781 -0.017616902369840041 0.033976026936558025 0.0076663992463781262 0.022129807801487312 0.015696162013062721
leaf_weight=796.94575972855091 282.84146988391876 233.52358605712652 313.32902710139751 3017.9861853942275 2168.5605511516333 1704.1562493145466 2756.6017194837332 2292.1510915979743 3660.8593418374658 191.94893135130405
leaf_count=4218 1170 1082 713 8710 5533 6492 7816 8912 11677 670
internal_value=0.0215661 -0.0102453 0.0351746 0.0275617 0.045255 -0.00373549 0.0376799 0.0041228 0.0201447 -0.014202
internal_weight=17418.9 5218.73 12200.2 6961.69 5238.49 4421.78 3069.93 2525.67 3943.7 1896.11
internal_count=56993 21374 35619 21557 14062 17156 8529 9994 12847 7162
is_linear=0
shrinkage=0.0576939


Tree=8
num_leaves=11
num_cat=0
split_feature=37 36 42 37 36 36 42 42 36 28
split_gain=951.241 691.896 219.083 215.005 208.216 163.724 119.551 127.015 115.464 104.441
threshold=0.084395900368690505 0.12663448601961139 -0.0095814047381281835 0.019771493971347812 0.062979467213153853 0.042888371273875243 0.10961809381842615 0.005827799905091525 0.20903012156486514 -0.033327989280223839
decision_type=2 2 2 2 2 2 2 2 2 2
left_child=1 3 9 4 -1 -5 7 -4 -3 -2
right_child=2 8 6 5 -6 -7 -8 -9 -10 -11
leaf_value=-0.037205891796856384 0.084460084220612491 0.024427735912887851 -0.0017730794368139952 -0.0052025802340491369 -0.00135437642279815 0.015790823776204835 0.0090747353893199049 0.038709401880526711 0.047161282331390067 0.047368778638067911
leaf_weight=801.44756252318621 419.65336365252733 2123.5558201894164 271.7531509026885 2028.679983638227 1635.5224426016212 3149.4771500378847 604.82908869534731 4550.7621120139956 1168.1987676620483 717.0311808809638
leaf_count=3880 895 6661 610 7898 6271 10539 2531 12758 3181 1661
internal_value=0.0209277 0.0104734 0.0382757 0.000911114 -0.0132017 0.00756362 0.0333902 0.0364232 0.032556 0.06136
internal_weight=17470.9 10906.9 6564.03 7615.13 2436.97 5178.16 5427.34 4822.52 3291.75 1136.68
internal_count=56885 38430 18455 28588 10151 18437 15899 13368 9842 2556
is_linear=0
shrinkage=0.0576939


Tree=9
num_leaves=11
num_cat=0
split_feature=23 23 23 42 42 23 5 5 23 42
split_gain=1866.99 391.722 306.138 156.045 114.307 94.7765 77.0881 76.0113 68.4019 54.0508
threshold=0.25472529232501989 0.53643554449081432 0.1338944807648659 0.084186512976884856 0.072958871722221388 0.38529841601848608 0.048489652574062354 -0.030331447720527645 0.17229008674621585 0.1100582852959633
decision_type=2 2 2 2 2 2 2 2 2 2
left_child=2 3 -1 5 -3 -2 -6 -4 -9 -5
right_child=1 4 7 9 6 -7 -8 8 -10 -11
leaf_value=-0.046826296409708458 0.024035039421215713 0.054257754275758623 0.028152007572829093 0.019167445197611915 0.025806315858048628 0.041330467374316712 0.049547955970761372 -0.018609097712070425 -0.0017839544779017723 0.0026644191672177808
leaf_weight=637.87701566517353 2540.9177325814962 2384.9492043480277 224.25036123394966 2648.5889791026711 1193.2425387203693 1855.5408167019486 764.24447932839394 1067.4991316273808 3243.6361833438277 886.87024107575417
leaf_count=3559 7383 5327 712 8197 3654 4694 2200 4874 12118 4041
internal_value=0.0195184 0.0317678 -0.00954232 0.0241113 0.0457084 0.0313748 0.0351798 -0.00425222 -0.00597099 0.0150436
internal_weight=17447.6 12274.4 5173.26 7931.92 4342.44 4396.46 1957.49 4535.39 4311.14 3535.46
internal_count=56759 35496 21263 24315 11181 12077 5854 17704 16992 12238
is_linear=0
shrinkage=0.0576939


Tree=10
num_leaves=11
num_cat=0
split_feature=22 20 20 20 10 20 6 26 31 32
split_gain=1154.34 446.352 185.484 139.235 105.505 101.861 78.8574 60.7908 66.6342 45.9392
threshold=0.33600175380706793 0.074602585285902037 0.23598685115575793 0.046262580901384361 14.675467491149904 0.22874282300472262 63.548955917358406 1.2486736774444582 -0.059318309649825089 -0.051088253036141389
decision_type=2 2 2 2 2 2 2 2 2 2
left_child=1 3 7 -1 -5 6 -3 8 -2 -7
right_child=2 5 -4 4 -6 9 -8 -9 -10 -11
leaf_value=-0.037264586567282106 0.04694645306526847 0.014111779755771908 0.046323981409902543 0.015947916279465083 -0.014295293634675743 -0.027880846926636865 -0.0013025849088586015 0.016881991443041332 0.027348159516069726 0.032720616403118179
leaf_weight=655.98935730755329 779.58225170522928 4682.5952840298414 3186.0988683775067 507.27502000331879 1530.7976183891296 39.782787315547466 1440.5037290528417 1221.6068049892783 2442.1395104080439 976.40087087452412
leaf_count=3119 1976 15826 8233 1800 6553 109 5515 3836 6918 2894
internal_value=0.0188346 0.00576068 0.0356687 -0.0142287 -0.00673669 0.0133116 0.0104828 0.027984 0.0321565 0.0302118
internal_weight=17462.8 9833.34 7629.43 2694.06 2038.07 7139.28 6123.1 4443.33 3221.72 1016.18
internal_count=56779 35816 20963 11472 8353 24344 21341 12730 8894 3003
is_linear=0
shrinkage=0.0576939


Tree=11
num_leaves=11
num_cat=0
split_feature=22 42 37 32 37 32 29 44 7 41
split_gain=1071.32 419.715 180.631 161.746 184.159 156.283 143.776 91.0307 76.5691 70.4599
threshold=0.21637929975986483 -0.0095814047381281835 0.13968688994646075 0.025097104720771316 0.038995880633592613 0.020494682714343074 0.032086359336972244 -0.2897950261831283 0.77622288465499889 0.73821842670440685
decision_type=2 2 2 2 2 2 2 2 2 2
left_child=3 7 5 4 6 -3 -1 8 -2 -9
right_child=1 2 -4 -5 -6 -7 -8 9 -10 -11
leaf_value=-0.022071638779698918 0.054932115902793621 0.013599898889833793 0.035494541045100227 0.043795179625709849 0.0068015604678706284 0.032871706614364303 0.0074203635187707079 0.0757730583793471 0.011945958721590284 0.042351813138466865
leaf_weight=2263.0914694815874 306.36584171652794 5688.4408411681652 2835.7126142606139 226.85730590671301 2289.8997325450182 1864.9269750863314 722.4925456084311 695.97218967229128 256.8567440956831 337.45924586057663
leaf_count=10101 712 18311 7616 741 8373 5434 2672 1411 664 757
internal_value=0.0176484 0.0273209 0.0230657 -0.00342143 -0.00549183 0.018378 -0.0149256 0.0548525 0.0356205 0.065112
internal_weight=17488.1 11985.7 10389.1 5502.34 5275.48 7553.37 2985.58 1596.65 563.223 1033.43
internal_count=56792 34905 31361 21887 21146 23745 12773 3544 1376 2168
is_linear=0
shrinkage=0.0576939


Tree=12
num_leaves=11
num_cat=0
split_feature=22 23 23 23 23 8 23 19 23 19
split_gain=962.374 455.205 309.219 124.696 99.0641 86.8958 75.222 66.8877 57.8224 53.6068
threshold=0.25451442599296575 0.19564574211835864 0.45960095524787908 0.1338944807648659 0.26080787181854254 1.0915241837501528 0.25472529232501989 0.99937027692794811 0.90265980362892162 0.96979588270187389
decision_type=2 2 2 2 2 2 2 2 2 2
left_child=1 3 5 -1 -3 6 -2 -5 -4 -6
right_child=2 4 8 7 9 -7 -8 -9 -10 -11
leaf_value=-0.042193856276944899 0.0049121580465592909 0.00075410266980919464 0.034230504654798169 -0.0034814289330911004 0.027094883856980875 -0.00043215541179869653 0.024298971796706471 -0.026024385972813542 0.049019078667742653 0.010584881936565127
leaf_weight=620.06407000124454 820.77641195803881 1897.5954480841756 4027.5723184421659 1130.3208592236042 1194.4787635058165 747.09969287365675 3678.6095204502344 716.06488766521215 1183.6912664324045 1480.43189766258
leaf_count=3599 2916 6972 10423 4912 3662 2254 11148 3078 3011 4842
internal_value=0.0165771 7.93375e-05 0.0276743 -0.0198727 0.0108562 0.0177536 0.0207766 -0.0122795 0.0376334 0.0179998
internal_weight=17496.7 7038.96 10457.7 2466.45 4572.51 5246.49 4499.39 1846.39 5211.26 2674.91
internal_count=56817 27065 29752 11589 15476 16318 14064 7990 13434 8504
is_linear=0
shrinkage=0.0576939


Tree=13
num_leaves=11
num_cat=0
split_feature=23 23 20 42 42 5 32 33 42 33
split_gain=1252.57 330.115 132.232 180.422 101.181 95.8184 96.6636 92.1894 89.854 64.4103
threshold=0.31418046355247503 0.1593865901231766 0.23598685115575793 -0.0095814047381281835 0.1100582852959633 -0.028094962239265438 0.028249177150428299 -0.0010009396937675772 0.072958871722221388 0.038190400227904327
decision_type=2 2 2 2 2 2 2 2 2 2
left_child=1 7 3 -2 -5 -3 -7 -1 -4 -10
right_child=2 5 8 4 -6 6 -8 -9 9 -11
leaf_value=0.012739355710577889 0.049340700494244695 0.026422787470512792 0.045663639424295105 0.022950805058941537 -0.00083657592877205936 0 0.040957910781305874 -0.034234563360680738 0.021375503178094814 0.045667614925873477
leaf_weight=155.43812447786331 792.54746782779694 554.05311433970928 2119.3957383036613 4358.4244630709291 686.42794267088175 5625.1773222610354 194.14022202044725 1123.1856179200113 1357.9728952273726 506.74531525373459
leaf_count=773 1840 1708 4964 12095 2958 20436 559 6003 4156 1431
internal_value=0.0157213 -0.00177637 0.0293511 0.0237727 0.0197111 0.00359272 0.00139615 -0.0284794 0.0374823 0.0280835
internal_weight=17473.5 7651.99 9821.51 5837.4 5044.85 6373.37 5819.32 1278.62 3984.11 1864.72
internal_count=56923 29479 27444 16893 15053 22703 20995 6776 10551 5587
is_linear=0
shrinkage=0.0576939


Tree=14
num_leaves=11
num_cat=0
split_feature=23 23 23 19 43 43 19 37 26 16
split_gain=1107.9 260.751 207.317 102.534 89.5438 88.8021 72.3802 56.179 51.7257 36.9061
threshold=0.25472529232501989 0.53643554449081432 0.1338944807648659 0.99937027692794811 -0.10215493664145468 -0.13213742524385449 0.87817099690437328 0.023338212631642822 0.92686784267425548 7.8830962181091317
decision_type=2 2 2 2 2 2 2 2 2 2
left_child=2 5 7 4 -4 -2 -7 -1 -5 -3
right_child=1 9 3 8 -6 6 -8 -9 -10 -11
leaf_value=-0.050790074568290031 -0.013774766236966067 0.036497517799039418 -0.029954248374879557 -0.026010406009285114 0.0080509074878976489 0.031008937100139373 0.016796511080449855 -0.011470861857328998 -0.0062882338592295355 -0.017770098035778944
leaf_weight=416.84128356724977 272.09540048241615 4282.5764860585332 222.21869253367186 661.67675722390413 2287.6182468347251 1486.28132404387 6314.128756031394 176.70332363247871 1347.5511415973306 39.027042545378208
leaf_count=2533 1135 11067 1040 2611 8942 4175 19202 1062 5122 117
internal_value=0.0152187 0.0245383 -0.00737061 -0.00313681 0.00462873 0.0183914 0.0195239 -0.0392998 -0.012839 0.0359837
internal_weight=17506.7 12394.1 5112.61 4519.06 2509.84 8072.51 7800.41 593.545 2009.23 4321.6
internal_count=57006 35696 21310 17715 9982 24512 23377 3595 7733 11184
is_linear=0
shrinkage=0.0576939


Tree=15
num_leaves=11
num_cat=0
split_feature=23 23 23 42 42 42 43 42 43 37
split_gain=995.47 219.03 201.986 126.367 111.6 94.2089 78.7647 92.5625 72.4857 64.445
threshold=0.25472529232501989 0.53643554449081432 0.14024883508682254 -0.0095814047381281835 -0.0095814047381281835 0.1100582852959633 -0.10215493664145468 0.031113071367144588 0.22509806603193286 0.018055282533168796
decision_type=2 2 2 2 2 2 2 2 2 2
left_child=2 3 9 -2 8 -5 7 -4 -3 -1
right_child=1 4 6 5 -6 -7 -8 -9 -10 -11
leaf_value=-0.050213434553826257 0.038576558476166541 0.057941964186329048 0.02532134730696722 0.016895312655811508 0.02835192717350702 -0.0029776395012426969 -0.00086417918146735294 -0.045715669100262674 0.0028121940622395469 -0.014802923270991588
leaf_weight=427.78851440176368 800.47950814664364 742.23155484348536 75.467107065021992 6373.3601451069117 3460.8251484408975 903.03388275206089 4044.0244202911854 262.95595233142376 90.475805014371872 295.63004884496331
leaf_count=2584 1869 1604 278 18510 9364 4077 15439 1356 247 1731
internal_value=0.013617 0.0224616 -0.00780704 0.0168417 0.0329991 0.0144251 -0.00312275 -0.0296758 0.0520298 -0.0359567
internal_weight=17476.3 12370.4 5105.87 8076.87 4293.53 7276.39 4382.45 338.423 832.707 723.419
internal_count=57059 35671 21388 24456 11215 22587 17073 1634 1851 4315
is_linear=0
shrinkage=0.0576939


Tree=16
num_leaves=11
num_cat=0
split_feature=22 20 20 19 31 22 43 22 19 20
split_gain=653.887 239.734 134.654 106.503 90.5243 84.2713 65.016 56.4807 62.883 55.2909
threshold=0.33101059496402746 0.055870464071631439 0.3849432915449143 0.87598353624343883 -0.059318309649825089 0.16043289005756381 -0.1527539789676666 0.1135600619018078 1.0054789185523989 0.17920181900262835
decision_type=2 2 2 2 2 2 2 2 2 2
left_child=1 7 4 9 -2 -5 -6 -1 -9 -3
right_child=2 3 -4 5 6 -7 -8 8 -10 -11
leaf_value=-0.040020749104594501 0.032622633166520774 0.013469081101535959 0.043843277111896228 -0.0072826967169503272 -0.030348438211151522 0.0073393687236111508 0.019023637571863712 0.0023580456582134699 -0.030045759218758107 0.037106316472099846
leaf_weight=359.22043046727777 2096.6947767063975 1491.8282028362155 1189.7847564965487 1796.8353750891984 86.38088708370924 4817.3103942535818 4425.5437450557947 435.11446216702461 360.4410690702498 425.47669550776482
leaf_count=2007 5453 5134 3102 7478 339 16252 12641 1956 1551 1144
internal_value=0.0135153 0.00349781 0.0259453 0.00684194 0.0226919 0.00336088 0.0180438 -0.0211177 -0.0123753 0.0188015
internal_weight=17484.6 9686.23 7798.4 8531.45 6608.62 6614.15 4511.92 1154.78 795.556 1917.3
internal_count=57057 35522 21535 30008 18433 23730 12980 5514 3507 6278
is_linear=0
shrinkage=0.0576939


Tree=17
num_leaves=11
num_cat=0
split_feature=23 23 42 42 3 43 16 23 7 42
split_gain=836.363 230.052 185.285 119.459 107.383 90.0837 82.0836 72.2085 68.875 62.8747
threshold=0.30489242076873785 0.17386326193809512 -0.0095814047381281835 0.1100582852959633 0.29692123830318456 -0.10215493664145468 -4.0077962875366202 0.12744942307472232 1.3593259453773501 0.1100582852959633
decision_type=2 2 2 2 2 2 2 2 2 2
left_child=1 7 8 4 -4 6 -3 -1 -2 -7
right_child=2 5 3 -5 -6 9 -8 -9 -10 -11
leaf_value=-0.041652702612421093 0.051709448464603097 0.044934397256879026 0.018833812588410815 0.0012890078363256674 0.03775900582774265 0.0072147033312511847 -0.031015102832561675 -0.014499507064157412 0.026024889917364236 -0.011600281725080114
leaf_weight=446.29673176258802 880.23973296582699 49.495572842657566 6402.5082247927785 1080.275771163404 1190.4135528057814 4426.6510284468532 397.25698161125183 1233.0978784821928 608.93254288285971 677.22480302304029
leaf_count=2919 1990 138 17628 4599 2927 14122 1795 5849 1439 3456
internal_value=0.0118557 -0.00314015 0.0225237 0.0192718 0.0218246 0.00252023 -0.0221843 -0.0218215 0.0413327 0.00470515
internal_weight=17392.4 7230.02 10162.4 8673.2 7592.92 5550.63 446.753 1679.39 1489.17 5103.88
internal_count=56862 28279 28583 25154 20555 19511 1933 8768 3429 17578
is_linear=0
shrinkage=0.0576939


Tree=18
num_leaves=11
num_cat=0
split_feature=37 20 42 3 42 36 0 33 3 8
split_gain=371.304 269.428 202.139 176.736 102.429 89.9 58.149 48.2997 45.4082 49.5157
threshold=0.13337176293134692 0.049289431422948844 0.091932572424411788 0.26363094151020056 0.073118012398481383 0.14469897001981738 -0.078282147645950304 -0.00049113872228190292 0.20702964812517169 -0.43724884092807764
decision_type=2 2 2 2 2 2 2 2 2 2
left_child=1 7 5 -4 6 -3 -2 -1 9 -6
right_child=4 2 3 -5 8 -7 -8 -9 -10 -11
leaf_value=0.0085683631234797619 0.057302508971656244 0.011473055580459371 -0.0054320854083964899 0.022885894122276929 0.0017316039600642013 0.026039731913959582 0.031145151245861778 -0.031897702376177089 0.036503226126234217 0.023026985501194329
leaf_weight=112.32943578064442 340.39365828037262 5945.0867075286806 3889.5592513084412 899.44834535568953 745.43395814299583 1858.3571656420827 1969.191942833364 653.47414393350482 310.60856450349092 711.64863639324903
leaf_count=528 786 19020 15234 3201 2194 4816 4834 3312 968 2128
internal_value=0.0118685 0.00720964 0.00923445 -9.18459e-05 0.0271014 0.0149582 0.0351139 -0.0259129 0.0165563 0.0121886
internal_weight=17435.5 13358.3 12592.5 4789.01 4077.28 7803.44 2309.59 765.804 1767.69 1457.08
internal_count=57021 46111 42271 18435 10910 23836 5620 3840 5290 4322
is_linear=0
shrinkage=0.0576939


Tree=19
num_leaves=11
num_cat=0
split_feature=23 23 23 42 33 43 19 42 31 22
split_gain=667.383 224.635 111.614 118.733 105.239 94.0505 77.6117 71.0538 65.6059 41.5604
threshold=0.31626990437507635 0.17229008674621585 0.67624887824058544 0.1100582852959633 -0.00066038046497851599 -0.10859035328030585 1.0520606040954592 0.034042792394757278 -0.14107272773981092 0.089592959731817259
decision_type=2 2 2 2 2 2 2 2 2 2
left_child=1 4 3 8 -1 7 -7 -3 -2 -6
right_child=2 5 -4 -5 9 6 -8 -9 -10 -11
leaf_value=0.012871179174280947 0.036508829783959813 0.015695338680302783 0.031304891000427416 -0.0036212512190880743 -0.045625212534374189 0.010284536796282754 -0.0038196323353558749 -0.039260392478792372 0.017866667977100275 -0.021349080631963651
leaf_weight=258.38607501238585 713.75596529990435 104.99867017567158 2638.1100044474006 794.00082203745842 310.7258672863245 3724.3951651453972 1986.3760782927275 276.3073116838932 5589.8239036202431 1049.5658063665032
leaf_count=1204 1720 347 6990 3365 1873 13042 6341 1420 15255 5525
internal_value=0.0111139 -0.00156277 0.0211527 0.0173584 -0.0206382 0.0035126 0.00537494 -0.024053 0.0200058 -0.0270436
internal_weight=17446.4 7710.75 9735.69 7097.58 1618.68 6092.08 5710.77 381.306 6303.58 1360.29
internal_count=57082 29752 27330 20340 8602 21150 19383 1767 16975 7398
is_linear=0
shrinkage=0.0576939


Tree=20
num_leaves=11
num_cat=0
split_feature=23 23 23 42 37 43 43 42 1 3
split_gain=567.053 150.192 112.702 169.753 68.8373 64.6964 61.7385 60.5383 58.1025 57.6661
threshold=0.26080787181854254 0.1593865901231766 0.39641739428043371 0.072958871722221388 0.018055282533168796 -0.10375417396426199 -0.11844519153237341 0.031113071367144588 -0.093537937849760042 -0.10175639018416403
decision_type=2 2 2 2 2 2 2 2 2 2
left_child=1 4 9 8 -1 7 -5 -3 -4 -2
right_child=2 5 3 6 -6 -7 -8 -9 -10 -11
leaf_value=-0.03694814720023494 0.025126111745598863 0.021867611031813349 0.046788548173165696 -0.02519664650458512 -0.0089402821419716297 0.0019051267120375039 0.01429635502714538 -0.039933768862674301 0.027223346161244614 0.0078089572708182455
leaf_weight=605.33634379133582 758.94078707695007 64.569139204919338 622.26021900773048 132.80567854642868 573.61839481443167 3824.5253015905619 3318.6635703518987 227.59457589685917 3057.7100359499454 4095.6921994760633
leaf_count=3646 2010 227 1491 554 3081 13999 10142 1202 7275 13223
internal_value=0.0104028 -0.00531305 0.0173479 0.0219679 -0.0234275 -9.93879e-05 0.0127388 -0.0260645 0.0305911 0.010542
internal_weight=17281.7 5295.64 11986.1 7131.44 1178.95 4116.69 3451.47 292.164 3679.97 4854.63
internal_count=56850 22155 34695 19462 6727 15428 10696 1429 8766 15233
is_linear=0
shrinkage=0.0576939


Tree=21
num_leaves=11
num_cat=0
split_feature=22 42 22 33 19 33 10 1 10 19
split_gain=389.023 235.123 130.057 107.129 100.609 83.5467 66.8382 65.422 52.0489 51.7903
threshold=0.33600175380706793 0.067044824361801161 0.14453468471765521 0.035785011947155006 0.9878215789794923 0.018273237161338333 14.870346546173097 -0.093537937849760042 15.863632202148439 1.1074491739273074
decision_type=2 2 2 2 2 2 2 2 2 2
left_child=2 7 5 8 6 9 -4 -2 -3 -1
right_child=1 3 4 -5 -6 -7 -8 -9 -10 -11
leaf_value=-0.0098515157218093431 0.04929589556597478 0.019713580630449711 0.028964157602760301 0.030008590002940465 -0.00037761657179897156 0.019984122282681691 0.0090735002797023689 0.027327735860934524 0.0023915978841873489 -0.037575708321349252
leaf_weight=1912.6276584230363 550.07482431083918 732.36025271564722 706.07369865477085 761.73418918251991 3848.8120709955692 282.02403119951487 2778.3998980782926 2815.5855916067958 2699.604446336627 251.99788130447268
leaf_count=8880 1287 2224 2345 2218 13159 1075 9520 6748 8587 1036
internal_value=0.00980553 0.0196313 0.00220259 0.0104893 0.00604738 -0.00930071 0.0131432 0.030986 0.00611627 -0.0131612
internal_weight=17339.3 7559.36 9779.94 4193.7 7333.29 2446.65 3484.47 3365.66 3431.96 2164.63
internal_count=57079 21064 36015 13029 25024 10991 11865 8035 10811 9916
is_linear=0
shrinkage=0.0576939


Tree=22
num_leaves=11
num_cat=0
split_feature=23 42 23 19 8 5 33 19 42 42
split_gain=523.151 170.45 148.483 103.205 77.339 72.6101 68.7108 85.0724 62.1384 107.145
threshold=0.31626990437507635 0.066703278571367278 0.1338944807648659 1.0054789185523989 0.47563825547695165 0.043120285496115691 0.035785011947155006 1.1677454710006716 0.056986115872859962 -0.0095814047381281835
decision_type=2 2 2 2 2 2 2 2 2 2
left_child=2 8 -1 4 -4 -5 7 -3 9 -2
right_child=1 6 3 5 -6 -7 -8 -9 -10 -11
leaf_value=-0.031441282334844237 0.03615812526237179 0.012720141678013823 0.011400011397111652 -0.011314052613841644 -0.0069577204608417967 0.012801994670035399 0.026228479587735543 -0.0060504832047742312 0.044477011807669491 0.015947650635119798
leaf_weight=530.00491918250918 1449.3901000916958 3558.4000349640846 2818.7471583485603 2688.2011728771031 1041.9313665144145 486.64243771135807 864.23993713408709 1032.7725751921535 574.62158141285181 2240.558426849544
leaf_count=3568 3423 11197 10811 9848 3690 1573 2602 3279 1775 5195
internal_value=0.00924972 0.0181019 -0.00212381 9.94097e-05 0.00643649 -0.0075966 0.0113241 0.00849027 0.0267455 0.0239271
internal_weight=17285.5 9719.98 7565.53 7035.52 3860.68 3174.84 5455.41 4591.17 4264.57 3689.95
internal_count=56961 27471 29490 25922 14501 11421 17078 14476 10393 8618
is_linear=0
shrinkage=0.0576939


Tree=23
num_leaves=11
num_cat=0
split_feature=22 42 3 37 29 42 42 5 43 15
split_gain=310.688 228.103 119.138 101.605 125.045 99.2289 86.4394 78.3941 67.3211 119.492
threshold=0.21795330941677096 -0.0095814047381281835 0.32640677690505987 0.038995880633592613 0.03337350860238076 0.087676934897899642 0.028311052359640602 0.011523187160491945 0.22509806603193286 -0.19590927660465238
decision_type=2 2 2 2 2 2 2 2 2 2
left_child=3 8 5 4 -1 -3 -6 -5 -2 -10
right_child=1 2 -4 7 6 -7 -8 -9 9 -11
leaf_value=-0.016805946168543931 0.0386525462567208 0.013131743627129995 0.026360306513541213 -0.0011725838027410733 0.048608290038723106 0.00081829207539543976 0.00036011226331829089 0.021408779591199377 0.047309399043607953 -0.048127796736446286
leaf_weight=2303.7362628243864 1346.4134047478437 5213.6458415836096 1351.4504756331444 1651.5600416883826 149.30520147830248 3748.7823299095035 636.66101222112775 735.52252339571714 83.135004371404648 82.682083532214165
leaf_count=10744 3075 14570 3809 6006 370 12931 2480 2617 208 259
internal_value=0.00822863 0.0134886 0.0104075 -0.00312619 -0.0100303 0.00798718 0.00977958 0.0058011 0.0343938 -0.000138787
internal_weight=17302.9 11826.1 10313.9 5476.79 3089.7 8962.43 785.966 2387.08 1512.23 165.817
internal_count=57069 34852 31310 22217 13594 27501 2850 8623 3542 467
is_linear=0
shrinkage=0.0576939


Tree=24
num_leaves=11
num_cat=0
split_feature=22 42 23 20 8 44 33 41 33 27
split_gain=315.554 213.606 143.163 101.147 103.017 93.8149 74.4355 69.5339 53.4349 51.2531
threshold=0.21172364056110385 -0.0095814047381281835 0.19564574211835864 0.3849432915449143 0.72281670570373546 -0.34636560082435602 -0.0010009396937675772 0.84100753068923961 0.010778419673442842 -0.00079454039223492135
decision_type=2 2 2 2 2 2 2 2 2 2
left_child=2 5 6 4 -3 9 -1 -7 -8 -2
right_child=1 3 -4 -5 -6 7 8 -9 -10 -11
leaf_value=0.008060037721818597 0.034558812549826866 0.01180648610256415 0.0044076817773868885 0.027263344246837021 -0.0030693188924648973 0.05074026284437886 -0.027500946105017136 0.013944959950863818 -0.0058145336243581426 -0.003717374694428665
leaf_weight=375.03619356825948 193.24311939626932 7491.2324783466756 3144.8561527505517 1093.6083660945296 1948.0697943717241 842.14197807759047 1126.5562125258148 222.06531021744013 577.58643890917301 278.99932436645031
leaf_count=1689 488 23259 10755 3023 5814 1847 6069 540 2841 749
internal_value=0.00848873 0.013615 -0.00335117 0.0106707 0.00873366 0.0336934 -0.0150838 0.0431764 -0.0202002 0.0120658
internal_weight=17293.4 12069.4 5224.03 10532.9 9439.3 1536.45 2079.18 1064.21 1704.14 472.242
internal_count=57074 35720 21354 32096 29073 3624 10599 2387 8910 1237
is_linear=0
shrinkage=0.0576939


Tree=25
num_leaves=11
num_cat=0
split_feature=23 42 42 42 2 44 23 19 43 43
split_gain=417.029 132.772 98.9349 109.825 90.8976 81.5079 78.8693 89.7099 73.7819 72.3582
threshold=0.2499194070696831 -0.0095814047381281835 0.016775296069681648 0.1100582852959633 0.10856779292225839 -0.47510255873203272 0.11197355762124063 1.0324987769126894 -0.10215493664145468 0.32156857848167425
decision_type=2 2 2 2 2 2 2 2 2 2
left_child=6 5 4 -4 -3 9 -1 8 -8 -2
right_child=1 2 3 -5 -6 -7 7 -9 -10 -11
leaf_value=-0.041680446843208895 0.012895647847319024 -0.019451487214256411 0.014415704907955297 -0.0030999479869515735 0.045306935327971497 0.036079910150297712 -0.028746709160253184 -0.016562427148465623 0.003225444879966032 -0.075077936053816588
leaf_weight=205.60707979649305 342.59683053195477 561.54680176079273 8891.8035290241241 1371.4372541680932 78.25196135789156 1186.2105360403657 258.98835165053606 1583.3259122148156 2725.1041554063559 29.736445471644402
leaf_count=1566 887 1424 25179 5972 130 2780 1348 6275 11414 99
internal_value=0.00740838 0.0129621 0.0106983 0.0120723 -0.0112335 0.0287071 -0.0070845 -0.00548255 0.000403352 0.00500058
internal_weight=17234.6 12461.6 10903 10263.2 639.799 1558.54 4773.03 4567.42 2984.09 372.333
internal_count=57074 36471 32705 31151 1554 3766 20603 19037 12762 986
is_linear=0
shrinkage=0.0576939


Tree=26
num_leaves=11
num_cat=0
split_feature=22 42 20 19 33 42 43 43 19 37
split_gain=289.793 157.034 128.711 95.73 74.023 72.7906 53.1683 51.7386 48.2831 48.0351
threshold=0.33600175380706793 0.072958871722221388 0.048245642334222801 0.84705474972724926 0.035785011947155006 0.091932572424411788 0.072325497865676894 -0.16201481223106382 1.236517667770386 0.024207508191466335
decision_type=2 2 2 2 2 2 2 2 2 2
left_child=2 7 -1 9 6 -5 -3 -2 -9 -4
right_child=1 4 3 5 -6 -7 -8 8 -10 -11
leaf_value=-0.023589425616674195 -0.023425909897915292 0.0007254082494712558 0.0022983322882198622 0.0045473048242062886 0.024636266193166358 -0.0070299096089500267 0.023866004096132272 0.029051752020502957 0.01355920404784345 0.023242623316156209
leaf_weight=663.58927896618843 70.334371387958527 2651.6409316882491 580.45357427000999 4537.4048347957432 681.72503934055567 2998.3907935470343 373.63817539811134 2762.1327012553811 909.24072887003422 993.71587658300996
leaf_count=3560 194 8332 2012 15217 2042 12307 1355 6842 2213 2934
internal_value=0.00738961 0.0159588 0.000851827 0.00264565 0.00751901 -5.70549e-05 0.00362274 0.0242946 0.025243 0.0155644
internal_weight=17222.3 7448.71 9773.55 9109.97 3707 7535.8 3025.28 3741.71 3671.37 1574.17
internal_count=57008 20978 36030 32470 11729 27524 9687 9249 9055 4946
is_linear=0
shrinkage=0.0576939


Tree=27
num_leaves=11
num_cat=0
split_feature=23 23 42 42 42 9 33 32 37 22
split_gain=321.57 129.173 109.734 64.4402 86.5428 70.2046 63.5724 60.2666 54.7021 45.0557
threshold=0.32668423652648931 0.17528150230646136 0.10961809381842615 -0.0095814047381281835 0.016775296069681648 0.016377584077417854 -0.0018012150540016589 0.030709845013916496 0.079439774155616774 0.10869379714131357
decision_type=2 2 2 2 2 2 2 2 2 2
left_child=1 6 3 5 -5 -2 -1 8 -3 -8
right_child=2 7 -4 4 -6 -7 9 -9 -10 -11
leaf_value=0.011827090345456209 0.042685133166111867 -0.0021275609545480306 -0.00366308478394725 -0.0094654368377012545 0.015514528731039106 0.016020637209696834 -0.035746289132193534 0.037677457509524871 0.010892137714608827 -0.013666354685439112
leaf_weight=223.77288822829723 579.75055421888828 4779.0875142812729 1062.4518927112222 493.64682587981224 6340.945760525763 783.02985294163227 463.17862768098712 146.70610620826483 1380.377067707479 950.22011558711529
leaf_count=1042 1402 16886 4405 1146 17431 1928 2995 414 4478 4954
internal_value=0.00644552 -0.002068 0.013749 0.0160097 0.0137015 0.0274848 -0.0164856 0.0016798 0.00079171 -0.0210096
internal_weight=17203.2 7943.34 9259.82 8197.37 6834.59 1362.78 1637.17 6306.17 6159.46 1413.4
internal_count=57081 30769 26312 21907 18577 3330 8991 21778 21364 7949
is_linear=0
shrinkage=0.0576939


Tree=28
num_leaves=11
num_cat=0
split_feature=23 42 5 19 28 33 19 19 22 42
split_gain=333.329 127.321 113.136 115.721 89.2162 72.2761 64.8261 62.9222 70.5435 45.0717
threshold=0.20788159966468814 -0.0095814047381281835 0.045256940647959716 1.0537856221199038 -0.038495926186442368 -0.00066038046497851599 1.2637115716934206 1.1556023955345156 0.089592959731817259 0.045665176585316665
decision_type=2 2 2 2 2 2 2 2 2 2
left_child=5 4 3 -3 -2 -1 -6 8 -7 -4
right_child=1 2 9 -5 6 7 -8 -9 -10 -11
leaf_value=0.0057763509130192639 0.050949794585984594 0.010097896916128737 0.036608273042690723 -0.0029425299218697239 0.024311616581202757 -0.036083522183119048 -0.0088949904191059654 -0.043569290262980502 -0.0075957516408014271 0.015493702149034127
leaf_weight=654.7547294870019 353.96869369596243 6247.6482862308621 394.19138905405998 3545.3092870488763 1052.8735633864999 346.94174137338996 236.39786175638437 241.43220829963684 1689.1986019387841 2407.8700390160084
leaf_count=2758 844 19718 768 10669 2509 2163 679 995 8243 7672
internal_value=0.00663937 0.0102881 0.00830845 0.00537504 0.025383 -0.0110576 0.0181931 -0.0159103 -0.0125304 0.0185265
internal_weight=17170.6 14238.3 12595 9792.96 1643.24 2932.33 1289.27 2277.57 2036.14 2802.06
internal_count=57018 42859 38827 30387 4032 14159 3188 11401 10406 8440
is_linear=0
shrinkage=0.0576939


Tree=29
num_leaves=11
num_cat=0
split_feature=23 23 42 5 19 37 27 19 10 42
split_gain=287.43 115.264 79.7988 58.1688 63.0808 54.8712 51.8867 54.5163 35.2599 30.4798
threshold=0.31626990437507635 0.14385790377855304 0.10961809381842615 0.077985852956771864 0.8000020980834962 0.018055282533168796 -0.050570398569107049 1.2416304945945742 37.544231414794929 0.11232718080282213
decision_type=2 2 2 2 2 2 2 2 2 2
left_child=1 5 6 4 -3 8 -2 -8 -1 -4
right_child=2 3 9 -5 -6 -7 7 -9 -10 -11
leaf_value=-0.045715596232777517 0.032698975894172248 0.016442938582898216 -0.024994422038955241 0.038685945891988066 -0.0021485261369522599 -0.0053652327522803779 0.016329883292126094 0.0040750790168514262 0 0.0024974552736028426
leaf_weight=329.91054740175605 527.26895662397146 670.55521903187037 152.04646001756191 125.50858399271965 6065.4378349296749 303.86706203594804 6311.0259365141392 1506.0297333672643 66.832912735641003 935.7867306470871
leaf_count=2221 1354 1927 544 350 22566 1908 17258 3900 567 4027
internal_value=0.00654717 -0.00182934 0.0132634 0.000449181 -0.000284308 -0.0240443 0.0151788 0.0139759 -0.0380682 -0.00140677
internal_weight=16994.3 7562.11 9432.16 6861.5 6735.99 700.611 8344.32 7817.06 396.743 1087.83
internal_count=56622 29539 27083 24843 24493 4696 22512 21158 2788 4571
is_linear=0
shrinkage=0.0576939


Tree=30
num_leaves=11
num_cat=0
split_feature=23 43 42 23 23 43 42 24 42 37
split_gain=217.773 74.1624 102.725 70.4648 64.8734 60.4117 54.6477 40.4649 39.844 40.1328
threshold=0.25472529232501989 -0.1527539789676666 0.1100582852959633 0.1338944807648659 0.39347575604915624 -0.10027654841542243 0.034042792394757278 1.3115284442901614 0.13603635877370837 0.017610243521630767
decision_type=2 2 2 2 2 2 2 2 2 2
left_child=3 -2 4 8 -3 6 -5 -7 9 -1
right_child=1 2 -4 5 -6 7 -8 -9 -10 -11
leaf_value=-0.042212540803333365 -0.023881253822099067 0.0069949953907989439 -0.0045272250015012351 0.012896598738899001 0.016198066681167241 -0.0031514285341081188 -0.038919608583596457 0.011149828932258155 0.056943516375512891 -0.0076293207316194024
leaf_weight=279.97725094854832 209.04002853482962 4414.079650118947 1350.9859877824783 88.566845268011093 6110.9418642818928 3308.1057882606983 252.91210991516709 817.41591360792518 14.712238930165766 191.17289180681109
leaf_count=2144 872 12803 5896 303 15982 12924 1423 3081 127 1342
internal_value=0.00564348 0.00981881 0.0104229 -0.00453875 0.0123455 -0.00225113 -0.0254115 -0.000302565 -0.0253073 -0.0284369
internal_weight=17037.9 12085 11876 4952.86 10525 4467 341.479 4125.52 485.862 471.15
internal_count=56897 35553 34681 21344 28785 17731 1726 16005 3613 3486
is_linear=0
shrinkage=0.0576939


Tree=31
num_leaves=11
num_cat=0
split_feature=20 20 10 5 19 28 19 43 36 14
split_gain=180.917 83.8782 111.897 98.3804 49.9095 48.8349 45.6319 41.5328 40.0866 24.3386
threshold=0.21791272610425952 0.049289431422948844 15.863632202148439 0.044499240815639503 0.93995738029479992 -0.036583507433533662 1.1749351024627688 -0.16201481223106382 0.2173293083906174 -22.154115676879879
decision_type=2 2 2 2 2 2 2 2 2 2
left_child=1 6 4 -4 -3 9 -1 -7 -9 -2
right_child=5 2 3 -5 -6 7 -8 8 -10 -11
leaf_value=-0.012184043776642702 -0.015563484844616261 0.022557528039661878 -0.0024893111803477694 0.013212012566329808 0.0065503369722724469 -0.032817231377905487 -0.060738488095351303 0.0083622686108822328 0.021859227041085744 0.027584007260675267
leaf_weight=616.279780164361 41.813126720488071 1175.3129476495087 7613.0336537994444 1604.3378819227219 1465.1313058696687 62.900170281529427 68.652214225381613 2181.4473895430565 1114.9125431030989 1098.9044118076563
leaf_count=3548 135 3685 26951 5080 4656 191 285 6335 3124 2972
internal_value=0.00567728 0.00211229 0.00325041 0.000245781 0.0137112 0.0155963 -0.0174475 0.0120514 0.0129584 0.0259255
internal_weight=17042.7 12542.7 11857.8 9217.37 2640.44 4499.98 684.932 3359.26 3296.36 1140.72
internal_count=56962 44205 40372 32031 8341 12757 3833 9650 9459 3107
is_linear=0
shrinkage=0.0576939


Tree=32
num_leaves=11
num_cat=0
split_feature=42 23 23 19 28 43 42 43 19 42
split_gain=156.946 169.248 85.3966 94.1697 79.7462 155.503 73.1231 95.976 48.7007 42.4387
threshold=-0.0095814047381281835 0.33488750457763677 0.11522742360830308 1.0537856221199038 -0.036583507433533662 0.32156857848167425 0.016775296069681648 -0.054671959951519959 1.1297464370727541 -0.023906053043901917
decision_type=2 2 2 2 2 2 2 2 2 2
left_child=4 2 -2 -4 9 -6 7 -3 -8 -1
right_child=1 6 3 -5 5 -7 8 -9 -10 -11
leaf_value=0.057378151838740871 -0.037905110263592043 -0.074275357865628513 0.0029859067203076395 -0.010866126097342143 0.019861817253913373 -0.065180341171375805 0.014748814619596099 -0.0013699827350986675 0.0047814750339675973 0.012566388332103792
leaf_weight=268.10923272371292 215.66676669567823 65.904340170323849 5110.2070023827255 2395.0334331579506 1312.4534247741103 71.292385905981064 4518.9530446380377 420.19512687623501 2575.9669048860669 101.0104173719883
leaf_count=625 1815 248 20164 8488 3272 230 13469 885 7483 277
internal_value=0.00540975 0.00353127 -0.00247803 -0.00143479 0.0217431 0.0152676 0.0096528 -0.0118888 0.0111389 0.0454797
internal_weight=17054.8 15301.9 7720.91 7505.24 1752.87 1383.75 7581.02 486.099 7094.92 369.12
internal_count=56956 52552 30467 28652 4404 3502 22085 1133 20952 902
is_linear=0
shrinkage=0.0576939


Tree=33
num_leaves=11
num_cat=0
split_feature=23 23 43 19 37 23 19 19 33 32
split_gain=210.229 82.757 88.8934 84.959 53.7957 60.1187 47.3175 40.5481 38.4782 35.4925
threshold=0.22564387321472171 0.66742488741874706 -0.1527539789676666 1.0520606040954592 0.026068798266351226 0.15062772482633593 0.93164479732513439 1.4254072308540346 0.011272971052676441 0.00902331341058016
decision_type=2 2 2 2 2 2 2 2 2 2
left_child=4 2 8 -4 5 9 -6 -8 -2 -1
right_child=1 -3 3 -5 6 -7 7 -9 -10 -11
leaf_value=-0.040784715874373517 -0.050936843498091584 0.017393228372537275 0.011039459205498319 0.0005791763210221386 0.011625037891172627 -0.0074663284073331797 -0.0084964051823794001 0.078006861563068935 0.0088747731309520798 -0.0091781132197987919
leaf_weight=368.27662939578295 125.51232589781284 2561.5414562746882 5986.3540089279413 4556.1570799201727 660.23672756180167 1189.6961924396455 1283.8136231414974 13.847053207457064 46.833906054496765 181.30238978564739
leaf_count=2628 559 7196 18341 13657 2705 5018 5459 46 208 1228
internal_value=0.00469012 0.00807898 0.00584357 0.00652347 -0.00746715 -0.0148382 -0.000887111 -0.00729119 -0.0347198 -0.0305619
internal_weight=16973.6 13276.4 10714.9 10542.5 3697.17 1739.28 1957.9 1297.66 172.346 549.579
internal_count=57045 39961 32765 31998 17084 8874 8210 5505 767 3856
is_linear=0
shrinkage=0.0576939


Tree=34
num_leaves=11
num_cat=0
split_feature=23 42 3 5 10 10 3 1 33 10
split_gain=188.707 91.3155 84.3736 75.8091 88.6522 46.2572 59.6431 43.5058 39.653 34.6146
threshold=0.39641739428043371 0.067044824361801161 -0.11604164168238638 0.045256940647959716 14.870346546173097 14.587488651275637 0.44441395998001104 -0.093537937849760042 0.0075145019218325624 38.547590255737312
decision_type=2 2 2 2 2 2 2 2 2 2
left_child=2 7 9 4 -4 -3 -7 -2 -9 -1
right_child=1 5 3 -5 -6 6 -8 8 -10 -11
leaf_value=0.021525915280609501 0.035242398692131374 0.023096185882614213 0.008586307403031207 0.011409340368099116 -0.0069206531053841724 0.00019840478987394905 0.020932221648524457 0.011477351212921753 0.026740109254216538 -0.010497568329820121
leaf_weight=748.12710550427437 488.99205666035414 461.74634544551373 1510.1028576120734 1226.8236780539155 6446.68569034338 2774.2853616848588 550.26886690407991 1791.2683354467154 842.25124934315681 128.13360927253962
leaf_count=2068 1302 1434 5331 4111 25618 8720 1609 4458 1973 350
internal_value=0.0047687 0.0121071 -0.000271618 -0.00190917 -0.00397119 0.00606258 0.00366134 0.0194093 0.0164053 0.0167842
internal_weight=16968.7 6908.81 10059.9 9183.61 7956.79 3786.3 3324.55 3122.51 2633.52 876.261
internal_count=56974 19496 37478 35060 30949 11763 10329 7733 6431 2418
is_linear=0
shrinkage=0.0576939


Tree=35
num_leaves=11
num_cat=0
split_feature=42 5 19 8 44 27 37 42 45 10
split_gain=129.376 123.16 128.433 90.3344 84.3979 87.1241 74.3834 57.1024 126.618 50.1419
threshold=-0.0095814047381281835 0.045256940647959716 0.97573941946029674 0.28496888279914862 0.056473614647984512 0.0031370049109682445 0.085517983883619322 0.035477923229336746 -0.015178892295807598 29.897371292114261
decision_type=2 2 2 2 2 2 2 2 2 2
left_child=4 2 3 -2 5 -1 -4 8 -3 -9
right_child=1 7 6 -5 -6 -7 -8 9 -10 -11
leaf_value=0.025638714940147841 0.012054290603767191 -0.03031091867166312 -0.010104721401969536 -0.002778964305903308 0.034500806091281984 -0.0080787345307994154 0.0025482353607254155 0.019943187494956393 0.056037632824794036 0.0036876298809234345
leaf_weight=499.16845720261335 3639.3986306302249 69.67289237678051 4050.7269972898066 2180.4849525094032 717.71896074712276 512.05164803564548 2492.9434757828712 1096.4610028043389 243.6315038651228 1499.3838132843375
leaf_count=1296 13346 152 15397 7589 1702 1397 7401 3121 456 5266
internal_value=0.00447493 0.00277677 0.000259815 0.00649445 0.0194152 0.00857857 -0.00528185 0.0134479 0.0365981 0.0105862
internal_weight=17001.6 15272.7 12363.6 5819.88 1728.94 1011.22 6543.67 2909.15 313.304 2595.84
internal_count=57123 52728 43733 20935 4395 2693 22798 8995 608 8387
is_linear=0
shrinkage=0.0576939


Tree=36
num_leaves=11
num_cat=0
split_feature=37 5 10 3 18 27 43 8 10 26
split_gain=115.951 108.72 104.139 78.3921 68.2205 43.7976 40.4398 35.6114 33.1225 40.9839
threshold=0.13968688994646075 0.044499240815639503 15.863632202148439 0.097967389971017851 -0.09580975770950316 -0.01553372200578451 0.074799515306949629 -0.21056001633405683 29.268647193908695 0.92437618970870983
decision_type=2 2 2 2 2 2 2 2 2 2
left_child=1 2 3 -1 -4 6 -2 -7 -3 -10
right_child=5 8 4 -5 -6 7 -8 -9 9 -11
leaf_value=0.0031115210344491218 0.015299251496101863 0.020446694470349754 -0.010354264284897656 0.02511775897389814 0.00049870780834305529 0.0025463313087699681 0.036977428898361413 0.017623397037899842 -0.0031347913329538481 0.015405448414553144
leaf_weight=1955.8514245375991 1060.2715945243835 1046.8947810381651 3234.0643322654068 741.99729084968567 4752.1169755645096 1350.6816759109497 399.987459205091 851.98173683136702 707.86378338187933 889.56783940643072
leaf_count=6698 2949 2867 12076 2332 17505 3864 1081 2353 2525 2782
internal_value=0.00451099 0.00200827 -0.000583193 0.0092049 -0.0038963 0.0135971 0.0213489 0.00841361 0.0124721 0.00718744
internal_weight=16991.3 13328.4 10684 2697.85 7986.18 3662.92 1460.26 2202.66 2644.33 1597.43
internal_count=57032 46785 38611 9030 29581 10247 4030 6217 8174 5307
is_linear=0
shrinkage=0.0576939


Tree=37
num_leaves=11
num_cat=0
split_feature=23 42 43 43 20 42 10 11 42 42
split_gain=127.309 77.1062 79.9983 75.8178 51.9491 46.2246 53.1063 49.5087 69.6114 41.0861
threshold=0.20788159966468814 0.1100582852959633 -0.063151847571134553 -0.1527539789676666 0.19553381949663165 0.091932572424411788 13.514564990997316 24.673628807067875 0.060751687735319145 0.11738254502415658
decision_type=2 2 2 2 2 2 2 2 2 2
left_child=5 3 -3 -2 -5 7 -7 8 -1 -4
right_child=1 2 9 4 -6 6 -8 -9 -10 -11
leaf_value=-0.012284538031845423 -0.024086653269761421 -0.042673323945267516 -0.012912250231370753 0.0054897353991353159 0.013258130212486435 0.015279685266621343 -0.019646992526841222 -0.0061408773934573738 0.037233620925017044 0.0069311032216834061
leaf_weight=153.95859404653311 238.66376665234566 168.69945838302374 580.62041543424129 7576.9480261579156 4634.349781230092 162.20421755313873 1117.8611947968602 1235.1701732948422 230.90089163184166 849.47860404849052
leaf_count=741 1044 674 1994 22134 12549 671 6145 5639 1005 4476
internal_value=0.00400457 0.00627731 -0.0056284 0.00780978 0.00844383 -0.00698887 -0.0151634 -0.0004899 0.0174426 -0.00112199
internal_weight=16948.9 14048.8 1598.8 12450 12211.3 2900.1 1280.07 1620.03 384.859 1430.1
internal_count=57072 42871 7144 35727 34683 14201 6816 7385 1746 6470
is_linear=0
shrinkage=0.0576939


Tree=38
num_leaves=11
num_cat=0
split_feature=42 43 36 10 28 33 42 19 10 33
split_gain=135.095 156.856 79.4013 83.006 67.7749 67.6245 75.3715 59.61 40.0675 26.9498
threshold=0.087676934897899642 -0.10375417396426199 0.2273897007107735 14.675467491149904 -0.094205003231763826 0.0090879364870488661 -0.0095814047381281835 1.1749351024627688 15.777127742767336 0.018273237161338333
decision_type=2 2 2 2 2 2 2 2 2 2
left_child=4 8 3 -3 -1 6 -6 -7 -2 -10
right_child=1 2 -4 -5 5 7 -8 -9 9 -11
leaf_value=0.031542610706009208 -0.0034145491930753793 0.013402651333595634 0.024324452318074091 -0.0046376209367584922 0.015447492782200822 0.019090339916790006 0.00012580114430504129 0.002274620786878517 -0.046045004201518108 -0.010515548106022043
leaf_weight=386.49483136832714 140.77933545038104 1018.809775326401 417.88461159169674 4972.2900180928409 1364.1426581293344 2210.8411622941494 4893.8534014932811 1034.4007320478559 361.66471315547824 94.563652813434601
leaf_count=1024 510 3576 1335 19621 3565 7191 15708 2516 1618 349
internal_value=0.00362757 -0.00249817 0.000141332 -0.0015578 0.00796893 0.0069932 0.00347843 0.0137489 -0.0306698 -0.0389095
internal_weight=16895.7 7005.99 6408.98 5991.1 9889.73 9503.24 6258 3245.24 597.008 456.228
internal_count=57013 27009 24532 23197 30004 28980 19273 9707 2477 1967
is_linear=0
shrinkage=0.0576939


Tree=39
num_leaves=11
num_cat=0
split_feature=22 42 23 20 43 42 24 30 42 0
split_gain=102.112 102.217 74.0609 57.1287 55.0673 52.4729 51.9536 48.9702 45.4145 42.2563
threshold=0.33600175380706793 0.072958871722221388 0.12744942307472232 0.3849432915449143 -0.13213742524385449 0.072327554225921645 0.74422234296798717 -0.10516719892621039 0.135615348815918 -0.078282147645950304
decision_type=2 2 2 2 2 2 2 2 2 2
left_child=2 5 8 7 -4 9 -6 -3 -1 -2
right_child=1 3 4 -5 6 -7 -8 -9 -10 -11
leaf_value=-0.030941389330976961 0.035969860577535172 -0.022991644071501175 -0.023637806936178073 0.019057431586006143 -0.0049535114434375487 0.057493111562434224 0.0044317549805154965 0.0011677126789101865 0.059925404595452668 0.012414021261159357
leaf_weight=336.74900404363871 273.94432325661182 305.66204033792019 298.63551274687052 537.78981060534716 2908.5091928578913 92.76791325211525 6010.8446021340787 2795.2578664943576 15.143967833369969 3254.3607548549771
leaf_count=2780 764 985 1478 1688 10307 205 21024 9008 134 8389
internal_value=0.00346099 0.0086186 -0.000451046 0.00177678 0.000543542 0.0154759 0.00136744 -0.00123464 -0.0262615 0.0142931
internal_weight=16829.7 7259.78 9569.88 3638.71 9217.99 3621.07 8919.35 3100.92 351.893 3528.31
internal_count=56762 21039 35723 11681 32809 9358 31331 9993 2914 9153
is_linear=0
shrinkage=0.0576939


Tree=40
num_leaves=11
num_cat=0
split_feature=23 42 43 43 23 33 19 24 31 19
split_gain=121.996 82.3788 84.2584 65.5648 61.2428 60.5012 57.2697 36.5387 31.5895 29.8482
threshold=0.17229008674621585 0.1100582852959633 -0.063151847571134553 -0.1527539789676666 0.39347575604915624 -0.00066038046497851599 0.97722947597503673 1.421008348464966 -0.026399439200758931 1.1523472070693972
decision_type=2 2 2 2 2 2 2 2 2 2
left_child=5 3 -3 -2 -5 -1 -4 9 -9 -7
right_child=1 2 6 4 -6 7 -8 8 -10 -11
leaf_value=0.013023180097773647 -0.022300292735748305 -0.043373522849242986 0.013758206824855328 0.0033279910433060824 0.01117569860385865 -0.018918212958106057 -0.0097904759661568263 0.057729025566153856 -0.0051758622793503292 -0.053350036156475246
leaf_weight=245.36252319812775 257.09716711193323 183.8476484566927 491.66835486143827 7385.2612656652927 6021.4247479736805 933.00909123942256 1113.0242280438542 28.523629352450371 131.87174382805824 91.008666835725307
leaf_count=1179 1148 783 2417 23042 16074 5876 5041 131 816 482
internal_value=0.00328037 0.00477439 -0.00684959 0.00629957 0.00685716 -0.0128129 -0.002541 -0.0182157 0.00710132 -0.0222202
internal_weight=16882.1 15452.3 1788.54 13663.8 13406.7 1429.78 1604.69 1184.41 160.395 1024.02
internal_count=56989 48505 8241 40264 39116 8484 7458 7305 947 6358
is_linear=0
shrinkage=0.0576939


Tree=41
num_leaves=11
num_cat=0
split_feature=23 19 43 23 42 42 0 7 20 33
split_gain=120.559 65.1821 56.3331 58.0495 55.672 79.4606 122.81 57.8116 53.9491 52.7985
threshold=0.24666279554367068 1.0054789185523989 -0.10027654841542243 0.11197355762124063 -0.0095814047381281835 0.005827799905091525 0.011247495654970409 2.4814059734344487 0.37527456879615789 0.0050931819714605817
decision_type=2 2 2 2 2 2 2 2 2 2
left_child=1 2 -1 -4 7 6 -6 -2 -7 -9
right_child=4 -3 3 -5 5 8 -8 9 -10 -11
leaf_value=-0.026662884772781847 0.024555834506190376 -0.013283792056131115 -0.0328235697372838 0.0053613529867096096 -0.044699981831560522 0.0041810309850104296 0.020589222092687147 -0.010851762000472377 0.017690539112275829 0.035058938776191609
leaf_weight=224.32644093409181 985.40063385665417 1838.3616115748882 135.79518146440387 2380.0098799020052 252.02844943106174 9248.7559768036008 149.20792390406132 355.17652098089457 1099.5646501109004 104.11262764781713
leaf_count=1288 2561 7820 1212 9914 617 28638 299 972 3252 225
internal_value=0.00308333 -0.00489282 0.000739494 0.00323582 0.00608092 0.00464423 -0.0203964 0.016706 0.00562597 -0.000152771
internal_weight=16772.7 4578.49 2740.13 2515.81 12194.2 10749.6 401.236 1444.69 10348.3 459.289
internal_count=56798 20234 12414 11126 36564 32806 916 3758 31890 1197
is_linear=0
shrinkage=0.0576939


Tree=42
num_leaves=11
num_cat=0
split_feature=23 42 27 42 42 33 33 42 28 12
split_gain=110.369 69.5211 57.7006 55.5777 47.8065 39.926 31.2147 35.6036 19.4778 26.3278
threshold=0.19564574211835864 0.1100582852959633 -0.020057192072272297 -0.023906053043901917 0.10311501100659372 -0.0010009396937675772 0.027713222429156307 0.135615348815918 0.041706958785653121 38.744367599487312
decision_type=2 2 2 2 2 2 2 2 2 2
left_child=5 2 3 -2 -4 -1 7 -7 9 -3
right_child=1 8 4 -5 -6 6 -8 -9 -10 -11
leaf_value=0.0058813933041397858 0.04555404799910779 0.0014044198601032808 0.0028345494749732985 0.011680130379626848 0.015522252526510343 -0.01523128678747516 0.042670848674363618 0.034833926778195599 0.0062380713685269741 -0.015519632122269197
leaf_weight=467.67151381447911 172.45738254487514 463.75804019719362 9507.4531413167715 2022.333637483418 1101.0046694874763 1765.3696341663599 28.637582644820213 44.205372557044029 311.86819456517696 875.85620939731598
leaf_count=2058 440 1987 28197 5595 3115 9617 104 322 1336 4150
internal_value=0.00261871 0.00449024 0.00592847 0.01444 0.00415975 -0.00908801 -0.0129157 -0.0139118 -0.00662995 -0.00965588
internal_weight=16760.6 14454.7 12803.2 2194.79 10608.5 2305.88 1838.21 1809.58 1651.48 1339.61
internal_count=56921 44820 37347 6035 31312 12101 10043 9939 7473 6137
is_linear=0
shrinkage=0.0576939


Tree=43
num_leaves=11
num_cat=0
split_feature=42 42 32 37 19 44 42 43 32 41
split_gain=90.9928 82.655 109.289 108.138 71.0543 70.8844 63.3189 56.7219 46.8096 51.7323
threshold=-0.0095814047381281835 0.016775296069681648 0.0197023143991828 0.038995880633592613 0.92039269208908092 -0.47510255873203272 0.024591973982751373 -0.054671959951519959 0.02396478317677975 0.58223864436149608
decision_type=2 2 2 2 2 2 2 2 2 2
left_child=5 2 7 6 -5 -1 -3 -2 9 -7
right_child=1 3 -4 4 -6 8 -8 -9 -10 -11
leaf_value=-0.0055999885934007766 -0.063915991325387472 0.025618195393801037 0.043283087497334026 0.015434802238648758 0.0035991134016999 0.035549064177149502 -0.0046080259400661325 -0.017010410912663185 -0.033082526780594437 0.011794889830625609
leaf_weight=390.04823093116283 97.509361311793327 236.09026155620813 86.698335997760296 2332.6737690269947 6130.8450759835541 659.04772011935711 5559.4039820991457 614.16746474057436 44.772461608052254 584.96563076972961
leaf_count=1100 382 596 151 7419 19773 1631 22507 1631 99 1553
internal_value=0.00312323 0.00169859 -0.01631 0.00271349 0.00687067 0.0158471 -0.00335357 -0.0238291 0.0223552 0.0244817
internal_weight=16736.2 15057.4 798.375 14259 8463.52 1678.83 5795.49 711.677 1288.79 1244.01
internal_count=56842 52459 2164 50295 27192 4383 23103 2013 3283 3184
is_linear=0
shrinkage=0.0576939


Tree=44
num_leaves=11
num_cat=0
split_feature=20 18 24 44 10 28 3 24 43 28
split_gain=99.2033 73.9567 43.5869 41.8859 39.7694 33.6179 35.0511 33.6013 31.1911 30.1357
threshold=0.20015320926904681 -0.41856211423873896 1.1540542840957644 0.062313118949532516 17.691011428833011 -0.094205003231763826 0.44441395998001104 0.74422234296798717 -0.010738861747086046 0.054290793836116798
decision_type=2 2 2 2 2 2 2 2 2 2
left_child=1 7 3 -3 -2 -6 -7 9 -4 -1
right_child=4 2 8 -5 5 6 -8 -9 -10 -11
leaf_value=-0.0205570902198337 0.021762565691417313 -0.004577508529008561 0.0018777763702612126 0.0050974256167639559 0.024527350133452423 0.0033172640383033235 0.018539341126170634 -0.0031915716781737713 0.013277682989767586 0.024403918363211048
leaf_weight=926.062734734267 720.43558526039124 4147.1469072178006 1756.7456811666489 2317.0418506413698 336.58278718963265 3382.2586425617337 589.59792181104422 1021.9349384754896 1473.099469229579 48.271440878510475
leaf_count=3585 2041 14979 6286 8349 958 10076 1654 3705 5102 130
internal_value=0.00245929 -0.000454094 0.00162717 -0.00110443 0.0092315 0.00710985 0.00560161 -0.0105552 0.00709632 -0.0182025
internal_weight=16719.2 11690.3 9694.03 6464.19 5028.87 4308.44 3971.86 1996.27 3229.85 974.334
internal_count=56865 42136 34716 23328 14729 12688 11730 7420 11388 3715
is_linear=0
shrinkage=0.0576939


Tree=45
num_leaves=11
num_cat=0
split_feature=23 42 43 19 5 37 42 19 3 42
split_gain=85.922 57.7189 58.7424 46.6303 65.4392 60.4954 45.5155 43.1233 74.4884 36.8222
threshold=0.19564574211835864 0.1100582852959633 -0.063151847571134553 0.95697513222694408 -0.015258602332323788 0.018055282533168796 -0.0095814047381281835 1.2416304945945742 0.44441395998001104 0.11738254502415658
decision_type=2 2 2 2 2 2 2 2 2 2
left_child=3 7 -3 5 6 -1 -5 8 -2 -4
right_child=1 2 9 4 -6 -7 -8 -9 -10 -11
leaf_value=-0.014090157747600293 0.0059432943895697966 -0.037917147034074443 -0.013417282205944493 0.086915551433184829 -0.020132192460181879 0.012541434799572544 0.0012222776259147594 -0.0026226417624209846 0.035319125985878164 0.0050050569359508836
leaf_weight=519.75754806399345 10630.751113377512 168.42544741183519 597.03846327960491 26.894331589341164 1066.0800698585808 614.86594946682453 62.713998563587666 1917.4206790290773 291.5520269498229 897.5965641066432
leaf_count=3157 31600 698 2089 54 5767 2780 269 5233 694 4789
internal_value=0.00238997 0.0040315 -0.00606264 -0.00798083 -0.0161147 0.000311441 0.0301008 0.00534262 0.00674382 -0.00235421
internal_weight=16793.1 14502.8 1663.06 2290.31 1155.69 1134.62 89.6083 12839.7 10922.3 1494.64
internal_count=57130 45103 7576 12027 6090 5937 323 37527 32294 6878
is_linear=0
shrinkage=0.0576939


Tree=46
num_leaves=11
num_cat=0
split_feature=23 43 19 26 22 33 19 33 26 36
split_gain=102.227 63.038 63.8383 80.9346 55.2801 43.4094 35.8258 41.04 31.6987 26.236
threshold=0.39347575604915624 -0.10375417396426199 1.0387601256370547 0.95374795794487011 0.072137784212827696 -0.0096752080135047418 0.96185019612312328 0.060951052233576782 0.95132195949554454 -0.025872692465782162
decision_type=2 2 2 2 2 2 2 2 2 2
left_child=1 5 4 -4 -3 -1 -2 9 -7 -8
right_child=6 2 3 -5 -6 8 7 -9 -10 -11
leaf_value=0.019976281423511995 0.013791508114427762 -0.025267993694008811 -0.018147071725712543 0.00012768276472413618 0.0046423139415925916 -0.011621025816258306 0.027403305523873937 0.022175806898295649 -0.037953977583472374 0.002231918692961994
leaf_weight=84.257168754935265 2147.2643664553761 209.12692562863231 1247.235446870327 2260.8136016316712 5468.0326819233596 360.30832554399967 138.50224279612303 407.48534321784973 272.17470456287265 4128.6457458883524
leaf_count=267 6032 1232 4336 7811 20573 1822 393 1029 1342 12228
internal_value=0.00218925 -0.00155264 -0.000260043 -0.00637685 0.00351708 -0.017978 0.00762191 0.00477197 -0.023179 0.00308261
internal_weight=16723.8 9901.95 9185.21 3508.05 5677.16 716.74 6821.9 4674.63 632.483 4267.15
internal_count=57065 37383 33952 12147 21805 3431 19682 13650 3164 12621
is_linear=0
shrinkage=0.0576939


Tree=47
num_leaves=11
num_cat=0
split_feature=23 19 43 42 43 29 33 42 26 43
split_gain=72.3945 55.645 55.6384 51.4794 50.539 63.7027 48.7432 38.3657 39.6959 45.6084
threshold=0.19564574211835864 1.1297464370727541 -0.1527539789676666 -0.038799120113253587 0.10862353071570398 0.044017219915986068 0.039754809811711318 0.135615348815918 0.60879376530647289 -0.078973364084959016
decision_type=2 2 2 2 2 2 2 2 2 2
left_child=7 2 -2 -4 6 -6 -3 8 9 -1
right_child=1 4 3 -5 5 -7 -8 -9 -10 -11
leaf_value=0.070662931036764326 -0.021732846575090239 -0.0074803727549443621 0.034602981672872089 0.0067472221863481069 0.019908044705243131 -0.019790529758450987 0.0097027654045495435 0.039021660517797895 -0.0092931768160821222 -0.012926144674375657
leaf_weight=40.812793623656034 218.67846062779427 2800.6994208432734 222.3819919526577 9728.0864050239325 651.49691764265299 164.8352318033576 678.20255399495363 55.322224900126457 2165.7770891226828 38.731389909982681
leaf_count=118 933 8299 494 30745 1947 568 1899 381 11401 239
internal_value=0.0029111 0.00442437 0.00674954 0.00738751 -0.00107576 0.0117966 -0.00411496 -0.00658182 -0.00779165 0.0311135
internal_weight=16765 14464.4 10169.1 9950.47 4295.23 816.332 3478.9 2300.64 2245.32 79.5442
internal_count=57024 44885 32172 31239 12713 2515 10198 12139 11758 357
is_linear=0
shrinkage=0.0576939


Tree=48
num_leaves=11
num_cat=0
split_feature=42 33 42 42 0 7 32 19 20 33
split_gain=72.083 71.4144 69.8177 82.6666 69.1248 63.6095 50.2328 47.6967 39.9342 38.7571
threshold=-0.0095814047381281835 0.018788285553455356 0.017569032497704033 0.091932572424411788 0.023973066359758381 3.4432870149612431 0.02396478317677975 1.0356442928314211 0.0909455642104149 0.0024962266907095913
decision_type=2 2 2 2 2 2 2 2 2 2
left_child=5 2 4 -4 -2 6 -1 -3 -9 -7
right_child=1 7 3 -5 -6 9 -8 8 -10 -11
leaf_value=0.022749845499567423 -0.02629199520363236 0.018218109630793067 0.0043121090088401436 -0.0058962236066896385 0.017304615217300409 -0.016661795012449375 -0.032322533072363643 -0.021957059787387469 0.0059309846175097007 0.022308359370321513
leaf_weight=1192.4522496387362 616.84445590525866 1118.4517186954618 6476.1713153980672 4451.3834132142365 146.30884502828121 299.30491137504578 53.636450543999672 181.62259371951222 2070.654412612319 113.30550982803106
leaf_count=3162 1829 4024 21590 17708 376 825 118 618 6486 270
internal_value=0.00236438 0.00110352 -0.00102839 0.0001506 -0.0178481 0.0137642 0.0202523 0.00849706 0.00363183 -0.00577425
internal_weight=16720.1 15061.4 11690.7 10927.6 763.153 1658.7 1246.09 3370.73 2252.28 412.61
internal_count=57006 52631 41503 39298 2205 4375 3280 11128 7104 1095
is_linear=0
shrinkage=0.0576939


Tree=49
num_leaves=11
num_cat=0
split_feature=42 43 43 33 0 20 19 19 5 33
split_gain=64.5572 132.272 78.2986 59.3211 52.5187 42.536 42.4879 33.1763 31.066 28.232
threshold=0.088577855378389372 -0.10375417396426199 -0.0060794509481638661 0.022548910230398182 -0.090496964752674089 0.048245642334222801 1.0797628760337832 1.0592514276504519 -0.097302146255969987 0.025733309797942642
decision_type=2 2 2 2 2 2 2 2 2 2
left_child=4 9 3 -3 -1 6 -6 -7 -4 -2
right_child=1 2 8 -5 5 7 -8 -9 -10 -11
leaf_value=0.0302060847373672 -0.033225889874147707 0.00055076665013617976 0.032707369148529661 0.016877003353886859 -0.004234591065000049 0.0076165787650890188 -0.05457302912202952 0.00062384588178078298 -0.011578065951893167 0.010010576282871853
leaf_weight=259.22090918570757 513.52971559017897 3461.5636927634478 49.906102500855923 939.46749939769506 214.36908334121108 5524.1481264047325 72.117385268211365 3833.9994541108608 1737.3922606743872 52.696393027901649
leaf_count=743 2218 12336 171 3151 1285 17397 340 10900 8281 165
internal_value=0.00181406 -0.00253142 -7.6232e-05 0.00405526 0.00478019 0.00408055 -0.017634 0.00475613 -0.0102491 -0.0291096
internal_weight=16658.4 6754.56 6188.33 4401.03 9903.85 9644.63 286.486 9358.15 1787.3 566.226
internal_count=56987 26322 23939 15487 30665 29922 1625 28297 8452 2383
is_linear=0
shrinkage=0.0576939


Tree=50
num_leaves=11
num_cat=0
split_feature=27 19 5 42 43 43 42 42 44 5
split_gain=59.9691 70.2852 69.8583 55.9049 91.3535 62.7017 52.0689 51.3845 43.1231 29.909
threshold=-0.020057192072272297 1.0387601256370547 0.044499240815639503 0.07963921502232553 -0.10375417396426199 0.081745933741331114 -0.023906053043901917 0.10961809381842615 -0.033566797152161591 0.090032879263162627
decision_type=2 2 2 2 2 2 2 2 2 2
left_child=6 3 7 5 -5 -2 -1 -3 -4 -8
right_child=1 2 8 4 -6 -7 9 -9 -10 -11
leaf_value=0.040059778357484942 0.011457578509970175 -0.0061607446003226884 -0.0028767504587215876 -0.027599717730739097 0.0018542717123570353 -0.011191221798645675 0.0055871329417125698 -0.026549371287326234 0.015834032218643337 0.028594631631207873
leaf_weight=172.42241393774748 3411.897042773664 3843.8366485014558 899.84709968417883 381.29785376414657 3828.9349329136312 457.14125556126237 2237.2091602534056 458.53645395860076 744.19158205389977 202.32806466519833
leaf_count=467 11190 12291 2727 1739 15078 1384 6789 2256 2311 559
internal_value=0.00175538 0.000257557 -0.00449911 0.0037623 -0.000833173 0.00876504 0.0097743 -0.00836486 0.00559674 0.00755437
internal_weight=16637.6 14025.7 5946.41 8079.27 4210.23 3869.04 2611.96 4302.37 1644.04 2439.54
internal_count=56791 48976 19585 29391 16817 12574 7815 14547 5038 7348
is_linear=0
shrinkage=0.0576939


Tree=51
num_leaves=11
num_cat=0
split_feature=22 42 42 43 43 24 10 3 20 22
split_gain=68.3163 55.0619 81.5773 61.2615 52.6075 49.3906 45.876 64.5858 43.0177 41.6248
threshold=0.33101059496402746 0.067044824361801161 0.05792848393321038 0.013311305548995735 0.030969119630753997 1.1490510106086733 14.487166881561281 0.11113841086626054 0.3849432915449143 0.072137784212827696
decision_type=2 2 2 2 2 2 2 2 2 2
left_child=5 2 4 -4 -2 6 7 -1 -3 -8
right_child=1 8 3 -5 -6 -7 9 -9 -10 -11
leaf_value=-0.00013873897233655831 0.016472579946104585 -0.0008262880088589805 0.0091476294265270767 0.051976927210777429 0.00025689193426596318 0.0057989276740755217 -0.030824342301559088 0.035117810903822634 0.015695414807049533 -0.0048934759018470896
leaf_weight=810.00332465022802 1240.8802606016397 3587.7244743257761 196.4147586748004 264.06171880662441 1438.9033043533564 2311.0996151901782 209.87682347744703 214.96095766872168 609.47465713322163 5844.7253283709288
leaf_count=2946 3135 11480 636 769 3696 8776 1267 654 1905 21889
internal_value=0.00174431 0.00591436 0.0116881 0.0340257 0.00779016 -0.00151243 -0.00390504 0.00734916 0.00158059 -0.00581853
internal_weight=16728.1 7337.46 3140.26 460.476 2679.78 9390.67 7079.57 1024.96 4197.2 6054.6
internal_count=57153 21621 8236 1405 6831 35532 26756 3600 13385 23156
is_linear=0
shrinkage=0.0576939


Tree=52
num_leaves=11
num_cat=0
split_feature=42 42 2 5 19 41 39 44 5 43
split_gain=70.6443 148.202 89.5972 64.1794 74.9761 50.3405 77.9736 61.1003 54.5705 35.0519
threshold=-0.0053090152796357861 0.005827799905091525 0.080122929066419615 0.045256940647959716 1.0537856221199038 0.5686306655406953 3.5000000000000004 -0.55268883705139149 0.016955364495515827 0.22509806603193286
decision_type=2 2 2 2 2 2 2 2 2 2
left_child=5 2 -2 4 -3 7 -7 9 -9 -1
right_child=1 3 -4 -5 -6 6 -8 8 -10 -11
leaf_value=0.0026592089545471316 -0.055545642388648807 0.0028790866208874707 0.044873377039936539 0.0093037425547527648 -0.0069111225839435476 0.009424243276408362 -0.039149523696107219 0.034326628724005916 -0.011718812184296816 -0.069586542134310439
leaf_weight=206.20603018254042 221.22353943437338 7864.8899209238589 30.366681568324566 2836.1409737840295 3886.4012107551098 759.4352616071701 124.024817019701 698.89413617923856 94.443170301616192 20.545317247509956
leaf_count=498 745 29490 54 8973 13073 1899 391 1724 210 72
internal_value=0.00210176 0.000756009 -0.0427565 0.00152101 -0.000357895 0.0125527 0.0024145 0.021259 0.0287776 -0.00498019
internal_weight=16742.6 14839 251.59 14587.4 11751.3 1903.55 883.46 1020.09 793.337 226.751
internal_count=57129 52335 799 51536 42563 4794 2290 2504 1934 570
is_linear=0
shrinkage=0.0576939


Tree=53
num_leaves=11
num_cat=0
split_feature=20 19 43 42 43 42 27 43 19 14
split_gain=62.6177 47.2079 47.092 47.3101 42.7488 44.6692 34.5522 24.1431 23.8842 21.6326
threshold=0.23598685115575793 1.1715531349182131 0.067194573581218733 0.04277662746608258 1.0171704888343813 -0.038799120113253587 -0.050570398569107049 -0.16201481223106382 0.92039269208908092 -10.203787326812742
decision_type=2 2 2 2 2 2 2 2 2 2
left_child=1 4 9 -4 5 -1 -2 -8 -9 -3
right_child=6 2 3 -5 -6 -7 7 8 -10 -11
leaf_value=0.034636774563047576 0.026347339083974484 -0.029481641122628226 -0.0085166885543379815 0.021211065587412654 -0.039575401556436372 0.0011886462033422951 -0.028553022401955629 0.016031483704491846 0.0044217834104445589 -0.010620105433672148
leaf_weight=130.25486578047276 317.05501787737012 243.14215013384819 413.75264698266983 305.5912398584187 80.077158246189356 10561.209934499115 59.661089181900024 772.28164497762918 2526.1591772921383 1250.8146613575518
leaf_count=250 944 761 1153 986 519 38470 182 2260 7588 3846
internal_value=0.00159298 -0.000287601 -0.00795474 0.00412847 0.001288 0.00161276 0.0082368 0.00648667 0.00716581 -0.0137854
internal_weight=16660 12984.8 2213.3 719.344 10771.5 10691.5 3675.16 3358.1 3298.44 1493.96
internal_count=56959 45985 6746 2139 39239 38720 10974 10030 9848 4607
is_linear=0
shrinkage=0.0576939


Tree=54
num_leaves=11
num_cat=0
split_feature=22 42 43 43 42 43 19 10 33 45
split_gain=46.5542 47.248 102.627 67.8284 40.4183 241.045 69.5926 38.1313 35.5439 37.7557
threshold=0.1135600619018078 0.084186512976884856 -0.10215493664145468 0.0044633576180785903 0.056986115872859962 0.0036379105877131228 0.92377153038978588 16.042548179626468 -0.0071147410199046126 0.04385043494403363
decision_type=2 2 2 2 2 2 2 2 2 2
left_child=8 4 7 -4 6 -6 -2 -3 -1 -10
right_child=1 2 3 -5 5 -7 -8 -9 9 -11
leaf_value=0.019887788984866251 0.012262860989719727 0.0014124493500191754 0.0048118480387476887 -0.0086300649804763978 -0.00056929219888345896 0.031266210017860251 -0.0025105033028497139 -0.032666411109751776 -0.01509687928192816 0.029491429920134836
leaf_weight=121.81736774742603 1534.8939966112375 143.31699270382524 4593.5632026493549 1710.8251592516899 2344.4264013543725 1189.5166055113077 3409.54121183604 432.60310576483607 1036.2582318522036 62.891087166965008
leaf_count=372 4083 515 15531 7649 7906 3739 9397 1764 5689 203
internal_value=0.00170875 0.00257285 -0.00097595 0.00115646 0.00545484 0.0101648 0.00207714 -0.0241946 -0.00910944 -0.0124138
internal_weight=16579.7 15358.7 6880.31 6304.39 8478.38 3533.94 4944.44 575.92 1220.97 1099.15
internal_count=56848 50584 25459 23180 25125 11645 13480 2279 6264 5892
is_linear=0
shrinkage=0.0576939


Tree=55
num_leaves=11
num_cat=0
split_feature=24 42 42 44 17 6 20 12 20 43
split_gain=61.2652 48.0802 69.0184 59.5758 62.0105 46.4754 43.8777 62.2799 38.8386 36.2515
threshold=0.78322154283523571 -0.0095814047381281835 0.011628122534602882 0.068015046417713179 27.675544738769535 60.202615737915046 0.23598685115575793 89.68823623657228 0.095669209957122817 -0.086624622344970689
decision_type=2 2 2 2 2 2 2 2 2 2
left_child=1 3 5 4 -1 -3 7 9 -4 -2
right_child=6 2 8 -5 -6 -7 -8 -9 -10 -11
leaf_value=0.0068944118585886121 -0.0078329120388267569 -0.05257814623124385 -0.012666744218550734 0.032604470584876623 -0.053316355615563006 0.028548263502319451 0.011068418557635325 -0.01278242886074225 -0.0010195937633753662 0.0049815950930011156
leaf_weight=365.3011757209897 816.04279423132539 149.99797212332487 1298.2718769423664 255.55578555911779 62.833842605352402 24.374231699854136 2240.389118514955 849.22260006889701 3575.4860241860151 6961.7099585831165
leaf_count=993 3013 437 5791 631 190 54 6511 3463 12092 23693
internal_value=0.00133403 -0.00348809 -0.00543771 0.0108115 -0.00233668 -0.0406654 0.00388017 0.00200566 -0.00413622 0.00363003
internal_weight=16599.2 5731.82 5048.13 683.691 428.135 174.372 10867.4 8626.98 4873.76 7777.75
internal_count=56868 20188 18374 1814 1183 491 36680 30169 17883 26706
is_linear=0
shrinkage=0.0576939


Tree=56
num_leaves=11
num_cat=0
split_feature=23 10 5 37 27 5 45 42 26 42
split_gain=65.6643 44.9659 46.2248 42.7131 42.5142 42.3325 41.3823 40.5001 31.8033 30.7711
threshold=0.17229008674621585 15.606242179870607 0.0094365486875176447 0.02065595239400864 -0.050570398569107049 0.045256940647959716 0.027935772202908996 0.12098609656095506 1.2292439937591555 0.12872470170259478
decision_type=2 2 2 2 2 2 2 2 2 2
left_child=3 2 9 6 -3 -6 7 -1 -5 -2
right_child=1 4 -4 8 5 -7 -8 -9 -10 -11
leaf_value=-0.032888553181946632 0.0023629309200629864 0.017168386647419962 0.019681346754426871 -0.0065129100483569315 -0.0015302957091213594 0.0067272991418972725 0.012284903657177985 0.012557231881513616 0.024961042327963208 0.044856424058057738
leaf_weight=498.71285754442215 1750.1619636118412 513.50856464356184 917.36139285191894 577.32911315187812 9390.3114354386926 2644.3868969902396 101.52150214836001 71.735001996159554 126.43086165934801 54.345221556723118
leaf_count=3411 5594 1527 2697 3205 30236 8283 534 720 583 232
internal_value=0.00135444 0.00244444 0.00916141 -0.0106942 0.000982641 0.000283774 -0.0210485 -0.0270753 -0.000700896 0.0037638
internal_weight=16645.8 15270.1 2721.87 1375.73 12548.2 12034.7 671.969 570.448 703.76 1804.51
internal_count=57022 48569 8523 8453 40046 38519 4665 4131 3788 5826
is_linear=0
shrinkage=0.0576939


Tree=57
num_leaves=11
num_cat=0
split_feature=23 42 42 27 42 33 33 37 42 45
split_gain=51.6703 43.1823 68.3751 41.2875 41.8035 38.3211 29.6421 28.4356 35.9431 38.0082
threshold=0.1338944807648659 0.1100582852959633 0.11738254502415658 -0.01858820021152496 -0.023906053043901917 0.035785011947155006 0.00776422186754644 0.023338212631642822 0.064332701265811934 -0.0070099283475428811
decision_type=2 2 2 2 2 2 2 2 2 2
left_child=7 3 5 4 -2 -3 -5 -1 -9 -10
right_child=1 2 -4 6 -6 -7 -8 8 9 -11
leaf_value=-0.029368082776204452 0.036541640440420596 -0.024720156039138092 0.0023689348695324799 -0.0010559367644910184 0.0074648067271110572 0.012883440404627045 0.0048274465752968692 -0.044682239514362586 -0.010334619502320858 0.056638490767997735
leaf_weight=277.08017237484455 174.41419152915478 667.45056971535087 1170.5977114774287 6929.5656613744795 2243.7577905245125 100.41412708163261 4830.4835831969976 35.614555418491364 61.277838636189699 45.392256241291761
leaf_count=2544 486 2514 6560 21476 6413 301 15452 300 445 302
internal_value=0.00114551 0.00166946 -0.00639366 0.00277536 0.00963577 -0.0197231 0.00135936 -0.0187357 0.00205191 0.0190499
internal_weight=16536 16116.7 1938.46 14178.2 2418.17 767.865 11760 419.365 142.285 106.67
internal_count=56793 53202 9375 43827 6899 2815 36928 3591 1047 747
is_linear=0
shrinkage=0.0576939


Tree=58
num_leaves=11
num_cat=0
split_feature=10 28 3 43 43 19 6 43 43 43
split_gain=49.6594 49.8805 47.0278 46.1931 50.1896 38.4355 34.3917 45.0427 26.1462 35.8873
threshold=14.870346546173097 -0.03497530706226825 0.097967389971017851 0.37478715181350714 0.22509806603193286 1.0101107358932497 17.712141990661625 -0.16201481223106382 0.0044633576180785903 0.059871416538953788
decision_type=2 2 2 2 2 2 2 2 2 2
left_child=2 3 8 4 -2 -4 -3 -8 -1 -10
right_child=1 6 5 -5 -6 -7 7 -9 9 -11
leaf_value=0.0084230282173576362 0.0064662404125798642 -0.052002644197049801 0.03249512427595292 0.040836834874606653 -0.056714654295065177 0.0030651735837493297 -0.037381885913213793 -0.0014065904350716277 -0.021039784589225688 0.0073588438980905667
leaf_weight=1232.2283068187535 2188.4657341875136 41.159026235342026 405.91885179281235 124.58897143602371 38.199012279510498 235.59412004798651 112.66425833106041 11661.882141092792 281.35866878926754 302.22489872202277
leaf_count=3936 6481 130 1284 455 121 693 402 41393 1055 1157
internal_value=0.000878216 -0.000434161 0.00844216 0.0072297 0.00526024 0.0218227 -0.00196358 -0.00176696 0.00365893 -0.00634346
internal_weight=16624.3 14167 2457.32 2351.25 2226.66 641.513 11815.7 11774.5 1815.81 583.584
internal_count=57107 48982 8125 7057 6602 1977 41925 41795 6148 2212
is_linear=0
shrinkage=0.0576939


Tree=59
num_leaves=11
num_cat=0
split_feature=23 43 43 19 23 42 36 12 32 2
split_gain=49.2372 48.1945 68.8359 41.5885 23.9639 20.2194 21.9884 19.6999 14.6095 13.1447
threshold=0.11780074238777162 1.0171704888343813 0.67419141530990612 0.84705474972724926 0.86512914299964916 0.13253683596849444 0.011527105234563352 87.020900726318374 0.0053136129863560208 -0.002312871976755559
decision_type=2 2 2 2 2 2 2 2 2 2
left_child=5 2 3 -2 -3 6 9 -4 -7 -1
right_child=1 4 7 -5 -6 8 -8 -9 -10 -11
leaf_value=-0.017134267919086631 0.0082617055455624956 -0.044894856972706371 0.048952873021010777 9.3940479006108946e-05 0.031377650047829789 0.079875891179263997 -0.039671790511575725 -0.019474646448150616 -0.018624648946482955 0.052046844926924948
leaf_weight=17.365125935524706 2443.5692826360464 100.05892898142338 123.16229794174433 13666.009336829185 12.177087001502512 5.8585680834948999 163.29298588261008 12.776281297206877 6.5296412445604801 11.337784338742493
leaf_count=141 7405 631 556 46128 49 51 1669 70 79 94
internal_value=0.00106604 0.00142255 0.00168898 0.00133642 -0.0355183 -0.0267669 -0.0315985 0.0419235 0.0351611 0.0127032
internal_weight=16562.1 16357.8 16245.5 16109.6 112.236 204.384 191.996 135.939 12.3882 28.7029
internal_count=56873 54839 54159 53533 680 2034 1904 626 130 235
is_linear=0
shrinkage=0.0576939


Tree=60
num_leaves=11
num_cat=0
split_feature=23 19 23 3 32 27 3 42 44 22
split_gain=50.0206 42.2656 59.2434 36.1644 36.04 33.1198 29.547 27.5196 23.772 27.1655
threshold=0.12744942307472232 1.1715531349182131 0.36280833184719091 0.55440592765808117 0.024502505548298362 -0.053898498415946954 -0.29689502716064448 0.135615348815918 0.45449125766754156 0.080131247639656081
decision_type=2 2 2 2 2 2 2 2 2 2
left_child=7 2 4 -4 -2 -3 -7 8 -1 -10
right_child=1 5 3 -5 -6 6 -8 -9 9 -11
leaf_value=-0.031849369350606165 -0.0012635962996465804 0.015725416846894533 0.0068298105951673264 0.037921477262332713 0.018220030237668987 -0.037210340802138198 -0.0048501550049792315 0.045674663367259928 -0.039750564513387904 0.049186807531319078
leaf_weight=263.44308955408633 7158.6212056651711 251.1092363037169 5086.1779653392732 123.93199443072081 326.11289659142494 92.820226967334747 3167.1897853724658 14.906991638243197 14.581497211009262 24.374852288514376
leaf_count=2510 26892 731 15080 301 1101 288 9583 129 127 209
internal_value=0.000885558 0.00133394 0.00288464 0.00760597 -0.000400918 -0.00426193 -0.00582876 -0.0216364 -0.0256511 0.0146334
internal_weight=16523.3 16206 12694.8 5210.11 7484.73 3511.12 3260.01 317.306 302.399 38.9563
internal_count=56951 53976 43374 15381 27993 10602 9871 2975 2846 336
is_linear=0
shrinkage=0.0576939


Tree=61
num_leaves=11
num_cat=0
split_feature=19 22 24 42 42 26 42 3 43 44
split_gain=44.4325 53.9994 56.991 53.2713 76.9265 39.28 37.4436 31.5585 30.7405 29.8644
threshold=0.87817099690437328 0.33600175380706793 0.75461819767951976 0.067044824361801161 0.056986115872859962 0.5264556109905244 0.058659309521317489 0.30316630005836492 -0.072221312671899782 0.050277082249522216
decision_type=2 2 2 2 2 2 2 2 2 2
left_child=5 2 9 4 -3 8 -4 -5 -1 -2
right_child=1 3 6 7 -6 -7 -8 -9 -10 -11
leaf_value=0.055350341853483108 -0.01611447781364091 0.0053049730338130428 -0.0094126523787372643 -0.0043020014609466374 0.03246691218952924 0.0055718727263353949 0.0024880633680069522 0.0085211562400124095 -0.0085417656312706015 -0.0028760615543650414
leaf_weight=88.941782504320145 1515.2681657578796 2055.2015671469271 1148.9852841049433 2606.7439332827926 414.85178025066853 3213.5783535055816 3706.1036913823336 840.73179411143064 31.884797163307667 917.11602917872369
leaf_count=163 6034 5233 3760 8386 1291 10765 14846 2750 145 3534
internal_value=0.000878355 -0.000623077 -0.00394826 0.00346737 0.0099274 0.00682517 -0.00032892 -0.00116032 0.0385744 -0.0111481
internal_weight=16539.4 13205 7287.47 5917.53 2470.05 3334.4 4855.09 3447.48 120.827 2432.38
internal_count=56907 45834 28174 17660 6524 11073 18606 11136 308 9568
is_linear=0
shrinkage=0.0576939


Tree=62
num_leaves=11
num_cat=0
split_feature=31 5 19 20 10 44 19 26 28 30
split_gain=39.7083 43.6918 60.6431 38.0783 36.7761 30.7865 31.4018 26.8943 17.7016 18.5345
threshold=-0.128927506506443 0.045256940647959716 1.0537856221199038 0.046262580901384361 14.870346546173097 -0.51557198166847218 0.90980195999145519 1.655163645744324 -0.094205003231763826 -0.12970943748950955
decision_type=2 2 2 2 2 2 2 2 2 2
left_child=8 2 4 -4 -2 6 -3 -7 -1 -10
right_child=1 5 3 -5 -6 7 -8 -9 9 -11
leaf_value=0.022995507898397657 0.0085353723325813299 0.028443521689062116 -0.03996065629189733 -0.0063164185225752156 -0.000786805363083156 0.010417215723288653 -0.010803096147821874 -0.028589910020098398 -0.0032519472703903753 0.011119114488886039
leaf_weight=263.57608901336789 1825.3275043927133 73.868397705256939 111.35648091882467 3985.6016284190118 6101.8180175721645 2210.9024198427796 499.12943142652512 55.942699551582336 426.70292273908854 960.40309761464596
leaf_count=797 6257 224 666 13147 23097 6949 1559 231 1259 2685
internal_value=0.000881335 -6.07884e-05 -0.00158311 -0.00727941 0.00136 0.00636803 -0.00551893 0.00938919 0.00935823 0.00668314
internal_weight=16514.6 14863.9 12024.1 4096.96 7927.15 2839.84 572.998 2266.85 1650.68 1387.11
internal_count=56871 52130 43167 13813 29354 8963 1783 7180 4741 3944
is_linear=0
shrinkage=0.0576939


Tree=63
num_leaves=11
num_cat=0
split_feature=23 33 33 31 3 8 42 41 16 5
split_gain=46.5462 37.2818 37.036 57.09 46.107 45.45 42.7886 31.2059 30.4515 24.5252
threshold=0.17386326193809512 -0.0018012150540016589 0.0015724946279078724 0.029894356615841392 -0.09525295719504355 -1.282784044742584 0.031857682392001159 0.073697142302989974 -5.4975171089172354 -0.015258602332323788
decision_type=2 2 2 2 2 2 2 2 2 2
left_child=1 -1 4 5 -2 -4 -5 -3 -6 -9
right_child=2 7 3 6 8 -7 -8 9 -10 -11
leaf_value=0.01308624774381913 0.0036069830744375965 0.017136852626150088 -0.00020090973157492288 0.014382434857617752 0.036308610224042775 0.013517495807870565 -0.0020632918432287343 0.046552391115418423 -0.0067418187200863405 -0.016949515287773134
leaf_weight=210.48534103110433 3188.1429910026491 100.41305000893772 1127.7336499132216 600.66076987981796 51.084350094199181 2761.6783841736615 4054.5951989814639 16.271776951849461 3350.6738438457251 1086.4270604625344
leaf_count=985 8703 610 3498 1523 145 9389 14034 52 10926 7144
internal_value=0.000938713 -0.0090536 0.00187612 0.00438231 -0.00137026 0.0095374 6.4691e-05 -0.0129825 -0.00604129 -0.0158064
internal_weight=16548.2 1413.6 15134.6 8544.67 6589.9 3889.41 4655.26 1203.11 3401.76 1102.7
internal_count=57009 8791 48218 28444 19774 12887 15557 7806 11071 7196
is_linear=0
shrinkage=0.0576939


Tree=64
num_leaves=11
num_cat=0
split_feature=42 42 6 8 19 21 44 19 9 42
split_gain=43.0033 134.412 94.5876 53.6507 61.6962 53.5465 49.6544 44.6495 42.1794 39.3311
threshold=-0.0053090152796357861 0.005827799905091525 67.469718933105483 0.45156906545162206 0.88870134949684154 0.025287596508860592 0.056473614647984512 1.2525464892387392 0.20328877866268161 0.025977461598813537
decision_type=2 2 2 2 2 2 2 2 2 2
left_child=5 2 -2 4 -3 -1 7 -7 -8 -5
right_child=1 3 -4 9 -6 6 8 -9 -10 -11
leaf_value=0.038494898375600335 -0.052673799832720559 0.010633822945133131 0.071255128105420132 0.014157616369400657 -0.00018104085907013603 0.0037415954984948803 0.0065454904392261261 -0.025102296987416728 0.037102546539751188 -0.0072940243067978064
leaf_weight=175.15926828607917 231.63314291462302 2235.7513103131205 18.462458543479443 303.00725026801229 8099.0134388431907 811.2992082759738 421.35472761839628 224.09010709822178 233.94437251985073 3748.8544739875942
leaf_count=505 793 7898 29 787 29371 2034 1142 663 480 13204
internal_value=0.00026897 -0.000781796 -0.0423421 -4.46924e-05 0.00215958 0.00850811 0.00529354 -0.00255615 0.01767 -0.00566966
internal_weight=16502.6 14636.7 250.096 14386.6 10334.8 1865.85 1690.69 1035.39 655.299 4051.86
internal_count=56906 52082 822 51260 37269 4824 4319 2697 1622 13991
is_linear=0
shrinkage=0.0576939


Tree=65
num_leaves=11
num_cat=0
split_feature=42 41 42 18 33 19 42 23 19 44
split_gain=43.9478 41.6829 48.0634 60.5149 48.1458 39.5176 35.9898 35.6179 34.7338 29.5189
threshold=0.1100582852959633 0.66364324092865001 -0.061754960566759103 -0.93172079324722279 0.0080625689588487166 1.3923349380493166 0.026744497008621696 0.17229008674621585 0.93502590060234081 0.44630770385265356
decision_type=2 2 2 2 2 2 2 2 2 2
left_child=1 2 3 -1 -4 7 -7 -3 -2 -10
right_child=8 5 4 -5 -6 6 -8 -9 9 -11
leaf_value=-0.052335268921994027 0.0067541170388671721 -0.016290086555259441 0.00067832648326660147 0.043527992533472538 0.0093903571066139158 -0.059218177285384414 -0.010461547212582694 0.0010060264980823266 -0.014589877080943564 0.0063489952983651126
leaf_weight=20.869649261236191 482.29958641901612 427.56525615788996 5275.7780509516597 179.31792071461678 3524.7599623985589 64.127763099968433 208.20624572783709 4782.582009177655 1267.3064825348556 267.46604780107737
leaf_count=71 2675 2671 16643 524 11371 201 600 14464 6340 1256
internal_value=0.00129357 0.0024065 0.00482195 0.0324901 0.00417358 -0.00155491 -0.0228007 -0.000420951 -0.00667243 -0.010916
internal_weight=16500.3 14483.2 9000.73 200.188 8800.54 5482.48 272.334 5210.15 2017.07 1534.77
internal_count=56816 46545 28609 595 28014 17936 801 17135 10271 7596
is_linear=0
shrinkage=0.0576939


Tree=66
num_leaves=11
num_cat=0
split_feature=23 43 45 19 5 27 33 23 4 16
split_gain=37.5802 38.1128 43.8652 39.309 46.0498 36.1839 29.1156 19.4988 11.7732 10.2651
threshold=0.11197355762124063 -0.16201481223106382 -0.044343885034322732 1.1715531349182131 0.077985852956771864 -0.015873401425778862 0.0065238266251981267 0.53643554449081432 0.00088809244334697734 -0.2728693932294845
decision_type=2 2 2 2 2 2 2 2 2 2
left_child=6 2 -2 4 -3 -5 9 -4 -8 -1
right_child=1 3 7 5 -6 -7 8 -9 -10 -11
leaf_value=-0.019149541553237937 0.037278521429555726 0.0022037714829926955 -0.057651121042297221 0.0054249860492346317 0.024021051966800475 -0.0077378523723407042 0.019764213144696376 -0.0047731316703368285 -0.048022830388714945 0.033671015815067887
leaf_weight=16.698054039850831 23.923903837800026 12379.707086518407 82.151463054120541 951.24109882116318 326.59101624786854 2534.6241362392902 6.3532212711870661 34.415406316518784 100.81598802469671 24.70267472229898
leaf_count=205 70 43301 319 2786 1009 7812 51 102 1075 264
internal_value=0.000751946 0.00101983 -0.028429 0.00128466 0.00277478 -0.00413607 -0.0277031 -0.0430018 -0.0431447 0.0120026
internal_weight=16481.2 16332.7 140.491 16192.2 12706.3 3485.87 148.57 116.567 107.169 41.4007
internal_count=56994 55399 491 54908 44310 10598 1595 421 1126 469
is_linear=0
shrinkage=0.0576939


Tree=67
num_leaves=11
num_cat=0
split_feature=42 42 6 10 44 17 37 43 43 33
split_gain=46.7279 63.9882 81.9024 62.9666 51.2811 77.1935 48.2334 47.1835 46.4141 37.3402
threshold=-0.0095814047381281835 0.016775296069681648 52.708904266357429 29.134686470031742 0.056473614647984512 21.006955146789554 0.044668266549706466 -0.16201481223106382 0.10862353071570398 0.021518054418265823
decision_type=2 2 2 2 2 2 2 2 2 2
left_child=4 2 -2 -4 5 9 7 -3 -8 -1
right_child=1 6 3 -5 -6 -7 8 -9 -10 -11
leaf_value=0.013765754745600338 -0.028890107060352437 -0.049361091443775713 -0.0079591744275120998 0.051919489618154922 0.02277043769369224 -0.028150463835522232 0.0027118694505838077 -0.0022191705460209874 0.019162673845700452 -0.04328332720501607
leaf_weight=704.55939474701881 528.75225591659546 67.137539491057396 192.57739289849997 78.64323740452528 656.95442818105221 215.8152472153306 7170.0548291094601 6221.9794255811721 617.02503034844995 35.918648704886436
leaf_count=1990 1525 258 529 140 1708 622 22894 24884 2321 85
internal_value=0.00110207 8.76238e-05 -0.0157368 0.00986295 0.0104145 0.00183312 0.000993477 -0.00276095 0.00402889 0.0107225
internal_weight=16489.4 14876.2 799.973 271.221 1613.25 956.293 14076.2 6289.12 7787.08 740.478
internal_count=56956 52551 2194 669 4405 2697 50357 25142 25215 2075
is_linear=0
shrinkage=0.0576939


Tree=68
num_leaves=11
num_cat=0
split_feature=24 42 20 15 42 5 36 7 5 12
split_gain=40.2373 51.4808 33.0586 41.799 41.6884 36.2063 27.1098 25.4986 29.953 23.5596
threshold=1.1540542840957644 0.091932572424411788 0.21791272610425952 -0.5308936834335326 -0.038799120113253587 -0.059361135587096207 0.2273897007107735 4.2319202423095712 0.045256940647959716 90.118518829345717
decision_type=2 2 2 2 2 2 2 2 2 2
left_child=2 7 3 4 -1 -5 -3 9 -9 -2
right_child=1 6 -4 5 -6 -7 -8 8 -10 -11
leaf_value=0.052828157993897 0.014413823911696938 -0.0050548950470303781 0.0041948584614483796 -0.020460300721334385 -0.012833448231727149 -8.8607625441759866e-05 0.021196839243312345 -0.0039426258332400238 0.030754146726568048 -0.0052855668587229775
leaf_weight=28.455463856458664 2150.6018290184438 1550.7046037521213 3009.3978467695415 298.95519185811281 1504.3538809753954 6851.6042708288878 138.35528643429279 660.91385955363512 90.145705915987492 218.68820909038186
leaf_count=53 6688 6074 9120 801 5177 25530 455 2161 226 727
internal_value=0.000816838 0.00525723 -0.00100862 -0.00281623 -0.0114488 -0.000956116 -0.00283928 0.00964612 0.000342888 0.012578
internal_weight=16502.2 4809.41 11692.8 8683.37 1532.81 7150.56 1689.06 3120.35 751.06 2369.29
internal_count=57012 16331 40681 31561 5230 26331 6529 9802 2387 7415
is_linear=0
shrinkage=0.0576939


Tree=69
num_leaves=11
num_cat=0
split_feature=20 43 43 24 22 2 21 16 45 2
split_gain=40.0467 42.1222 42.713 41.1124 32.6311 33.8224 22.5729 18.1123 13.5707 11.5872
threshold=0.3849432915449143 1.0171704888343813 0.60080680251121532 0.32730050384998327 0.33600175380706793 0.15551409870386126 0.17024391889572146 7.8830962181091317 -0.00098531169351190307 0.091999970376491561
decision_type=2 2 2 2 2 2 2 2 2 2
left_child=1 2 3 -1 5 6 -2 -6 -4 -3
right_child=4 9 8 -5 7 -7 -8 -9 -10 -11
leaf_value=-0.029921059581911873 0.019285223456939601 -0.047539726396832134 0.047501681552065932 0.00023658989350107187 0.016178492277855137 0.0282988077586626 -0.04531096917966803 -0.027986529203589138 0.010480473403249419 -0.002188142370598526
leaf_weight=147.56538321077824 19.50904780626297 74.248838767409325 75.552086435258389 14946.804884199053 974.00435694307089 39.335656672716141 80.452996522188187 27.596098951995373 65.14709210023284 26.827139619737864
leaf_count=586 55 500 393 51519 2988 129 264 85 305 149
internal_value=0.000758224 -1.72425e-05 0.000232557 -6.51836e-05 0.0111649 -0.0145661 -0.0321696 0.0148178 0.0313831 -0.0363481
internal_weight=16477 15336.1 15235.1 15094.4 1140.9 139.298 99.962 1001.6 140.699 101.076
internal_count=56973 53452 52803 52105 3521 448 319 3073 698 649
is_linear=0
shrinkage=0.0576939


Tree=70
num_leaves=11
num_cat=0
split_feature=19 3 8 42 19 43 42 32 42 23
split_gain=38.3088 57.0917 46.0474 76.8271 39.3232 33.0639 83.9933 41.8418 39.3755 31.5565
threshold=1.1715531349182131 0.51614171266555797 0.51352232694625866 -0.0053090152796357861 0.88870134949684154 0.072325497865676894 0.04277662746608258 0.0021715395851060752 0.0085577843710780161 0.43223069608211523
decision_type=2 2 2 2 2 2 2 2 2 2
left_child=1 2 4 -4 -1 9 8 -8 -7 -2
right_child=5 -3 3 -5 -6 6 7 -9 -10 -11
leaf_value=0.0098326757706428194 -0.016187196878081164 0.034830296108338619 0.016113754175255044 -0.0077666644408668443 0.0013647423698152608 0.00044646824814334354 0.042473209841300152 0.006903477956638847 -0.030252378256986685 -0.0028886150065200182
leaf_weight=2491.0067481994629 1028.1544448472559 169.26578625291586 523.86336045712233 2951.0191137865186 6842.056247279048 390.6194142177701 192.58923214673996 259.10939057171345 210.0343304798007 1417.9135898575187
leaf_count=8621 3336 445 1282 10443 25517 1179 590 894 550 4173
internal_value=0.000521472 0.0019675 0.00151927 -0.00414306 0.00363124 -0.00483073 0.00369221 0.0223917 -0.0103876 -0.00850825
internal_weight=16475.6 12977.2 12807.9 3474.88 9333.06 3498.42 1052.35 451.699 600.654 2446.07
internal_count=57030 46308 45863 11725 34138 10722 3213 1484 1729 7509
is_linear=0
shrinkage=0.0576939


Tree=71
num_leaves=11
num_cat=0
split_feature=23 10 43 33 10 3 43 43 3 21
split_gain=40.5462 50.4953 47.6506 43.9438 40.5465 45.7377 48.8387 35.2787 77.6872 36.0536
threshold=0.31626990437507635 17.691011428833011 -0.057786969467997544 0.0006138277822174133 52.759717941284187 -0.12006481736898421 -0.10215493664145468 -0.063832651823759065 0.28481984138488775 0.82817703485488903
decision_type=2 2 2 2 2 2 2 2 2 2
left_child=4 2 -2 -4 5 -1 -7 8 -3 -9
right_child=1 7 3 -5 -6 6 -8 9 -10 -11
leaf_value=0.017135669018009492 0.02188289872588706 -0.013028136855927096 -0.0056533567982937653 0.01368236225404784 -0.040320203696634693 -0.020060934567011392 -0.0014496346502672793 0.0055150696116154467 0.020520806812745238 -0.0068625945831766932
leaf_weight=399.96778416633606 830.13923709094524 1227.9921979233623 720.95560881495476 842.99555867165327 87.361962109804153 502.6863866597414 6389.8069060221314 4245.582516476512 277.76068463921547 954.65511833876371
leaf_count=1154 2232 3943 2109 2566 395 2704 25392 12669 799 3046
internal_value=0.000975607 0.00355302 0.0107386 0.00476139 -0.00219928 -0.00171483 -0.00282281 0.000978428 -0.00678011 0.00323384
internal_weight=16479.9 9100.08 2394.09 1563.95 7379.82 7292.46 6892.49 6705.99 1505.75 5200.24
internal_count=57009 27364 6907 4675 29645 29250 28096 20457 4742 15715
is_linear=0
shrinkage=0.0576939


Tree=72
num_leaves=11
num_cat=0
split_feature=10 43 42 43 42 24 42 4 15 3
split_gain=46.8659 44.5414 43.6673 57.489 71.9955 44.8594 47.6728 36.9627 35.6693 33.6327
threshold=15.517505645751955 -0.054671959951519959 -0.0095814047381281835 0.22509806603193286 -0.11141403391957282 0.73360359668731701 0.017569032497704033 -0.0018998568993993101 -0.59240362048149098 0.26363094151020056
decision_type=2 2 2 2 2 2 2 2 2 2
left_child=1 -1 3 7 -5 6 -4 -2 -3 -7
right_child=2 8 5 4 -6 9 -8 -9 -10 -11
leaf_value=0.016577199049523084 0.018558415668989872 -0.018344890066292158 -0.036204252668572807 0.013526917621037101 -0.067507742488149183 -0.0016546039687920443 -0.0062860764854762319 -0.0030623320454910255 0.004725564848230503 0.008391172498462756
leaf_weight=1011.922456856817 897.75538036227226 253.70927954092622 183.96696922555566 71.428512051701546 66.834455609321594 7450.8939974233508 3240.8907603137195 367.27627037465572 1630.4647280871868 1298.689338453114
leaf_count=3026 2402 797 518 229 227 26656 12223 992 5875 4165
internal_value=0.000181113 0.00683964 -0.00123897 0.00837808 -0.0263392 -0.00235228 -0.00794544 0.0122718 0.00156946 -0.000157037
internal_weight=16473.8 2896.1 13577.7 1403.29 138.263 12174.4 3424.86 1265.03 1884.17 8749.58
internal_count=57110 9698 47412 3850 456 43562 12741 3394 6672 30821
is_linear=0
shrinkage=0.0576939


Tree=73
num_leaves=11
num_cat=0
split_feature=24 16 10 30 19 22 26 1 17 43
split_gain=35.8521 39.7103 30.8985 34.4923 30.0921 44.4914 40.7824 27.6454 24.0955 26.763
threshold=1.2958306074142458 2.573259830474854 34.901935577392585 0.20235151797533038 0.91850706934928905 0.15026574581861499 0.50916835665702831 -0.22064945846796033 -31.419941902160641 -0.083175055682659135
decision_type=2 2 2 2 2 2 2 2 2 2
left_child=1 4 3 -3 6 -6 -1 -4 -2 -10
right_child=8 2 7 -5 5 -7 -8 -9 9 -11
leaf_value=0.036742070881150016 -0.0050147070555847956 -0.015054463742657211 -0.051461195517081962 0.015404156089986489 -0.012466404727151985 0.00019700069662365521 0.0037074126844112688 0.0066099720822319951 -0.0074995888091946381 0.0099714994542172367
leaf_weight=125.44328961893916 574.04378780722618 1415.1316431928426 24.329188913106918 131.18685698509216 1069.0830819159746 6581.3176012486219 3151.2003617584705 515.70358574390411 326.0154677182436 2461.5147497430444
leaf_count=334 2030 5326 75 392 5221 21151 10885 1934 1291 8166
internal_value=0.00038293 -0.000987818 -0.00827308 -0.0124169 0.000403578 -0.00157537 0.00502797 0.00354855 0.00569151 0.00791012
internal_weight=16375 13013.4 2086.35 1546.32 10927 7650.4 3276.64 540.033 3361.57 2787.53
internal_count=56805 45318 7727 5718 37591 26372 11219 2009 11487 9457
is_linear=0
shrinkage=0.0576939


Tree=74
num_leaves=11
num_cat=0
split_feature=24 22 41 8 43 24 33 14 43 20
split_gain=33.6141 34.6085 33.1002 29.1831 40.3551 35.1681 26.3419 22.159 24.3818 18.4661
threshold=1.2958306074142458 0.15763586759567264 0.162569135427475 0.70531931519508373 -0.16201481223106382 0.24761479347944262 0.014812150038778784 -9.0705633163452131 0.15147104114294055 0.21791272610425952
decision_type=2 2 2 2 2 2 2 2 2 2
left_child=1 2 -1 5 -5 -3 -4 8 9 -2
right_child=7 3 6 4 -6 -7 -8 -9 -10 -11
leaf_value=0.0092267686113945598 -0.012546713133734861 -0.051463368434927929 -0.013498489824979467 -0.050826735198734971 -0.0038967519565458915 0.0023386343573433238 0.0027031761260578819 0.0079038986110399525 0.023722073527586152 0.010918296849134713
leaf_weight=339.81702516041696 503.82938342913985 36.183293230831623 1591.4081270135939 58.362719126045704 2360.2076253890991 8195.635837238282 417.55799978226423 2675.2914845924824 91.560361113399267 138.19302816689014
leaf_count=1560 1796 166 7842 206 7228 26494 1725 9051 351 396
internal_value=0.000371325 -0.000964584 -0.00729724 0.000431977 -0.00513082 0.00207143 -0.0101194 0.00546792 -0.00337438 -0.0074152
internal_weight=16408 12999.2 2348.78 10650.4 2418.57 8231.82 2008.97 3408.87 733.583 642.022
internal_count=56815 45221 11127 34094 7434 26660 9567 11594 2543 2192
is_linear=0
shrinkage=0.0576939


Tree=75
num_leaves=11
num_cat=0
split_feature=22 33 6 3 0 5 14 29 45 36
split_gain=29.6047 34.6843 29.2631 25.3707 24.8237 24.1317 20.929 13.0678 12.7732 7.48512
threshold=0.072137784212827696 0.016973096877336506 17.712141990661625 -0.063175972551107393 -0.090496964752674089 0.045256940647959716 -25.690655708312985 -0.056809730827808373 -0.021101050078868862 0.077894520014524474
decision_type=2 2 2 2 2 2 2 2 2 2
left_child=1 3 7 -1 6 -6 -4 -2 -5 -3
right_child=2 9 4 8 5 -7 -8 -9 -10 -11
leaf_value=0.022023167180672109 -0.0042779049108372111 -0.0064175264973073661 -0.036679016222936865 0 -0.00084411039179388967 0.0050491818042460385 0.020813385991436669 -0.055437550017157104 -0.038671940514804104 0.040999977014028785
leaf_weight=28.197106599807739 29.534664496779442 13.299047969281672 18.431941002607346 33.720352303236723 12950.749912720174 2810.4770872108638 284.80682659894228 40.444765746593475 188.03923216462135 30.936605647206306
leaf_count=95 92 56 74 187 45141 8884 894 123 1357 109
internal_value=2.14781e-05 -0.0179768 0.00035612 -0.0263552 0.00052478 0.000206216 0.0167562 -0.0357371 -0.0329331 0.0269181
internal_weight=16428.6 294.192 16134.4 249.957 16064.5 15761.2 303.239 69.9794 221.76 44.2357
internal_count=57012 1804 55208 1639 54993 54025 968 215 1544 165
is_linear=0
shrinkage=0.0576939


Tree=76
num_leaves=11
num_cat=0
split_feature=42 43 42 43 8 23 42 42 21 9
split_gain=40.8743 91.0244 65.8004 36.2955 35.2987 34.9964 39.314 38.5803 28.1054 23.5252
threshold=0.1100582852959633 -0.063151847571134553 0.11738254502415658 -0.16201481223106382 -2.1568728685379024 0.39347575604915624 0.066703278571367278 0.056986115872859962 0.72616827487945568 -0.30661672353744501
decision_type=2 2 2 2 2 2 2 2 2 2
left_child=3 -2 4 8 -3 7 -7 -5 -1 -4
right_child=1 2 9 5 -6 6 -8 -9 -10 -11
leaf_value=0.0092940638205188473 -0.043594860780059475 0.024185487320664657 -0.015064227395020797 -0.0065671504812523009 -0.020730532665414688 0.010033895501512624 0.00052647167097975595 0.0019314372336096501 -0.044696877510712128 0.008936371804587815
leaf_weight=44.535300999879837 202.0651206895709 59.694599144160748 153.36591754108667 2532.8371429927647 652.71158986538649 2848.2755286172032 2952.9509300068021 5932.4745982550085 94.217682998627424 963.34686226211488
leaf_count=165 982 167 839 7833 2629 7597 8773 21928 336 5784
internal_value=0.000378826 -0.00727183 -0.00314932 0.00146131 -0.0168042 0.00175259 0.00520302 -0.000610362 -0.0274327 0.00557035
internal_weight=16436.5 2031.18 1829.12 14405.3 712.406 14266.5 5801.23 8465.31 138.753 1116.71
internal_count=57033 10401 9419 46632 2796 46131 16370 29761 501 6623
is_linear=0
shrinkage=0.0576939


Tree=77
num_leaves=11
num_cat=0
split_feature=22 3 3 43 43 42 12 22 1 45
split_gain=35.0672 30.7688 37.6985 28.8308 41.4524 31.1834 16.2612 15.5106 12.2742 12.0596
threshold=0.075096141546964659 0.17029383778572085 -0.058816799893975251 1.0171704888343813 0.60080680251121532 -0.0095814047381281835 86.762485504150405 0.62109386920928966 0.031810196116566665 -0.093239769339561449
decision_type=2 2 2 2 2 2 2 2 2 2
left_child=1 2 -1 4 5 -2 -6 9 -4 -5
right_child=3 -3 8 7 6 -7 -8 -9 -10 -11
leaf_value=0.027124198235210489 0.0085156152605720976 0.022432375702841286 -0.038800830274031223 0.020166721727280918 0.03605940660316484 -4.7938457920053743e-06 -0.018119939044840265 0.0087544769828767823 0 -0.044614146313814121
leaf_weight=35.404711328446865 1584.8132766894996 48.725250773131847 208.32546228915453 7.6137649267911902 145.35123382881284 14186.352979866788 17.620796633884311 28.118042692542076 32.466223426163197 82.606720969080925
leaf_count=120 4384 187 1490 26 705 49035 97 121 206 566
internal_value=0.000557478 -0.0180745 -0.0255551 0.000941124 0.00115697 0.000851891 0.0297205 -0.0269029 -0.0337575 -0.0381827
internal_weight=16377.4 324.922 276.196 16052.5 15934.1 15771.2 162.972 118.339 240.792 90.2205
internal_count=56937 2003 1816 54934 54221 53419 802 713 1696 592
is_linear=0
shrinkage=0.0576939


Tree=78
num_leaves=11
num_cat=0
split_feature=18 42 45 15 33 42 42 42 9 42
split_gain=35.7304 37.7042 49.4884 42.7912 45.4996 36.7905 28.3901 49.6088 33.1518 43.0599
threshold=-0.41856211423873896 -0.038799120113253587 0.03590837866067887 -0.7212679088115691 0.017383623868227008 -0.025186691433191296 0.067616384476423277 0.071002852171659483 -0.18395305424928662 -0.067697562277317033
decision_type=2 2 2 2 2 2 2 2 2 2
left_child=6 2 -2 4 -3 -5 8 -8 -1 -10
right_child=1 3 -4 5 -6 -7 7 -9 9 -11
leaf_value=-0.021855992917496802 0.033740595629629611 -0.013292705360352951 -0.00719115919376176 -0.024859401153527427 0.0048241244747554788 0.0027989870589055104 -0.048602469334156656 -0.0073675870736972871 -0.040987115356651331 0.008910531640066284
leaf_weight=163.55597807839513 259.62633581459522 1281.5383305177093 153.05057255923748 157.95842531323433 714.09496980905533 10668.730058591813 98.57609986141324 1873.4150694515556 56.840314358472824 932.11993691325188
leaf_count=532 699 4086 409 528 2330 37796 340 7032 182 2960
internal_value=0.000195719 0.00150763 0.018582 0.000949836 -0.00680054 0.00238304 -0.00534725 -0.00954633 0.00182388 0.00584643
internal_weight=16359.5 13235 412.677 12822.3 1995.63 10826.7 3124.51 1971.99 1152.52 988.96
internal_count=56894 45848 1108 44740 6416 38324 11046 7372 3674 3142
is_linear=0
shrinkage=0.0576939


Tree=79
num_leaves=11
num_cat=0
split_feature=19 20 43 31 22 24 14 43 31 42
split_gain=42.2379 41.4357 39.1063 35.9147 30.6797 28.3603 40.8953 24.074 19.2019 22.4637
threshold=1.0537856221199038 0.046262580901384361 -0.1527539789676666 0.27266353368759161 0.072137784212827696 0.83978882431983959 6.2863855361938485 0.065882582217454924 0.029894356615841392 0.034042792394757278
decision_type=2 2 2 2 2 2 2 2 2 2
left_child=2 -2 8 4 -4 6 -3 -7 9 -1
right_child=1 5 3 -5 -6 7 -8 -9 -10 -11
leaf_value=0.060093710344160486 -0.037623449903237419 -0.010337778997305147 -0.01720768520328991 0.030835876120436763 0.003765135608875553 -0.0020629406232171884 0.0082329188345322338 0.0076361317191016905 -0.033935540374094159 -0.017535490979294813
leaf_weight=13.773838914930819 107.2595686763525 2108.1119625158608 233.49059964343905 155.47884681075811 9141.83716619201 2820.8232559598982 480.31097669526935 1214.1671321876347 133.98692627996206 34.321955017745495
leaf_count=55 666 6935 1505 464 32343 9111 1517 3715 561 206
internal_value=0.000751779 -0.00275766 0.00318654 0.0036993 0.00323214 -0.00216434 -0.00687349 0.000854277 -0.0229635 0.00738724
internal_weight=16443.6 6730.67 9712.89 9530.81 9375.33 6623.41 2588.42 4034.99 182.083 48.0958
internal_count=57078 21944 35134 34312 33848 21278 8452 12826 822 261
is_linear=0
shrinkage=0.0576939


Tree=80
num_leaves=11
num_cat=0
split_feature=18 20 5 42 28 15 42 41 43 43
split_gain=32.6997 39.7549 34.8617 33.2175 63.6621 39.9247 28.5425 22.6088 21.5198 20.7456
threshold=-0.41856211423873896 0.2220626771450043 0.036663938313722617 -0.038799120113253587 -0.021039917133748528 -0.70073783397674549 0.12713285535573962 0.74604737758636486 -0.075189184397459016 -0.0954722724854946
decision_type=2 2 2 2 2 2 2 2 2 2
left_child=1 8 3 4 -2 -5 7 -4 9 -1
right_child=2 -3 6 5 -6 -7 -8 -9 -10 -11
leaf_value=-0.012058392317946275 0.048662170104590882 0.00457995756175725 0.011574431184803537 -0.0097756388938179464 -0.0005123143520045564 0.00074048757614332702 -0.018584604452836453 0.00050059412472386767 -0.0069350001746659893 -0.043255523599610553
leaf_weight=214.18971636705101 129.42185839265585 978.4012797139585 1997.2176997587085 1395.7767171636224 250.53844238817692 8454.6822031363845 134.46537050977349 892.88958469778299 1837.8047396354377 108.74283046647906
leaf_count=847 377 3021 6244 4544 656 30399 726 2900 6739 467
internal_value=0.000252228 -0.00503636 0.00150795 -9.91788e-05 0.0165367 -0.000750671 0.00694482 0.00816826 -0.00940329 -0.0230865
internal_weight=16394.1 3139.14 13255 10230.4 379.96 9850.46 3024.57 2890.11 2160.74 322.933
internal_count=56920 11074 45846 35976 1033 34943 9870 9144 8053 1314
is_linear=0
shrinkage=0.0576939


Tree=81
num_leaves=11
num_cat=0
split_feature=19 8 29 19 26 26 20 13 41 3
split_gain=36.3491 38.33 51.73 42.2509 58.6871 47.9069 38.1599 32.6285 31.6724 32.8965
threshold=1.1715531349182131 0.70531931519508373 0.040947966277599342 0.8443124294281007 0.69086983799934398 0.72793516516685497 0.050912642851471908 7.0377495288848886 0.91363272070884716 -0.29689502716064448
decision_type=2 2 2 2 2 2 2 2 2 2
left_child=1 3 -3 4 -1 -5 -2 -4 9 -8
right_child=6 2 7 5 -6 -7 8 -9 -10 -11
leaf_value=0.037757350948481878 -0.048854958874335552 -0.011288575291226725 -0.001106164604513019 -0.010094860641064114 0.0070604287453128025 0.003114955806129117 -0.033446343686344422 0.019895028322905267 -0.019835389754399101 -0.0011346591294770663
leaf_weight=236.08753959648311 60.965152379125357 1595.7696227133274 964.52533442154527 1042.887385783717 1562.7717016935349 7142.1656700782478 104.4828254468739 325.14076790586114 383.28110211342573 2934.541218534112
leaf_count=708 318 5652 3103 4245 5179 26472 321 888 1216 8851
internal_value=7.87924e-05 0.00149576 -0.00435281 0.00318985 0.0111865 0.0014241 -0.00514409 0.00421816 -0.00429567 -0.00230119
internal_weight=16352.6 12869.3 2885.44 9983.91 1798.86 8185.05 3483.27 1289.67 3422.31 3039.02
internal_count=56953 46247 9643 36604 5887 30717 10706 3991 10388 9172
is_linear=0
shrinkage=0.0576939


Tree=82
num_leaves=11
num_cat=0
split_feature=8 16 43 10 24 43 42 42 36 20
split_gain=30.4493 51.9941 40.1019 38.548 31.6464 27.4592 135.387 69.0233 15.7629 11.6914
threshold=0.72281670570373546 -6.4943463802337638 -0.16201481223106382 18.393386840820316 0.32730050384998327 0.072325497865676894 0.04277662746608258 -0.025186691433191296 0.074650816619396224 0.36657129228115087
decision_type=2 2 2 2 2 2 2 2 2 2
left_child=4 -2 9 -4 8 7 -7 -6 -1 -3
right_child=1 2 3 -5 5 6 -8 -9 -10 -11
leaf_value=-0.046846020793174861 0.057214430122867282 -0.05703698807412886 0.0062279227375043461 -0.0080059942797125819 -0.048936721561974719 -0.0060981214856527782 0.021192458509598503 0.00071438239990761457 -0.0050070965439978476 -0.00077601959490095269
leaf_weight=62.125370848923922 40.04943073540926 59.515728168189526 828.7853540610522 2622.5824432801455 89.62623356282711 1246.988491602242 1166.3482580650598 10169.185214715078 59.515719823539257 16.553688183426857
leaf_count=291 90 232 2599 8797 301 3559 4672 36116 249 46
internal_value=-3.70323e-05 -0.00474853 -0.00553028 -0.00457678 0.00127588 0.00156346 0.00709502 0.000257133 -0.0274779 -0.0458356
internal_weight=16361.3 3567.49 3527.44 3451.37 12793.8 12672.1 2413.34 10258.8 121.641 76.0694
internal_count=56952 11764 11674 11396 45188 44648 8231 36417 540 278
is_linear=0
shrinkage=0.0576939


Tree=83
num_leaves=11
num_cat=0
split_feature=19 29 42 23 41 20 43 18 19 27
split_gain=36.6864 44.0358 44.8593 35.9157 31.3519 31.3101 32.7778 23.5531 21.3837 30.2236
threshold=1.1715531349182131 0.1307850927114487 -0.061754960566759103 0.11197355762124063 0.91363272070884716 0.050133846700191505 0.059871416538953788 -1.2364682555198667 1.3569475412368777 0.038150850683450706
decision_type=2 2 2 2 2 2 2 2 2 2
left_child=1 2 -1 -4 5 -2 -7 -3 9 -6
right_child=4 7 3 -5 8 6 -8 -9 -10 -11
leaf_value=0.039175599351829252 -0.046390514998063216 -0.035477310933176666 -0.028033317836586101 0.0012366126722442722 -0.02368935137664498 -0.0063924783159643034 0.0062528883252241964 0.02592999051999767 -0.039376930819712719 0.017807625988783566
leaf_weight=98.403863489627838 49.868632044643164 18.085406191647053 136.66208063624799 12307.824319757521 175.7473932094872 2030.2934534884989 1020.7906306609511 321.02545557916164 127.30666453391314 81.937349073588848
leaf_count=316 276 64 1551 43381 596 6155 3056 895 414 224
internal_value=0.000357554 0.00178009 0.00121928 0.000903219 -0.00488739 -0.00293526 -0.00215025 0.0221638 -0.0203316 -0.0103164
internal_weight=16367.9 12882 12542.9 12444.5 3485.94 3100.95 3051.08 339.111 384.991 257.685
internal_count=56928 46207 45248 44932 10721 9487 9211 959 1234 820
is_linear=0
shrinkage=0.0576939


Tree=84
num_leaves=11
num_cat=0
split_feature=42 44 10 31 42 23 33 23 19 31
split_gain=31.8306 56.0014 37.2146 36.6426 34.3392 33.9567 33.9267 37.7601 32.1283 28.8191
threshold=0.087676934897899642 -0.38061538338661188 12.189971923828127 -0.0025254917563870545 0.10166000202298166 0.74906346201896679 0.0015724946279078724 0.17386326193809512 1.0387601256370547 -0.21155482530593869
decision_type=2 2 2 2 2 2 2 2 2 2
left_child=6 3 -3 -2 -4 -5 9 -8 -9 -1
right_child=1 2 4 5 -6 -7 7 8 -10 -11
leaf_value=0.014558915864686328 -0.0010984461599978456 0.019069805598465002 -0.0067449171765561469 -0.020322751391127297 0.0033356997572313919 0.013470119711385391 -0.0096414842253918342 0.012930621548908916 0.0029594684810932952 -0.0026379029343540886
leaf_weight=346.22518040239811 750.55638534575701 325.25539400428534 1969.3220515679568 1109.2285649552941 2608.1034725606441 104.64880559593439 485.40676510520279 1883.8596587628126 2528.2053437456489 4286.7180683985353
leaf_count=985 2741 1079 6927 4870 11045 380 2915 6288 7199 12641
internal_value=4.09058e-05 -0.00295095 0.000344155 -0.0111702 -0.000997832 -0.0173496 0.0021998 0.00554668 0.00723157 -0.00133444
internal_weight=16397.5 6867.11 4902.68 1964.43 4577.43 1213.88 9530.42 4897.47 4412.07 4632.94
internal_count=57070 27042 19051 7991 17972 5250 30028 16402 13487 13626
is_linear=0
shrinkage=0.0576939


Tree=85
num_leaves=11
num_cat=0
split_feature=19 5 42 43 37 20 42 43 23 24
split_gain=33.7903 40.7979 42.3047 79.4483 54.1212 39.8743 26.9807 77.0422 46.2481 24.3761
threshold=1.1297464370727541 0.056966524571180351 0.067616384476423277 0.033689953386783607 0.009643506724387409 0.048245642334222801 0.056986115872859962 0.020110435783863071 0.39094352722167974 0.78979226946830761
decision_type=2 2 2 2 2 2 2 2 2 2
left_child=1 2 3 -1 -4 -2 8 -8 -7 -3
right_child=5 9 4 -5 -6 6 7 -9 -10 -11
leaf_value=0.01142864899200219 -0.045268217945187324 0.001511011964765635 -0.013502583670644422 -0.0054049849240634515 0.00041115330084546306 -0.021316764443047767 -0.0061427274210097398 0.014808714799010133 -0.00095856758285566164 0.022731515812055014
leaf_weight=2692.5867057945579 72.531184693798423 294.95557355880737 1096.2891042623669 1421.2999785803258 5997.9315599054098 635.66196576505899 1974.2788982987404 824.49908418208361 892.82349997758865 472.88525143265724
leaf_count=8635 424 1093 5497 4439 22079 1793 6545 2781 2296 1456
internal_value=0.000250594 0.00184061 0.000953963 0.0056069 -0.00174236 -0.00406887 -0.0033267 3.36881e-05 -0.00947929 0.0146693
internal_weight=16375.7 11975.9 11208.1 4113.89 7094.22 4399.79 4327.26 2798.78 1528.49 767.841
internal_count=57038 43199 40650 13074 27576 13839 13415 9326 4089 2549
is_linear=0
shrinkage=0.0576939


Tree=86
num_leaves=11
num_cat=0
split_feature=10 5 3 42 43 42 43 14 33 5
split_gain=27.9391 46.0107 38.0291 38.4672 83.5816 31.0203 26.077 27.6497 24.4274 25.2513
threshold=15.689573287963869 0.0097841126844286936 0.33481182157993322 0.08703977614641191 -0.10215493664145468 0.056986115872859962 -0.059430258348584168 -10.40133762359619 0.013098532799631359 -0.0031283044954761858
decision_type=2 2 2 2 2 2 2 2 2 2
left_child=1 8 3 5 -5 -2 -3 -8 9 -1
right_child=2 6 -4 4 -6 -7 7 -9 -10 -11
leaf_value=0.0039818210971666601 -0.0027015488043504988 0.027346124165934616 0.0084882718552667623 -0.029632014670262895 -0.0035796676817831481 0.0049343657490114471 -0.031679159536102182 0.0115799451935432 0.027630700630991257 -0.0094860528927894067
leaf_weight=1167.5244716964662 4049.7198636438698 370.46762619540095 1253.6633326672018 448.11786494776607 4425.2723074369133 3138.1586866043508 49.341087967157364 562.08399041369557 97.635933458805084 761.07131884247065
leaf_count=3893 11665 989 3926 2031 17849 11437 181 1913 353 2783
internal_value=7.96385e-05 0.00509866 -0.00105361 -0.00205033 -0.00600532 0.000629556 0.0153183 0.00784383 0.000110796 -0.00132891
internal_weight=16323.1 3008.12 13314.9 12061.3 4873.39 7187.88 981.893 611.425 2026.23 1928.6
internal_count=57020 10112 46908 42982 19880 23102 3083 2094 7029 6676
is_linear=0
shrinkage=0.0576939


Tree=87
num_leaves=11
num_cat=0
split_feature=19 23 42 8 41 24 23 33 45 28
split_gain=34.1289 35.98 32.8877 50.7035 42.776 32.5356 32.948 30.7368 34.2447 29.9885
threshold=0.97115871310234081 0.10445027425885202 0.10311501100659372 1.3883909583091738 0.62518334388732921 0.73360359668731701 0.60889291763305675 0.0027999392477795486 0.027935772202908996 0.028796682134270671
decision_type=2 2 2 2 2 2 2 2 2 2
left_child=1 -1 4 -4 -3 6 9 -7 -9 -2
right_child=5 2 3 -5 -6 7 -8 8 -10 -11
leaf_value=-0.036317184697968553 -0.014363475566310655 0.0061856594789053638 0.016632882971723589 -0.019479271510684602 -0.0045105453452588783 -0.0050326402771426332 0.0036192649448417149 -0.00061399559711684923 0.0099349038986018302 0.0036675720033132052
leaf_weight=70.443634960800409 1653.9706353023648 3073.0554043091834 1084.7958567216992 142.46782999485731 2083.0412330627441 2535.04037700966 676.30176074057817 3092.7708707135171 1523.788848977536 372.16533426567912
leaf_count=822 6298 9955 4723 582 7083 8087 2043 11339 4777 1205
internal_value=0.000161228 0.00342271 0.00389022 0.0123645 0.00185919 -0.00197276 -0.00736016 6.26483e-05 0.00286839 -0.0110378
internal_weight=16307.8 6453.8 6383.36 1227.26 5156.1 9854.04 2702.44 7151.6 4616.56 2026.14
internal_count=56914 23165 22343 5305 17038 33749 9546 24203 16116 7503
is_linear=0
shrinkage=0.0576939


Tree=88
num_leaves=11
num_cat=0
split_feature=19 43 3 28 31 8 43 19 40 7
split_gain=27.2107 33.7719 34.0682 36.9684 27.9086 31.0276 42.8113 34.3481 24.8623 29.3392
threshold=1.1784884929656985 0.059871416538953788 0.20702964812517169 0.025394658558070663 0.35882401466369634 0.72281670570373546 -0.16201481223106382 0.88870134949684154 0.25749787688255316 15.215602397918703
decision_type=2 2 2 2 2 2 2 2 2 2
left_child=4 2 3 -2 5 7 -7 -1 9 -3
right_child=1 8 -4 -5 -6 6 -8 -9 -10 -11
leaf_value=0.0081986513272321558 -0.021381213500158671 0.013046533300321487 -0.00066232870626672501 0.0010413080912980103 0.028576107297651789 -0.050263560656070079 -0.0032060350642303423 0.00052707835091325033 -0.0062687822487656839 -0.056633828985114675
leaf_weight=2636.5875496994704 875.44116815552115 633.42208329215646 976.50975785404444 335.48307443410158 119.5186253413558 61.636470280587673 2708.2908151485026 7381.6647271662951 487.68717759475112 16.332084991037846
leaf_count=9205 2767 1869 3021 1018 373 241 9073 27668 1504 55
internal_value=0.00012135 -0.00452751 -0.00871788 -0.0151664 0.00132202 0.00105545 -0.00434113 0.00255142 0.00351064 0.0108837
internal_weight=16232.6 3324.88 2187.43 1210.92 12907.7 12788.2 2769.93 10018.3 1137.44 649.754
internal_count=56794 10234 6806 3785 46560 46187 9314 36873 3428 1924
is_linear=0
shrinkage=0.0576939


Tree=89
num_leaves=11
num_cat=0
split_feature=19 44 23 17 24 2 44 6 5 4
split_gain=26.2239 27.7872 39.5885 34.5082 32.933 28.7935 31.2184 27.2572 52.7479 36.0429
threshold=0.87598353624343883 0.050277082249522216 0.19814284145832065 14.763473510742189 0.76073241233825695 0.050057446584105499 0.51655948162078869 59.753351211547859 0.024544513784348968 0.0067609865218400964
decision_type=2 2 2 2 2 2 2 2 2 2
left_child=7 2 3 -2 -4 6 -3 -1 9 -9
right_child=1 5 4 -5 -6 -7 -8 8 -10 -11
leaf_value=0.0080727758990543543 -0.0068972511520089879 0.0032224494910373562 -0.0068307158655799109 -0.030496566245767739 0.0015063642639036787 0.0086283123035240557 -0.0090463096613571884 0.042011273617632731 0.0098313935190769454 -0.025250413905490619
leaf_weight=2426.8030795566738 800.51037359982729 2222.8926064111292 2350.2006409727037 277.56240678578615 4763.993878737092 1738.1426962018013 995.59857327118516 24.499033326283097 407.62387011013925 339.4631010890007
leaf_count=7786 4556 7867 7829 1566 14667 6085 3666 92 1341 1481
internal_value=0.000386725 -0.000751598 -0.00281559 -0.0130972 -0.00124667 0.00265393 -0.000571803 0.00506925 -0.00433586 -0.0202013
internal_weight=16347.3 13148.9 8192.27 1078.07 7114.19 4956.63 3218.49 3198.39 771.586 363.962
internal_count=56936 46236 28618 6122 22496 17618 11533 10700 2914 1573
is_linear=0
shrinkage=0.0576939


Tree=90
num_leaves=11
num_cat=0
split_feature=43 43 6 6 43 22 45 12 42 14
split_gain=23.3317 43.2423 30.0483 23.5346 22.5126 18.4206 13.5392 10.4731 7.59372 6.30868
threshold=1.0171704888343813 0.77516826987266552 17.712141990661625 25.237703323364261 0.015180591493844988 0.61151152849197399 -0.10271861776709555 93.991950988769545 0.085214372724294676 3.0262100696563725
decision_type=2 2 2 2 2 2 2 2 2 2
left_child=1 2 4 -4 -1 6 -2 -8 -3 -10
right_child=5 8 3 -5 -6 -7 7 -9 9 -11
leaf_value=-0.062812925432969138 0.028510644490363418 0.0028954789029603245 0.019017937188582888 3.4464898600236363e-05 0.0041064863384265441 0.013691872623907317 -0.050927727872678089 0.0058286285650137361 0.053508626439133233 0
leaf_weight=39.503232151269913 6.1583832502365103 17.6374636515975 216.02879977598786 15799.271948134527 25.065750442445278 28.045752085745335 73.478194255381823 10.637990333139895 62.58416510745883 9.2106837630271894
leaf_count=120 20 82 655 54807 86 119 530 56 333 62
internal_value=0.000169995 0.000361723 0.000132135 0.000297352 -0.0378575 -0.0248856 -0.0372273 -0.043521 0.0394094 0.0473464
internal_weight=16287.6 16169.3 16079.9 16015.3 64.569 118.32 90.2746 84.1162 89.4323 71.7948
internal_count=56870 56145 55668 55462 206 725 606 586 477 395
is_linear=0
shrinkage=0.0576939


Tree=91
num_leaves=11
num_cat=0
split_feature=31 2 33 8 42 42 43 33 33 6
split_gain=34.0254 43.3721 43.0055 50.6417 40.418 40.8134 32.5697 27.4685 26.3605 40.4444
threshold=0.014346538577228786 0.081378452479839339 0.0024962266907095913 -1.0944906473159788 0.031857682392001159 -0.0064061270095407954 0.15752585232257846 0.0037931096740067009 -0.0046533693093806497 47.111242294311531
decision_type=2 2 2 2 2 2 2 2 2 2
left_child=2 -2 8 6 5 -3 -4 -5 9 -1
right_child=1 4 3 7 -6 -7 -8 -9 -10 -11
leaf_value=-0.0011548705285885144 -0.0060803579484548622 -0.0092854519615715881 -0.0050551245198074022 0.030422618863406494 4.6055818824594126e-05 0.030485345901760386 0.027797730434931368 0.010175170366108863 -0.0068032211445008392 0.014642279571246267
leaf_weight=2596.5560202002525 4799.6019874755293 116.03356686234474 1111.1264359615743 249.28387678414583 2596.0143462382257 299.75490040332079 105.85643666237593 2087.2847652155906 1657.98236502707 675.62007194384933
leaf_count=7569 18537 267 3763 936 8956 703 360 7849 5999 1955
internal_value=6.97168e-05 -0.0026753 0.00260037 0.00743529 0.00274326 0.0193432 -0.00208565 0.0124 -0.000882771 0.0021142
internal_weight=16295.1 7811.4 8483.71 3553.55 3011.8 415.788 1216.98 2336.57 4930.16 3272.18
internal_count=56894 28463 28431 12908 9926 970 4123 8785 15523 9524
is_linear=0
shrinkage=0.0576939


Tree=92
num_leaves=11
num_cat=0
split_feature=19 42 22 32 8 23 27 3 3 22
split_gain=28.2098 37.2964 25.7175 23.9129 25.6788 23.3847 25.902 24.012 20.1744 19.0264
threshold=1.1784884929656985 -0.061754960566759103 1.0762979984283449 0.03633613511919976 0.24162672460079196 0.13845480978488925 -0.053898498415946954 -0.29689502716064448 0.36723068356513983 0.82960212230682384
decision_type=2 2 2 2 2 2 2 2 2 2
left_child=1 2 -1 4 -3 -2 9 -8 -5 -7
right_child=5 3 -4 8 -6 6 7 -9 -10 -11
leaf_value=0.04818999892925932 -0.050520815792716611 0.0032302261731676492 -0.024533668939948267 -0.0037267991173373549 -0.0021458661913421029 -0.002549988941866766 -0.03267716829562619 -0.0040185673516444529 0.03063801812052588 0.03009822374420312
leaf_weight=86.11342391371727 31.38761480897665 7944.6066244225949 16.314527660608292 82.429940037429333 4699.9111706502736 108.20376039296389 96.657731432467699 2973.4222520645708 164.6633158326149 122.14428644627333
leaf_count=270 230 29206 62 301 16431 322 287 9048 466 370
internal_value=0.00065104 0.00186693 0.0358248 0.00158288 0.00122983 -0.00407922 -0.00356255 -0.00497512 0.0192058 0.0148913
internal_weight=16325.9 12994 102.428 12891.6 12644.5 3331.82 3300.43 3070.08 247.093 230.348
internal_count=56993 46736 332 46404 45637 10257 10027 9335 767 692
is_linear=0
shrinkage=0.0576939


Tree=93
num_leaves=11
num_cat=0
split_feature=42 7 42 6 26 5 33 42 42 42
split_gain=30.4783 50.7907 46.9804 80.1355 47.3179 46.5279 56.781 31.1173 41.1241 35.3291
threshold=-0.0095814047381281835 2.4814059734344487 0.016775296069681648 60.037508010864265 0.70816472172737133 -0.0068421426694840184 -0.005823123035952448 -0.017214489169418808 -0.017965422011911866 -0.010684805456548927
decision_type=2 2 2 2 2 2 2 2 2 2
left_child=1 5 3 4 -2 6 -1 8 -3 -9
right_child=2 7 -4 -5 -6 -7 -8 9 -10 -11
leaf_value=0.0094889661465874069 -0.06997008639646185 -0.0048902768038182132 -0.00015724545486663983 0.02354087239899055 -0.017826283201350553 -0.0060009485550329301 0.041613695081945491 -0.047223763700970943 0.063002379770017741 0.031149658287233661
leaf_weight=485.51444851979613 61.42043486982584 366.78830993920565 13905.43061584048 145.49972014129162 586.62230966240168 263.43481366336346 296.13206567615271 96.391225032508373 27.846715398132801 19.944413587450981
leaf_count=1441 178 1014 50320 327 1692 731 783 297 71 35
internal_value=-0.00012524 0.00753936 -0.000940434 -0.0145546 -0.0232497 0.0148155 0.0218588 -0.00729088 0.000480309 -0.0329211
internal_weight=16255 1556.05 14699 793.542 648.043 1045.08 781.647 510.971 394.635 116.336
internal_count=56889 4372 52517 2197 1870 2955 2224 1417 1085 332
is_linear=0
shrinkage=0.0576939


Tree=94
num_leaves=11
num_cat=0
split_feature=24 12 3 23 33 42 15 17 18 16
split_gain=28.7948 32.71 36.3041 28.8779 26.8121 31.4019 26.1834 23.3656 22.2759 21.6541
threshold=0.73360359668731701 88.983772277832045 0.19250825047492984 0.65022632479667675 0.0017091309418901803 0.088577855378389372 0.36229638755321508 10.962425231933596 0.21708574891090396 5.1366646289825448
decision_type=2 2 2 2 2 2 2 2 2 2
left_child=3 4 9 8 6 -6 -2 -4 -1 -3
right_child=1 2 7 -5 5 -7 -8 -9 -10 -11
leaf_value=-0.0063378483787121468 0.0023685015678067932 -0.010338016599360891 0.010948033933838801 0.0061364548557882037 0.0097361628325280929 0.0010907844363318708 -0.0079669024232428935 -0.014744529624132505 0.016211121356746586 -0.039160436764070078
leaf_weight=3669.4292708560824 3415.1937274634838 727.73089681938291 464.78820027038455 876.41141703352332 3130.9035289511085 2540.1205496266484 1067.0431069489568 152.50420769304037 147.10069270804524 96.458860903978348
leaf_count=13585 10838 3050 1533 2761 10313 10059 3147 523 522 467
internal_value=0.000536787 0.00208134 -0.00603279 -0.0032721 0.00323804 0.00587229 -9.15335e-05 0.00449863 -0.00544411 -0.013934
internal_weight=16287.7 11594.7 1441.48 4692.94 10153.3 5671.02 4482.24 617.292 3816.53 824.19
internal_count=56798 39930 5573 16868 34357 20372 13985 2056 14107 3517
is_linear=0
shrinkage=0.0576939


Tree=95
num_leaves=11
num_cat=0
split_feature=23 19 23 43 27 36 42 14 33 44
split_gain=28.4761 22.9907 30.1158 28.2095 22.3089 22.6201 21.3562 18.8196 17.1301 16.4875
threshold=0.11522742360830308 1.1715531349182131 0.90265980362892162 -0.1527539789676666 -0.01553372200578451 0.03921844623982907 0.055351447314023978 6.6886754035949716 0.0065238266251981267 0.25306741893291479
decision_type=2 2 2 2 2 2 2 2 2 2
left_child=8 2 3 -2 6 -6 -3 -4 -1 -10
right_child=1 4 7 -5 5 -7 -8 -9 9 -11
leaf_value=0.0044978886234628389 -0.019600144224505595 -0.0092265971494535377 0.020104678384373846 0.0014275301646049393 -0.018160529240891132 -0.0039078467693965833 0.0093679835306026537 -0.0068507120146074569 -0.047551212137815525 0.0060481821625723272
leaf_weight=46.1593107432127 211.66334122419357 288.69595812633634 438.34222415834665 11927.964956780896 450.61239940673113 2071.7692211885005 679.71885749697685 103.05687878653407 84.777580671012402 22.070302434265614
leaf_count=553 1021 819 1388 41694 1537 6358 2068 331 992 238
internal_value=0.000268523 0.000507688 0.00165052 0.00105173 -0.00363321 -0.00649176 0.00378099 0.0149116 -0.0241467 -0.0364439
internal_weight=16324.8 16171.8 12681 12139.6 3490.8 2522.38 968.415 541.399 153.007 106.848
internal_count=56999 55216 44434 42715 10782 7895 2887 1719 1783 1230
is_linear=0
shrinkage=0.0576939


Tree=96
num_leaves=11
num_cat=0
split_feature=18 41 42 14 11 26 4 42 42 29
split_gain=25.4884 22.7308 61.7393 34.2795 31.3256 23.5889 19.3858 20.649 38.5738 23.5287
threshold=-0.54221427440643299 0.63341614603996288 -0.061754960566759103 -17.529376983642575 7.0481653213500985 0.73176428675651561 -0.052870558574795716 -0.045735698193311684 -0.0095814047381281835 -0.007714945124462246
decision_type=2 2 2 2 2 2 2 2 2 2
left_child=6 2 -2 -4 -3 -6 -1 9 -9 -8
right_child=1 4 3 -5 5 -7 7 8 -10 -11
leaf_value=0.012130643714813399 0.039736452769415689 -0.063044925529274529 -0.019818091155342075 0.0027942954717462319 -0.010172640840499098 4.3180441297634723e-05 0.010334940998525303 0.023101077010027851 -0.0081991232954140188 -0.057253879202177713
leaf_weight=183.32581742107868 143.89980881661177 23.371718168258667 224.91050024330616 8028.559098450467 892.79216106422246 4628.3886325675994 22.389662086963654 136.10654646158218 1904.7832632977515 50.086311414837837
leaf_count=537 467 106 806 27732 3200 16341 67 356 7032 165
internal_value=8.75443e-06 0.000938576 0.00283219 0.00216463 -0.00192459 -0.00161083 -0.00561522 -0.00718912 -0.00605342 -0.0366397
internal_weight=16238.6 13941.9 8397.37 8253.47 5544.55 5521.18 2296.69 2113.37 2040.89 72.476
internal_count=56809 48652 29005 28538 19647 19541 8157 7620 7388 232
is_linear=0
shrinkage=0.0576939


Tree=97
num_leaves=11
num_cat=0
split_feature=10 5 42 42 43 43 5 16 15 44
split_gain=23.3796 32.4912 43.4841 116.55 49.5163 31.6104 31.9227 45.968 30.3457 28.4339
threshold=15.689573287963869 0.045256940647959716 -0.0053090152796357861 0.005827799905091525 0.22509806603193286 -0.054671959951519959 -0.045602118596434586 -1.2783660292625425 -0.5308936834335326 -0.51557198166847218
decision_type=2 2 2 2 2 2 2 2 2 2
left_child=5 2 4 -4 -2 -1 7 -7 -8 -3
right_child=1 9 3 -5 -6 6 8 -9 -10 -11
leaf_value=0.012628050798794537 0.0098697927949487011 -0.007020510020310163 -0.049389401341572277 -0.0031655889393819151 -0.026541615083138962 -0.075521707052437534 -0.015123399061758502 -0.0013161929013323858 0.005241759217416978 0.0073339530460863949
leaf_weight=1035.8908413629979 1348.4637574106455 573.01599801331758 181.09438510797918 8829.5411845613271 132.33031253516674 39.625838555395603 283.63065795227885 77.715339221060276 1562.6890325844288 2224.4340678490698
leaf_count=3144 3556 1814 650 33215 449 129 930 266 5664 7221
internal_value=-9.84623e-05 -0.00113879 -0.00261348 -0.00412129 0.00652885 0.00449663 0.000174979 -0.0284248 0.00207042 0.00437785
internal_weight=16288.4 13288.9 10491.4 9010.64 1480.79 2999.55 1963.66 117.341 1846.32 2797.45
internal_count=57038 46905 37870 33865 4005 10133 6989 395 6594 9035
is_linear=0
shrinkage=0.0576939


Tree=98
num_leaves=11
num_cat=0
split_feature=42 42 2 42 42 42 27 10 5 10
split_gain=22.8106 54.0423 34.5662 26.4242 52.8087 30.8767 30.4917 38.8455 26.2814 20.9852
threshold=0.1100582852959633 0.1183823272585869 0.095461178570985808 0.10431771725416185 0.10400727763772012 0.10311501100659372 -0.0074422461912035933 22.018142700195316 0.0026104567805305128 11.700631141662599
decision_type=2 2 2 2 2 2 2 2 2 2
left_child=3 2 8 4 5 -1 -5 -8 -2 -3
right_child=1 9 -4 6 -6 -7 7 -9 -10 -11
leaf_value=0.00020954648108083352 -0.037310993289640576 0.0313018285928496 0.0043477213440507112 0.021937309362346419 -0.04739021083134784 0.024404389501436089 0.013839367997635944 -0.010814127517889394 -0.013281804307222232 0.0004067303325181383
leaf_weight=12820.307737866417 255.83737258985639 74.121318425983191 198.25999067723751 405.87020111829042 72.526289150118828 173.63099474459887 467.70743349567056 382.18044440820813 395.03122343122959 1102.8236425109208
leaf_count=41875 1002 377 682 1191 246 478 1457 1469 1732 6642
internal_value=0.000218098 -0.00550282 -0.0165601 0.00103068 0.000259047 0.000543067 0.0090098 0.0027238 -0.0229552 0.00248462
internal_weight=16348.3 2026.07 849.129 14322.2 13066.5 12993.9 1255.76 849.888 650.869 1176.94
internal_count=57151 10435 3416 46716 42599 42353 4117 2926 2734 7019
is_linear=0
shrinkage=0.0576939


Tree=99
num_leaves=11
num_cat=0
split_feature=27 44 28 42 42 21 7 17 17 12
split_gain=26.3852 27.4592 26.4867 49.8384 47.7974 34.5245 30.6961 27.5167 22.2683 16.8728
threshold=-0.013176749926060436 -0.81910383701324452 0.025394658558070663 -0.08289236947894095 -0.08289236947894095 0.51372110843658458 0.39224264025688177 14.763473510742189 -37.504056930541985 77.984577178955092
decision_type=2 2 2 2 2 2 2 2 2 2
left_child=1 -1 4 5 -2 -4 -5 -6 -3 -10
right_child=2 8 3 6 7 -7 -8 -9 9 -11
leaf_value=0.024393726522054487 0.040761062527484175 -0.0057616406953408146 -0.074556213400171337 0.01392515138547437 -0.0019590293133327909 0.018252459164977933 0.00097990834542563366 -0.010766762774959011 0.0076971580272636392 -0.0034967446833885831
leaf_weight=209.55752379447222 77.805610463023186 742.48254000023007 41.319511368870735 758.4067552536726 7161.1707277223468 16.159594595432281 3069.3059190884233 1413.4258022774011 2222.1591154150665 554.81951783597469
leaf_count=603 229 2490 139 2353 26695 43 9960 5643 6955 1866
internal_value=4.59403e-05 0.00430515 -0.00121984 0.00273186 -0.0029978 -0.0486008 0.00356479 -0.00341875 0.00307245 0.00544926
internal_weight=16266.6 3729.02 12537.6 3885.19 8652.4 57.4791 3827.71 8574.6 3519.46 2776.98
internal_count=56976 11914 45062 12495 32567 182 12313 32338 11311 8821
is_linear=0
shrinkage=0.0576939


Tree=100
num_leaves=11
num_cat=0
split_feature=12 16 23 31 43 6 42 43 43 42
split_gain=22.6191 36.7154 30.6102 30.3717 25.7819 25.0247 20.2342 45.0211 58.8736 52.0888
threshold=88.983772277832045 -5.4975171089172354 0.30677296221256262 0.1286701634526253 -0.1527539789676666 55.668760299682624 -0.017214489169418808 0.22509806603193286 0.020110435783863071 -0.11141403391957282
decision_type=2 2 2 2 2 2 2 2 2 2
left_child=6 2 -2 5 -5 -3 7 8 -1 -9
right_child=1 3 -4 4 -6 -7 -8 9 -10 -11
leaf_value=-0.012292200867566858 0.088225621632564366 0.015020066402421338 -0.0014905756386089204 -0.033227942588829003 0.0039411820354399137 -0.015522985755298122 0.00043603221153747562 0.014080552816482385 0.023099866893179211 -0.053580415173155586
leaf_weight=204.51869554817677 20.786910802125931 93.358966529369354 24.005956336855888 62.523360803723335 848.24358752369881 1031.9709071032703 13316.988700605929 71.369706593453884 620.16452589258552 71.910154685378075
leaf_count=648 31 288 69 258 2744 4715 46227 244 1657 238
internal_value=0.000204272 -0.00540687 0.0438003 -0.00659491 0.00121254 -0.012917 0.00102491 0.00906064 0.0142723 -0.0202879
internal_weight=16365.8 2080.89 44.7929 2036.1 910.767 1125.33 14285 967.963 824.683 143.28
internal_count=57119 8105 100 8005 3002 5003 49014 2787 2305 482
is_linear=0
shrinkage=0.0576939


Tree=101
num_leaves=11
num_cat=0
split_feature=19 42 3 20 10 11 42 28 10 22
split_gain=25.0617 37.5441 31.529 26.9317 25.6987 33.798 25.0828 23.5912 19.4588 17.6862
threshold=1.1784884929656985 -0.061754960566759103 0.42680484056472784 0.047181895002722747 14.073545932769777 75.087627410888686 0.055351447314023978 -0.13266213238239286 24.434506416320804 1.0762979984283449
decision_type=2 2 2 2 2 2 2 2 2 2
left_child=1 9 7 -2 5 -5 -6 -3 -4 -1
right_child=3 2 8 4 6 -7 -8 -9 -10 -11
leaf_value=0.046288447814493587 -0.048687323294225031 0.030413411117318566 0.00077114480455929037 0.047933547289426788 -0.011429049890582058 -0.033946218959578826 -0.00076986847924621893 0.00033297954856397502 0.031966447410133929 -0.016273948428028741
leaf_weight=82.772570565342903 40.680694418027997 82.998480744659901 110.8427074290812 61.118907928466797 1136.3034046553075 18.627376481890678 2083.823018796742 12499.417336741462 169.95344399288297 15.148149102926252
leaf_count=278 240 264 336 143 3056 52 6791 45297 524 57
internal_value=0.00010556 0.00125579 0.000976424 -0.00434517 -0.0037261 0.0277169 -0.00454989 0.00054411 0.0199473 0.0360686
internal_weight=16301.7 12961.1 12863.2 3340.55 3299.87 79.7463 3220.13 12582.4 280.796 97.9207
internal_count=57038 46756 46421 10282 10042 195 9847 45561 860 335
is_linear=0
shrinkage=0.0576939


Tree=102
num_leaves=11
num_cat=0
split_feature=24 42 16 43 43 7 45 43 41 26
split_gain=23.7591 28.7266 28.3807 26.0127 25.2505 21.5077 21.8618 20.4943 41.8343 20.3362
threshold=1.2958306074142458 0.08703977614641191 2.4274532794952397 0.0021324924309737985 0.092034067958593382 6.3708415031433114 0.033593898639082916 -0.011257830541580914 0.089371118694543852 1.0956220626831057
decision_type=2 2 2 2 2 2 2 2 2 2
left_child=2 7 9 -3 -5 6 -4 -2 -9 -1
right_child=1 3 5 4 -6 -7 -8 8 -10 -11
leaf_value=-0.00095355156216315302 0.0019038432420034727 0.0029814166343960116 -0.012458776744780941 -0.023744785393506416 0.0082646564153569507 0.020551280031233566 -0.00025590590699739951 0.043854585807817564 0.0098567363655138966 0.0053579995447646748
leaf_weight=8600.5928146243095 792.33305096440017 1083.2353332582861 1353.3686000276357 273.52497999742627 112.25747969001532 86.61908571049571 770.67987323924899 134.09268970042467 1008.6180899068713 2112.3662278372794
leaf_count=29869 2751 3825 5359 1110 582 262 2638 379 3057 7294
internal_value=0.000191605 0.00447789 -0.000936512 -0.00158832 -0.0143751 -0.00688175 -0.00805321 0.00908978 0.0140229 0.000290202
internal_weight=16327.7 3404.06 12923.6 1469.02 385.782 2210.67 2124.05 1935.04 1142.71 10713
internal_count=57126 11704 45422 5517 1692 8259 7997 6187 3436 37163
is_linear=0
shrinkage=0.0576939


Tree=103
num_leaves=11
num_cat=0
split_feature=43 43 31 5 31 23 37 14 44 37
split_gain=27.0872 36.1307 20.8472 34.5455 24.6661 16.2614 12.3487 10.3561 9.65111 6.01388
threshold=1.0171704888343813 0.60080680251121532 0.015245070215314628 0.0094365486875176447 0.097875423729419722 0.88284796476364147 0.024207508191466335 -10.203787326812742 0.37277992069721227 -0.01234932756051421
decision_type=2 2 2 2 2 2 2 2 2 2
left_child=1 2 3 -1 -4 9 8 -8 -3 -2
right_child=5 6 4 -5 -6 -7 7 -9 -10 -11
leaf_value=-4.5211207709392273e-05 0.0081857214770557005 -0.019212212887599313 -0.0048344464646079988 0.0083808901535824525 0.0017831172098898016 0.028235953849377948 -0.00015493932590336491 0.041754175216969086 0.040577830746074822 -0.038544561125350832
leaf_weight=6137.3992674835026 7.5642743594944468 28.01844016648829 4369.2796479370445 2192.7307801097631 3270.952026411891 11.840934298932551 22.171917222440243 109.45847436785698 7.9470077231526366 95.313903380185366
leaf_count=20325 34 167 16834 7715 10629 50 111 498 51 643
internal_value=0.000256822 0.000460645 0.000175661 0.00217291 -0.0019985 -0.0271476 0.0267613 0.0347267 -0.00235272 -0.0346683
internal_weight=16252.7 16138 15970.4 8330.13 7640.23 114.719 167.596 131.63 35.9654 102.878
internal_count=57057 56330 55503 28040 27463 727 827 609 218 677
is_linear=0
shrinkage=0.0576939


Tree=104
num_leaves=11
num_cat=0
split_feature=22 3 3 42 8 1 42 43 43 43
split_gain=25.9969 42.8979 32.0273 31.3815 27.7199 22.6153 20.4124 84.4933 54.3455 41.6479
threshold=0.1135600619018078 -0.080924365669488893 0.10964209586381914 0.135615348815918 1.4836977124214175 -0.020964127033948895 0.084186512976884856 -0.10375417396426199 -0.0060794509481638661 -0.10215493664145468
decision_type=2 2 2 2 2 2 2 2 2 2
left_child=1 4 3 -3 -1 -4 9 -8 -9 -2
right_child=6 2 5 -5 -6 -7 7 8 -10 -11
leaf_value=0.037763684684717538 0.015801211489641177 -0.021086606008412563 0.070495158020389692 0.056523251087870013 -0.03591245190109351 -0.00097852311223023121 -0.023589399505204667 0.0038474289442133806 -0.007801330234535977 0.0013612851870943188
leaf_weight=92.777012176811695 725.23352282494307 671.93591929785907 10.928121119737623 13.4801740758121 16.571145325899124 351.42642153427005 532.71456725895405 4320.4236217476428 1922.4958308953792 7584.2317370213568
leaf_count=285 2725 4123 25 94 53 1710 2232 14438 8716 22453
internal_value=7.3664e-05 -0.0082416 -0.0118701 -0.0191694 0.0254052 0.00193013 0.000715464 -0.00163182 0.00025303 0.00263247
internal_weight=16242.2 1157.12 1047.77 685.416 109.348 362.355 15085.1 6775.63 6242.92 8309.47
internal_count=56854 6290 5952 4217 338 1735 50564 25386 23154 25178
is_linear=0
shrinkage=0.0576939


Tree=105
num_leaves=11
num_cat=0
split_feature=23 24 19 21 16 5 6 17 7 44
split_gain=22.5175 24.704 24.634 24.7233 19.6674 25.3297 21.2843 17.8424 14.7821 30.1965
threshold=0.90265980362892162 1.1425849795341494 1.3104761242866518 0.11629251763224603 1.8556225895881655 0.015037918929010631 28.836764335632328 28.177475929260257 -11.683771610260008 0.76518481969833385
decision_type=2 2 2 2 2 2 2 2 2 2
left_child=1 4 3 -2 5 -1 -6 -5 9 -3
right_child=2 8 -4 7 6 -7 -8 -9 -10 -11
leaf_value=-0.00345878614435152 0.048437248294292454 -0.020077218549649972 -0.0048327524016659245 0.015457662078772623 0.013771483279396831 0.0029493837751810273 -0.0084415133353930479 -0.010111661494178881 0.003680738178206387 0.049674264469696403
leaf_weight=4963.5793758500367 61.585933417081833 177.68904582411051 311.64645040780306 498.84632518142462 149.47246019169688 3492.1100596580654 2071.570156974718 106.3127272054553 4385.8121022116393 18.881850093603134
leaf_count=16976 207 641 1013 1577 490 12614 7956 343 15132 59
internal_value=-1.43442e-05 -0.000560982 0.00844852 0.0146864 -0.00208307 -0.000809021 -0.00691041 0.0108819 0.00297827 -0.0123004
internal_weight=16237.5 15259.1 978.391 666.745 10676.7 8455.69 2221.04 605.159 4582.38 196.571
internal_count=57008 53868 3140 2127 38036 29590 8446 1920 15832 700
is_linear=0
shrinkage=0.0576939


Tree=106
num_leaves=11
num_cat=0
split_feature=28 42 42 42 21 42 42 43 43 29
split_gain=24.8064 53.9066 61.9071 40.8776 38.0427 36.5127 43.5399 84.6006 52.3133 39.6109
threshold=0.025394658558070663 -0.08289236947894095 0.066356312483549132 0.075987346470356001 0.53434291481971752 -0.061754960566759103 0.044754419475793845 0.055069984868168838 0.012002291157841684 0.019839067943394188
decision_type=2 2 2 2 2 2 2 2 2 2
left_child=5 4 -3 -4 -2 9 8 -8 -7 -1
right_child=1 2 3 -5 -6 6 7 -9 -10 -11
leaf_value=0.035069884758311201 -0.076176714338877544 0.013441041952368726 -0.018567129343030214 0.0020498347572485602 0.021534862056730334 0.00047091900028793524 -0.0021743213470050049 0.013254205514908262 -0.015556130896241886 -0.028471215670240472
leaf_weight=162.676927536726 41.999985575675964 1618.8445712812245 370.51340299285948 2179.3287305478007 15.756055131554602 1259.0108842104673 7696.1238965950906 1393.2365655303001 1455.8686385788023 36.581611156463623
leaf_count=555 142 4451 1234 7715 42 3790 28966 5369 4592 114
internal_value=3.59673e-05 0.0038364 0.00463281 -0.000962693 -0.0494633 -0.0013009 -0.00172025 0.000193011 -0.00812536 0.0229105
internal_weight=16229.9 4226.44 4168.69 2549.84 57.756 12003.5 11804.2 9089.36 2714.88 199.259
internal_count=56970 13584 13400 8949 184 43386 42717 34335 8382 669
is_linear=0
shrinkage=0.0576939


Tree=107
num_leaves=11
num_cat=0
split_feature=42 44 42 33 43 43 29 7 24 42
split_gain=21.6551 62.0125 45.6604 64.0062 45.0441 71.0679 30.6586 28.3916 27.6062 25.6216
threshold=0.091932572424411788 0.44630770385265356 0.10166000202298166 0.010778419673442842 -0.10375417396426199 -0.068618673831224428 0.044922094792127616 -17.006662368774411 1.2958306074142458 0.10853452607989313
decision_type=2 2 2 2 2 2 2 2 2 2
left_child=7 4 3 -3 6 -6 -2 -1 -9 -4
right_child=1 2 9 -5 5 -7 -8 8 -10 -11
leaf_value=-0.050209938717776417 -0.033355566368440365 -0.025106676111775732 0.031699001113103344 0.023012766771405242 0.012865722211194202 -0.0071868334862721034 0.0020199226279132548 0.00023295085759244809 0.0075334425178154663 0.009135086161035989
leaf_weight=30.630102135241032 298.68723097443581 233.74453004449606 278.40001449175179 145.33208113536239 697.96425494737923 3604.1793770287186 109.02828288823366 8163.7693065684289 2184.1772583834827 435.78447877056897
leaf_count=106 1469 787 831 481 1761 15752 435 26268 6972 1971
internal_value=2.20634e-05 -0.00279757 0.00954695 -0.00653735 -0.00567484 -0.00391761 -0.023912 0.00160169 0.00177899 0.0181084
internal_weight=16181.7 5803.12 1093.26 379.077 4709.86 4302.14 407.716 10378.6 10347.9 714.184
internal_count=56833 23487 4070 1268 19417 17513 1904 33346 33240 2802
is_linear=0
shrinkage=0.0576939


Tree=108
num_leaves=11
num_cat=0
split_feature=12 16 31 44 24 42 15 42 19 29
split_gain=27.4653 25.9104 26.2801 33.0697 23.1344 19.7995 19.7835 54.3055 29.2609 19.6461
threshold=87.788829803466811 -5.4975171089172354 0.21675547957420352 -0.1294620484113693 0.32730050384998327 0.031857682392001159 -0.5308936834335326 -0.038799120113253587 0.88238802552223217 0.029162859544157985
decision_type=2 2 2 2 2 2 2 2 2 2
left_child=4 5 3 -3 9 -2 7 -6 -8 -1
right_child=1 2 -4 -5 6 -7 8 -9 -10 -11
leaf_value=-0.03644917230877176 0.067204136928612393 -0.017985280073568942 0.0052704613775057061 -0.0025089076831378539 0.037588164936591784 -0.0018474312075150924 0.007799264815992136 -0.0047190913606535425 0.00046363033032087978 0.0098743818786512123
leaf_weight=95.731939136981964 23.495780386030674 898.66032132133842 459.06328317895532 948.3870797380805 100.11797147989273 25.504347339272499 2302.8131954353303 2906.8108524028212 8443.8889874648303 40.386466562747955
leaf_count=437 42 3925 1487 3699 315 74 7689 9565 29694 131
internal_value=-0.000333655 -0.00608968 -0.00700702 -0.0100779 0.000642063 0.0335964 0.000881601 -0.00324855 0.00204052 -0.0226401
internal_weight=16244.9 2355.11 2306.11 1847.05 13889.7 49.0001 13753.6 3006.93 10746.7 136.118
internal_count=57058 9227 9111 7624 47831 116 47263 9880 37383 568
is_linear=0
shrinkage=0.0576939


Tree=109
num_leaves=11
num_cat=0
split_feature=19 16 42 22 24 39 43 42 3 21
split_gain=24.1937 31.9602 31.301 35.509 31.1882 25.4341 22.3404 44.5912 26.575 19.5133
threshold=1.2416304945945742 -6.4943463802337638 -0.061754960566759103 1.0762979984283449 0.80264401435852062 1.0000000180025095e-35 0.11384832113981248 0.035477923229336746 0.21642738580703738 0.27835297584533697
decision_type=2 2 2 2 2 2 2 2 2 2
left_child=1 9 3 -3 -4 -2 8 -8 -7 -1
right_child=5 2 4 -5 -6 6 7 -9 -10 -11
leaf_value=-0.0079513937116123326 0.006785822137643149 0.044878584992081215 -0.0030032435188864803 -0.030127841842452961 0.002663315087778585 -0.01917750680689501 -0.011594763432015846 0.027613251293404053 -0.0033397418233756136 0.050258036960411867
leaf_weight=23.967902995646 451.93796993046999 96.13568103313446 5172.8526676837355 22.77781954407692 8598.8676241505891 756.69330043718219 244.23716546595097 153.18190729245543 669.9146403670311 65.01356715336442
leaf_count=118 1361 330 19043 84 30351 2264 775 578 1973 205
internal_value=0.000122199 0.00102231 0.000793943 0.0297329 0.00053269 -0.00538628 -0.00842562 0.00359004 -0.011792 0.0346641
internal_weight=16255.6 13979.6 13890.6 118.914 13771.7 2275.96 1824.03 397.419 1426.61 88.9815
internal_count=57082 50131 49808 414 49394 6951 5590 1353 4237 323
is_linear=0
shrinkage=0.0576939


Tree=110
num_leaves=11
num_cat=0
split_feature=43 43 27 19 43 12 23 14 25 8
split_gain=25.1109 27.3231 23.2012 23.5524 21.1804 14.5711 13.8283 7.60346 7.05207 4.68022
threshold=1.0171704888343813 0.60080680251121532 0.00078135472722351562 0.97872251272201549 -0.16201481223106382 84.839160919189467 0.86512914299964916 -10.833644866943358 1.7167214155197146 -0.93997463583946217
decision_type=2 2 2 2 2 2 2 2 2 2
left_child=1 2 3 -1 -4 7 8 -3 9 -2
right_child=6 5 4 -5 -6 -7 -8 -9 -10 -11
leaf_value=0.0063180970430610946 0.00049357604216400505 -0.0028117706660984758 -0.033905110049148611 -6.8900274782707894e-05 -0.0015176829308862299 -0.01707378291384936 0.026298011204448274 0.035289460111590808 0.00604287079613535 -0.041946990327630385
leaf_weight=3298.0203194506466 8.1350204944610578 17.979521203786135 63.457690320909023 4577.335720250383 8020.8366979602724 21.549379467964172 11.161236144602297 124.84228883311152 11.405791927129028 83.108222102746367
leaf_count=11659 52 94 230 15627 27938 118 50 605 63 561
internal_value=0.00042549 0.000621167 0.000375179 0.00260455 -0.00179356 0.0237139 -0.0260607 0.0303745 -0.0328504 -0.0380411
internal_weight=16237.8 16124 15959.7 7875.36 8084.29 164.371 113.81 142.822 102.649 91.2432
internal_count=56997 56271 55454 27286 28168 817 726 699 676 613
is_linear=0
shrinkage=0.0576939


Tree=111
num_leaves=11
num_cat=0
split_feature=24 19 26 44 44 37 5 44 43 27
split_gain=22.8298 18.2728 30.1773 22.821 21.5295 32.4933 20.2894 18.2551 19.7566 12.6655
threshold=0.32730050384998327 0.84705474972724926 0.5264556109905244 -0.4863490611314773 -0.19580449163913724 0.078516818583011641 0.045256940647959716 0.63673868775367748 -0.10794957354664801 -0.0017160201678052542
decision_type=2 2 2 2 2 2 2 2 2 2
left_child=7 2 9 -4 5 -3 -6 8 -1 -2
right_child=1 4 3 -5 6 -7 -8 -9 -10 -11
leaf_value=0.023329872422502458 0.05366118851629622 -0.0067504909036998966 0.013108514024916217 0.00015016689627202369 -0.00014041757685549108 0.0018301983225403366 0.0072466391805675453 0.028688261309240046 -0.036314283248002115 0.0049935224178098885
leaf_weight=17.87144572660327 53.879534021019936 3581.0692092906684 605.36066958121955 1769.1937053520232 6009.0742541030049 2479.2325450889766 1552.0491382740438 17.370492443442345 126.1208084449172 28.842134803533554
leaf_count=95 109 13836 1961 5867 22000 7518 5058 56 516 86
internal_value=-6.8126e-05 0.000149837 0.00472571 0.00348299 -0.000674983 -0.00323708 0.00137579 -0.0213691 -0.0282599 0.0381089
internal_weight=16240.1 16078.7 2457.28 2374.55 13621.4 6060.3 7561.12 161.363 143.992 82.7217
internal_count=57102 56435 8023 7828 48412 21354 27058 667 611 195
is_linear=0
shrinkage=0.0576939


Tree=112
num_leaves=11
num_cat=0
split_feature=28 15 42 42 5 43 26 36 17 7
split_gain=19.1261 19.9696 40.7392 38.7606 20.6934 34.8606 27.8066 16.3796 13.8119 18.578
threshold=-0.11893580853939055 -0.39805559813976282 -0.038799120113253587 0.056986115872859962 -0.018464866094291207 0.22509806603193286 0.90739774703979503 0.091607730835676207 -40.413879394531243 -5.8963856697082511
decision_type=2 2 2 2 2 2 2 2 2 2
left_child=8 2 7 -4 5 -3 -6 -2 9 -1
right_child=1 4 3 -5 6 -7 -8 -9 -10 -11
leaf_value=0.02957274203567313 0.049439542415099777 -0.001275318513787414 -0.013897018955666822 -0.00071006814108219866 -0.0013029857608062693 -0.03028718191313811 0.0053475604112373136 -0.0047204834994977896 0.027448507886431689 -0.014644612188699543
leaf_weight=45.245605796575546 62.18307838588953 3304.3020717613399 1035.9857664462179 2604.4051714260131 3404.358420342207 139.63425759226084 5398.5423263404518 23.604521855711937 144.11743417009711 82.396100968122482
leaf_count=137 171 10003 2958 9399 13061 525 20001 65 486 282
internal_value=0.000423884 0.000161904 -0.003532 -0.00448234 0.00128881 -0.00249657 0.00277324 0.0347461 0.0154778 0.0012964
internal_weight=16244.8 15973 3726.18 3640.39 12246.8 3443.94 8802.9 85.7876 271.759 127.642
internal_count=57088 56183 12593 12357 43590 10528 33062 236 905 419
is_linear=0
shrinkage=0.0576939


Tree=113
num_leaves=11
num_cat=0
split_feature=43 39 18 42 42 42 43 30 23 9
split_gain=22.327 21.9285 32.3835 30.1589 28.734 67.8432 36.1778 21.6206 19.3119 6.31696
threshold=1.0171704888343813 1.0000000180025095e-35 -1.0834519267082212 -0.011787421535700558 -0.016002396121621128 -0.025186691433191296 0.15752585232257846 0.010828167200088503 0.86512914299964916 0.32769525051116949
decision_type=2 2 2 2 2 2 2 2 2 2
left_child=1 2 7 -4 5 -3 -6 -1 9 -2
right_child=8 4 3 -5 6 -7 -8 -9 -10 -11
leaf_value=-0.040967712683518107 -0.039056678527197311 -0.0040228123288408709 -0.011765910344855799 0.0077327566815905274 -0.0023005144888244376 0.028229462633672042 0.014823130329576452 0.0024208320615308103 0.033202740828330621 0
leaf_weight=80.085829900577664 87.784150917083025 533.53424532711506 288.30588358640671 2647.2144001796842 11673.888470772654 359.23932618275285 420.94846000522375 66.972733289003372 12.845780357718466 16.627324292436242
leaf_count=308 603 1625 847 9243 40995 994 1965 232 55 100
internal_value=-0.000104785 7.99895e-05 0.0044524 0.00579398 -0.000956937 0.00900104 -0.00169717 -0.0215413 -0.0247257 -0.033154
internal_weight=16187.4 16070.2 3082.58 2935.52 12987.6 892.774 12094.8 147.059 117.257 104.411
internal_count=56967 56209 10630 10090 45579 2619 42960 540 758 703
is_linear=0
shrinkage=0.0576939


Tree=114
num_leaves=11
num_cat=0
split_feature=19 5 42 43 42 23 42 13 43 43
split_gain=28.6668 36.336 27.8967 66.9177 92.9044 34.489 45.0861 32.7478 22.7818 22.6333
threshold=1.1715531349182131 0.058190653100609786 0.055351447314023978 0.020110435783863071 0.088577855378389372 0.37727980315685278 0.0085577843710780161 3.6764757633209233 1.2052492499351504 0.15147104114294055
decision_type=2 2 2 2 2 2 2 2 2 2
left_child=1 8 5 7 -5 6 -2 -4 9 -1
right_child=2 -3 3 4 -6 -7 -8 -9 -10 -11
leaf_value=-0.00018494303937328482 -0.0037202216325439848 0.012547106646242395 -0.0022946400321781761 0.030490982153700403 -0.011494674285088647 -0.004524465802853421 -0.04104004182814755 -0.020590866572097882 -0.034138030915083661 0.01225355272895284
leaf_weight=11349.427338656038 194.08522040210664 839.86819358170033 1067.1012707687914 424.55157759040594 292.51493179798126 767.18936638906598 245.39096621051431 467.62960213236511 59.679947754368186 504.20335026085377
leaf_count=40766 592 2839 3496 1162 1196 2010 725 1601 412 2244
internal_value=-0.000281293 0.000980707 -0.00493783 -0.00112503 0.0133618 -0.0120013 -0.0248191 -0.00792969 0.000158737 0.000346302
internal_weight=16211.6 12753.2 3458.46 2251.8 717.067 1206.67 439.476 1534.73 11913.3 11853.6
internal_count=57043 46261 10782 7455 2358 3327 1317 5097 43422 43010
is_linear=0
shrinkage=0.0576939


Tree=115
num_leaves=11
num_cat=0
split_feature=19 20 26 10 32 42 45 42 8 26
split_gain=20.4504 39.7307 29.3096 26.3201 44.3213 40.1838 38.3842 29.717 25.6303 24.1517
threshold=0.97573941946029674 0.080299995839595809 0.81188884377479564 14.675467491149904 -0.012792659923434256 0.065186038613319411 -0.056568777188658707 0.10311501100659372 -0.93997463583946217 0.62328869104385387
decision_type=2 2 2 2 2 2 2 2 2 2
left_child=3 2 -2 4 -1 6 -5 -7 -4 -6
right_child=1 -3 8 5 9 7 -8 -9 -10 -11
leaf_value=-0.023732833485298099 -0.029228768058756002 -0.00032775338756185876 -0.022615098101805078 0.030391664098134149 0.041197871611450471 -0.0072149020975484724 0.0040569596969882741 0.004902916958317992 -0.0026749991685468097 0.010285058945072761
leaf_weight=117.97986197471619 232.0785225816071 8162.9218742772937 270.65242112800479 201.60215032845736 87.968074161559343 2262.7183277085423 1811.0188317876309 952.13334306888282 1001.8952627573162 1151.2742056865245
leaf_count=454 1128 26439 1206 559 253 8643 5477 4461 4508 3955
internal_value=-0.000230993 -0.00192113 -0.0105219 0.00224609 0.00939144 0.000379529 0.00676878 -0.00361605 -0.00700019 0.0126393
internal_weight=16252.2 9667.55 1504.63 6584.69 1357.22 5227.47 2012.62 3214.85 1272.55 1239.24
internal_count=57083 33281 6842 23802 4662 19140 6036 13104 5714 4208
is_linear=0
shrinkage=0.0576939


Tree=116
num_leaves=11
num_cat=0
split_feature=23 30 19 43 5 32 44 39 20 5
split_gain=18.6218 19.5659 18.6277 32.8222 70.4281 34.9818 18.6233 16.8924 16.7073 13.3753
threshold=0.11197355762124063 -0.019730645231902596 0.74142721295356762 -0.012394457124173639 0.01662562228739262 -0.051088253036141389 0.95896291732788097 1.0000000180025095e-35 0.087611552327871337 0.0071306792087852964
decision_type=2 2 2 2 2 2 2 2 2 2
left_child=1 -1 3 5 -5 -2 7 -4 -8 -3
right_child=2 9 6 4 -6 -7 8 -9 -10 -11
leaf_value=0.035128539626906527 -0.043065603096833105 0.015737861380518345 0.0035525078603702671 0.011211269775036708 0.08870582942512284 0.0052522481055452454 -0.020561012212634275 -0.0013227969769543399 0.044402904325598319 -0.037616877136259975
leaf_weight=13.625448156148193 50.960930459201336 15.190288376063107 2923.8208592366427 230.52252811938524 43.337921902537346 495.8846628293395 13.803954847157 12285.828199708834 50.648371085524559 97.207279885187745
leaf_count=127 170 198 9983 700 102 1383 51 42925 151 1244
internal_value=3.09025e-05 -0.0216776 0.000208423 0.00865282 0.0247846 0.000392288 -0.000245968 -0.00038311 0.0296814 -0.0298585
internal_weight=16220.8 126.023 16094.8 820.706 273.86 546.846 15274.1 15209.6 64.4523 112.398
internal_count=57034 1569 55465 2355 802 1553 53110 52908 202 1442
is_linear=0
shrinkage=0.0576939


Tree=117
num_leaves=11
num_cat=0
split_feature=43 8 6 26 28 14 31 29 14 26
split_gain=18.9022 28.6312 18.1834 19.2925 18.3186 19.2431 12.6005 13.052 12.1675 6.96737
threshold=-0.16201481223106382 0.29405921697616583 17.712141990661625 1.5624042153358462 -0.11893580853939055 -15.407313346862791 0.35882401466369634 0.043208122253417976 -22.154115676879879 0.9486130177974702
decision_type=2 2 2 2 2 2 2 2 2 2
left_child=1 -1 3 9 8 -6 7 -3 -4 -2
right_child=2 6 4 -5 5 -7 -8 -9 -10 -11
leaf_value=0.022178790310291869 -0.014210649141403743 -0.011451753752943819 -0.0092076166683040268 0.011206375412948048 -0.012731351162304266 0.00036770965522310101 0.011691418008169386 -0.060944541730279876 0.021587917407996555 -0.065067031784313542
leaf_weight=33.318792145699263 18.677438631653786 31.010101545602083 49.521106027066708 24.835755355656147 378.20441835559905 15275.284821100533 12.776749879121779 54.163580849766731 206.5075233951211 28.30850887298584
leaf_count=112 54 147 169 81 1392 53692 32 201 691 96
internal_value=-1.64168e-05 -0.02146 0.000163971 -0.0279396 0.000300224 4.60383e-05 -0.0368775 -0.0446737 0.0154755 -0.048325
internal_weight=16112.6 131.269 15981.3 71.8217 15909.5 15653.5 97.9504 85.1737 256.029 46.9859
internal_count=56667 492 56175 231 55944 55084 380 348 860 150
is_linear=0
shrinkage=0.0576939


Tree=118
num_leaves=11
num_cat=0
split_feature=10 5 42 23 43 10 4 10 42 5
split_gain=22.6071 40.3589 39.0888 24.3351 24.0557 27.2892 18.0796 16.2394 27.3033 16.5423
threshold=16.209299087524418 0.0097841126844286936 0.13013862073421481 0.39641739428043371 -0.051299700513482087 12.189971923828127 0.0028267046436667447 61.029125213623054 0.07963921502232553 0.075850285589694991
decision_type=2 2 2 2 2 2 2 2 2 2
left_child=1 2 3 -1 5 -3 -6 9 -9 -2
right_child=7 4 -4 -5 6 -7 -8 8 -10 -11
leaf_value=-0.0062476773536274512 -0.0015546757578688939 0.046892956307623822 0.043962584296198197 0.0064878516994566638 0.01748011268514487 0.014650110627417471 -0.0017421531953588972 0.027380043246941481 -0.049806716427855315 0.005886594760511385
leaf_weight=1384.4255612548441 11624.773722551763 114.53885344043374 59.92502511292696 774.27067624777555 260.99700771644711 376.49251914396882 414.29466193728149 17.58834832534194 48.970412295311689 1081.9944905638695
leaf_count=5106 41965 255 322 2319 856 1082 1470 46 192 3287
internal_value=3.61732e-05 0.00422666 -0.000334465 -0.0016637 0.0128939 0.0225758 0.00571401 -0.00107334 -0.0286049 -0.000917151
internal_weight=16158.3 3384.94 2218.62 2158.7 1166.32 491.031 675.292 12773.3 66.5588 12706.8
internal_count=56900 11410 7747 7425 3663 1337 2326 45490 238 45252
is_linear=0
shrinkage=0.0576939


Tree=119
num_leaves=11
num_cat=0
split_feature=22 33 43 43 42 16 43 12 3 3
split_gain=20.3139 20.4258 31.9475 57.3616 51.1054 30.3423 27.7217 24.0351 17.1557 22.3396
threshold=0.072137784212827696 0.0015724946279078724 0.030969119630753997 0.029457040131092075 0.05792848393321038 -3.8659416437149043 -0.083175055682659135 86.489646911621108 -0.056295752525329583 0.17029383778572085
decision_type=2 2 2 2 2 2 2 2 2 2
left_child=8 2 3 -2 -4 6 -3 -7 -1 -10
right_child=1 5 4 -5 -6 7 -8 -9 9 -11
leaf_value=0.022061013727201338 -0.00038346071634475908 -0.039330503109845823 -0.014641084565557801 0.050237434000561264 0.0050186784708300966 0.0045785208054474951 -0.0049832401593448506 -0.0029196016620498641 -0.028687122358742063 0.014715930300956703
leaf_weight=31.6887182071805 4640.5767929926515 85.885026315227151 1351.6664451751858 71.291260324418545 646.42152000032365 6679.0457781851292 623.76400988176465 1800.1173088941723 201.89705891907215 45.014845561236143
leaf_count=103 14455 290 3893 124 2707 24173 2435 7073 1531 169
internal_value=-1.9198e-05 0.000251846 -0.00216541 0.000423303 -0.00827062 0.00202005 -0.00939485 0.00298289 -0.0153415 -0.0205501
internal_weight=16177.4 15898.8 6709.96 4711.87 1998.09 9188.81 709.649 8479.16 278.601 246.912
internal_count=56953 55150 21179 14579 6600 33971 2725 31246 1803 1700
is_linear=0
shrinkage=0.0576939


Tree=120
num_leaves=11
num_cat=0
split_feature=43 43 10 2 2 19 39 19 15 31
split_gain=16.2804 73.3263 40.1988 40.0736 37.3796 31.7674 31.661 29.8333 22.646 21.3538
threshold=-0.063832651823759065 -0.056818531826138489 18.393386840820316 0.11346752196550371 -0.047807084396481507 1.1220190525054934 1.0000000180025095e-35 0.74142721295356762 -0.050721969455480569 0.044378900900483138
decision_type=2 2 2 2 2 2 2 2 2 2
left_child=2 6 4 5 -1 -4 8 -6 -2 -8
right_child=1 -3 3 -5 7 -7 9 -9 -10 -11
leaf_value=0.033432515147164575 -0.028240962083603358 -0.00039042448297741625 -0.0083642219547609108 0.0074962725004436917 0.041789702587421602 -0.028980758478637462 0.03112165494666342 -0.0006112019848609336 0.010929802555488007 0.010253177727845954
leaf_weight=128.07664725929499 72.242534535005689 11401.08647621423 1701.1704313028604 451.98364830762148 53.314543668180704 290.63597464375198 403.2794185616076 1251.2519603613764 131.72565266117454 290.23410828411579
leaf_count=348 249 40414 6528 1486 130 1105 1342 4016 395 941
internal_value=-0.000166155 0.00085992 -0.00342556 -0.00792239 0.00422761 -0.0114432 0.0166966 0.00123702 -0.00312315 0.0225462
internal_weight=16175 12298.6 3876.43 2443.79 1432.64 1991.81 897.482 1304.57 203.968 693.514
internal_count=56954 43341 13613 9119 4494 7633 2927 4146 644 2283
is_linear=0
shrinkage=0.0576939


Tree=121
num_leaves=11
num_cat=0
split_feature=7 42 43 42 43 43 17 27 24 37
split_gain=22.6392 27.4284 36.0258 30.2159 46.2486 25.4968 21.5832 20.4458 19.3633 24.8441
threshold=0.39224264025688177 0.1100582852959633 -0.063151847571134553 0.10559074208140375 0.012002291157841684 0.46263346076011663 -46.399810791015618 0.014061320573091509 0.70601406693458568 0.14668632298707965
decision_type=2 2 2 2 2 2 2 2 2 2
left_child=1 3 -3 5 -5 -1 -4 8 9 -2
right_child=7 2 6 4 -6 -7 -8 -9 -10 -11
leaf_value=0.0017644551549120839 -0.014666544858849342 -0.035149080587190462 -0.030105031059215991 0.023349373006336473 -0.016905085542145457 0.030891470558386369 -2.6554308807802097e-05 0.00064792564658287767 -0.0025065010617640539 0.0094747713416375844
leaf_weight=6598.8943116534501 1030.978233858943 123.33026795275509 82.482910495251417 489.55613134615123 113.44335760176182 97.315144624561071 940.68201711773872 3897.1725224014372 2645.5507326722145 159.94368018209934
leaf_count=21359 4269 603 426 1292 578 466 4736 12443 10275 489
internal_value=-3.32979e-05 0.00202971 -0.00624236 0.0033356 0.015665 0.00221179 -0.00259609 -0.00228951 -0.00527757 -0.0113793
internal_weight=16179.3 8445.7 1146.5 7299.21 602.999 6696.21 1023.16 7733.65 3836.47 1190.92
internal_count=56936 29460 5765 23695 1870 21825 5162 27476 15033 4758
is_linear=0
shrinkage=0.0576939


Tree=122
num_leaves=11
num_cat=0
split_feature=42 42 6 32 44 7 9 22 8 37
split_gain=18.0989 51.7393 79.744 44.2355 47.7221 42.1947 35.1742 31.4404 27.9571 22.651
threshold=-0.0095814047381281835 0.016775296069681648 67.469718933105483 0.02396478317677975 -0.47510255873203272 0.5312698781490327 0.51781666278839122 0.32102331519126898 0.70531931519508373 0.038995880633592613
decision_type=2 2 2 2 2 2 2 2 2 2
left_child=3 2 6 4 5 -1 -2 -6 -4 -3
right_child=1 9 8 -5 7 -7 -8 -9 -10 -11
leaf_value=0.010656877543724491 -0.02483851291222982 -0.0023643670180993376 0.07526738655511632 -0.045101581553340625 0.0027354005712663296 -0.028511943217017246 0.015558850477413436 0.022422435316925695 0 0.0023874243432465223
leaf_weight=169.15005587041378 638.22584803029895 5589.884585943073 36.224878191947937 49.357156082987785 476.08836175501347 189.04506718367338 76.926109354943037 633.92886689305305 28.037447981536388 8272.2661262713373
leaf_count=499 1902 23038 56 116 1318 563 174 1856 70 27260
internal_value=0.00027645 -0.000344194 -0.0147658 0.00626527 0.00814025 -0.0100386 -0.0203877 0.0140466 0.0446985 0.000469239
internal_weight=16159.1 14641.6 779.414 1517.57 1468.21 358.195 715.152 1110.02 64.2623 13862.2
internal_count=56852 52500 2202 4352 4236 1062 2076 3174 126 50298
is_linear=0
shrinkage=0.0576939


Tree=123
num_leaves=11
num_cat=0
split_feature=14 43 45 27 43 19 44 36 5 11
split_gain=17.6705 16.851 22.6944 16.3864 21.1086 20.5712 12.204 10.2338 9.00667 6.1798
threshold=-25.690655708312985 -0.16201481223106382 -0.03075848892331123 0.045236313715577132 1.2052492499351504 1.3799533843994143 0.40391620993614202 0.0085172760300338286 0.0037004372570663695 9.9632906913757342
decision_type=2 2 2 2 2 2 2 2 2 2
left_child=7 2 8 4 -3 -5 -4 -1 -2 -9
right_child=1 3 6 5 -6 -7 -8 9 -10 -11
leaf_value=-0.050921394164399225 -0.0056009045809474389 0.00079156872368707758 -0.041603139514487623 0.013075912843791825 -0.027793124706048802 -0.011172587339253082 0.013568610361316165 0.020770387065519955 0.050783441525535558 -0.025404331493241585
leaf_weight=30.025350339710712 17.54798345267773 15057.026235187426 81.528000727295876 682.97173859924078 82.019957240670919 135.49751884490252 12.811199780553578 13.85197387635708 12.80107321590185 15.746255211532114
leaf_count=125 64 53096 336 2010 528 417 36 44 39 58
internal_value=0.000768892 0.000890683 -0.0198589 0.00105992 0.000626893 0.0089912 -0.0335729 -0.0294636 0.0208637 -0.0031327
internal_weight=16141.8 16082.2 124.688 15957.5 15139 818.469 94.3392 59.6236 30.3491 29.5982
internal_count=56753 56526 475 56051 53624 2427 372 227 103 102
is_linear=0
shrinkage=0.0576939


Tree=124
num_leaves=11
num_cat=0
split_feature=19 42 43 44 44 43 42 43 42 42
split_gain=21.2086 20.4563 73.2849 51.5668 43.9617 39.6589 26.684 22.4682 15.4887 65.8977
threshold=1.1715531349182131 0.07963921502232553 -0.10375417396426199 0.49821794033050543 -0.14664395153522489 -0.10215493664145468 0.099340144544839873 -0.051728140562772744 0.056986115872859962 0.062147695571184165
decision_type=2 2 2 2 2 2 2 2 2 2
left_child=1 3 6 5 -4 -1 -3 -5 -2 -10
right_child=8 2 4 7 -6 -7 -8 -9 9 -11
leaf_value=0.019770470797708641 -0.0094997432084048764 -0.036497865883684442 -0.0050237345724994907 0.0014552216904072642 0.0049323746946854903 0.0034664149446402928 -0.01066633519584907 -0.019195629779620919 0.037018894305108158 -0.0039778530734018254
leaf_weight=550.20107115991414 1221.7927343081683 225.12501697614789 2677.2700155619532 283.09251648746431 3278.4752761479467 4878.37808464095 339.85658414289355 444.63264166750014 134.8016316331923 2069.2154143471271
leaf_count=2127 3340 1039 10795 1156 12464 15451 1631 1464 407 6975
internal_value=-0.000272165 0.000814835 -0.00143387 0.00320023 0.000452023 0.00513846 -0.021209 -0.0111662 -0.00429806 -0.00138938
internal_weight=16102.8 12677 6520.73 6156.3 5955.75 5428.58 564.982 727.725 3425.81 2204.02
internal_count=56849 46127 25929 20198 23259 17578 2670 2620 10722 7382
is_linear=0
shrinkage=0.0576939


Tree=125
num_leaves=11
num_cat=0
split_feature=37 45 18 4 21 30 10 2 43 4
split_gain=16.5206 28.3795 18.9279 21.8986 19.4914 23.4029 19.9391 17.7378 16.7191 15.5046
threshold=0.0047509390860795983 0.0023645897163078193 -0.41856211423873896 -0.052870558574795716 0.86522978544235241 0.082143865525722518 29.268647193908695 0.014666728209704162 0.030969119630753997 0.0073606471996754417
decision_type=2 2 2 2 2 2 2 2 2 2
left_child=1 7 3 -2 6 -6 -4 -1 -5 -3
right_child=2 9 4 8 5 -7 -8 -9 -10 -11
leaf_value=0.025678300194320342 0.013192844360606533 0.012004586281787716 0.0026090520830489017 -0.0020716469573454676 0.017773186667177976 0 -0.0032170096402834789 -0.036721651423070635 -0.012530090708076182 -0.0048191476578333635
leaf_weight=13.535340525209902 237.91087476164103 201.5718297958374 7877.4822272676975 1882.1375416107476 533.75032738782465 457.8101590052247 2593.0967540834099 123.46560890972614 698.52798933163285 1553.1252608336508
leaf_count=50 696 796 26822 6569 1874 1510 9155 886 2661 5881
internal_value=0.000183722 -0.0048742 0.00085686 -0.00337203 0.00189995 0.0096164 0.00116294 -0.0297605 -0.00492927 -0.00284626
internal_weight=16172.4 1891.7 14280.7 2818.58 11462.1 991.56 10470.6 137.001 2580.67 1754.7
internal_count=56900 7613 49287 9926 39361 3384 35977 936 9230 6677
is_linear=0
shrinkage=0.0576939


Tree=126
num_leaves=11
num_cat=0
split_feature=5 10 44 9 31 20 29 43 43 10
split_gain=17.5046 27.939 28.973 32.2311 29.8425 22.2718 21.4871 23.0471 41.0782 39.7479
threshold=0.045256940647959716 29.268647193908695 -0.1793413311243057 0.11268976330757143 0.1286701634526253 0.22874282300472262 0.1307850927114487 -0.075189184397459016 -0.051728140562772744 19.119851112365726
decision_type=2 2 2 2 2 2 2 2 2 2
left_child=6 5 4 -4 -3 -2 7 9 -9 -1
right_child=1 2 3 -5 -6 -7 -8 8 -10 -11
leaf_value=0.0015601564143197578 0.016564574799824466 -0.02261495426133886 0.010993113740379489 -0.015049945590561258 0.00075845673535736356 -0.0001467353949714668 0.012922422127247448 0.0077427487932541774 -0.001897458448506288 -0.013180252800221656
leaf_weight=1109.0314249228686 759.82003970444202 317.93646031618118 774.81183055043221 193.68074550107121 411.66819137334824 401.8726620413363 350.95577182620764 1763.8751685637981 8749.6809872053564 1335.8993604648858
leaf_count=3762 2122 1150 2641 681 1363 1209 1062 5905 31526 5506
internal_value=-0.000185049 0.00390463 -0.000800946 0.00571324 -0.00946607 0.0107824 -0.00106677 -0.00145195 -0.000275035 -0.00649249
internal_weight=16169.2 2859.79 1698.1 968.493 729.605 1161.69 13309.4 12958.5 10513.6 2444.93
internal_count=56927 9166 5835 3322 2513 3331 47761 46699 37431 9268
is_linear=0
shrinkage=0.0576939


Tree=127
num_leaves=11
num_cat=0
split_feature=18 17 45 14 8 20 23 29 43 43
split_gain=18.6671 21.248 18.7326 18.5659 21.7015 17.7915 42.4912 22.0328 18.1683 23.6071
threshold=0.67933452129364025 -37.504056930541985 -0.040540734305977814 6.8049147129058847 3.1459710597991948 0.046262580901384361 0.18300797790288928 0.020731312222778801 1.2052492499351504 0.60080680251121532
decision_type=2 2 2 2 2 2 2 2 2 2
left_child=5 2 -2 -3 -5 6 7 -1 9 -7
right_child=1 3 -4 4 -6 8 -8 -9 -10 -11
leaf_value=-0.0086987819549750722 -0.0195736820838237 0.013860687193535514 0.010274201047638048 -0.0053231822885702225 0.032589672123315552 -0.00020047746250501924 -0.050845746428214149 0.036006348180305355 -0.027270619423541906 0.021093199046190312
leaf_weight=295.82706234231591 176.46476191282272 899.05474465712905 109.32918196171522 392.40957362018526 53.093106001615524 13885.259922262281 72.876522097736597 37.299016693606973 76.977042837068439 171.05714928358793
leaf_count=2246 629 3173 436 1429 152 46985 333 259 505 864
internal_value=0.000217483 0.00606383 -0.00808256 0.00910683 -0.000470453 -0.000437933 -0.0122798 -0.00320911 -9.21633e-05 6.33462e-05
internal_weight=16169.6 1630.35 285.794 1344.56 445.503 14539.3 406.003 333.126 14133.3 14056.3
internal_count=57011 5819 1065 4754 1581 51192 2838 2505 48354 47849
is_linear=0
shrinkage=0.0576939


Tree=128
num_leaves=11
num_cat=0
split_feature=28 42 42 42 18 42 15 42 42 19
split_gain=19.8327 45.4749 60.2152 60.0129 46.0492 39.757 35.4526 31.2372 59.2903 48.3283
threshold=0.025394658558070663 0.066356312483549132 -0.08289236947894095 0.075987346470356001 -0.016809678636491295 -0.08289236947894095 0.49795378744602209 0.056986115872859962 0.062147695571184165 0.95253473520278942
decision_type=2 2 2 2 2 2 2 2 2 2
left_child=5 2 -2 6 -4 -1 -3 9 -9 -7
right_child=1 3 4 -5 -6 7 -8 8 -10 -11
leaf_value=0.036261338507043363 -0.042921725781910593 -0.0080260034652237921 0.022671870794426296 0.0020258557331549088 0.0029219221262977756 0.0023297590797546541 -0.043804597829018702 0.024407349488136918 -0.00087672516176633922 -0.011708114093171251
leaf_weight=87.527188427746296 62.765340194106102 235.44278699159622 787.49906957894564 2170.2840582728386 789.83264682814479 1304.1043827738613 152.38966931030154 316.47184872254729 8118.1595872230828 2160.1853968426585
leaf_count=299 197 797 2101 7682 2251 3766 487 1285 31651 6468
internal_value=-0.000320878 0.00308763 0.0105752 -0.00171267 0.0128347 -0.00151758 -0.0224869 -0.00181106 8.11409e-05 -0.00641988
internal_weight=16184.7 4198.21 1640.1 2558.12 1577.33 11986.4 387.832 11898.9 8434.63 3464.29
internal_count=56984 13515 4549 8966 4352 43469 1284 43170 32936 10234
is_linear=0
shrinkage=0.0576939


Tree=129
num_leaves=11
num_cat=0
split_feature=27 42 42 32 40 8 30 42 42 43
split_gain=14.1402 25.0094 49.3384 40.3553 34.0696 19.6543 17.3812 28.8216 18.3668 16.9251
threshold=-0.01553372200578451 -0.0095814047381281835 0.005827799905091525 -0.0052591562271118155 0.07247266918420793 0.28496888279914862 -0.1210462562739849 0.08092264831066133 0.045665176585316665 -0.16201481223106382
decision_type=2 2 2 2 2 2 2 2 2 2
left_child=1 3 4 -1 -3 -4 7 8 -2 -8
right_child=6 2 5 -5 -6 -7 9 -9 -10 -11
leaf_value=0.032823644363102158 -0.014024727117016354 0.016509658207936515 0.006556652880113774 -0.016255372607138364 -0.049287994794000541 -0.0044002318814709293 -0.02316321987579803 -0.029930045083011409 0.012418600036059699 -7.5717903171437385e-06
leaf_weight=206.90510118380189 175.24487015977502 32.331455044448376 2062.1275882683694 71.875569023191929 95.224133349955082 733.61975959688425 101.56584306806326 172.10718122124672 165.58245968818665 12343.901743449271
leaf_count=691 583 72 6739 222 231 2276 393 581 439 44818
internal_value=0.000207115 0.0036387 0.00203952 0.0200211 -0.0324172 0.00366973 -0.000639774 -0.0110024 -0.0011074 -0.000206816
internal_weight=16160.5 3202.08 2923.3 278.781 127.556 2795.75 12958.4 512.935 340.827 12445.5
internal_count=57045 10231 9318 913 303 9015 46814 1603 1022 45211
is_linear=0
shrinkage=0.0576939


Tree=130
num_leaves=11
num_cat=0
split_feature=42 42 44 30 20 21 26 42 22 21
split_gain=21.4579 42.9915 57.9921 32.7912 34.2926 29.92 28.7005 22.9866 25.2012 22.7029
threshold=0.091932572424411788 0.0995374731719494 0.18592541664838794 -0.11680120602250098 0.47804479300975805 0.53875809907913219 1.282130300998688 0.090590208768844618 0.36232587695121771 0.38705824315547949
decision_type=2 2 2 2 2 2 2 2 2 2
left_child=7 3 -3 4 -2 -5 -4 9 -9 -1
right_child=1 2 6 5 -6 -7 -8 8 -10 -11
leaf_value=0.0048110745367232486 -0.060865954131292546 -0.0041977542151713128 0.013305883512721143 0.001253834435623471 0.024879082183131816 -0.015649588079739544 -0.010331895643695811 0.028058751980082095 -0.0067327295561742211 -0.00078541282575768075
leaf_weight=4026.3910083416849 71.678868927061558 2872.6896348651499 1225.7836033329368 594.81845332868397 16.39068628847599 826.2691846601665 193.95252857729793 216.17252900451422 97.324585638940334 5992.610515171662
leaf_count=12984 221 12405 4901 1843 42 3258 854 692 299 19418
internal_value=0.000372625 -0.00243213 0.000509561 -0.0107934 -0.0441974 -0.00857407 0.0100362 0.00195037 0.0172319 0.00146219
internal_weight=16134.1 5801.58 4292.43 1509.16 88.0696 1421.09 1419.74 10332.5 313.497 10019
internal_count=56917 23524 18160 5364 263 5101 5755 33393 991 32402
is_linear=0
shrinkage=0.0576939


Tree=131
num_leaves=11
num_cat=0
split_feature=23 6 10 5 3 43 21 20 5 31
split_gain=17.9803 16.4618 16.542 30.0792 17.3762 15.8179 12.5547 14.168 11.0677 10.1425
threshold=0.11197355762124063 17.712141990661625 13.961739063262941 0.024180904030799869 -0.09525295719504355 -0.056818531826138489 0.35085292160511022 0.043525770306587226 0.010828629601746799 0.062791977077722563
decision_type=2 2 2 2 2 2 2 2 2 2
left_child=6 5 3 -3 -4 -2 7 8 -1 -8
right_child=1 2 4 -5 -6 -7 9 -9 -10 -11
leaf_value=-0.0079938930750848049 -0.061753291803982917 0.0034799852303097106 0.0041284570081993755 0.028799393041383434 -0.00093151440369363889 -0.0047731266093856963 -0.036380729091350747 -0.031405851354563169 0.073318879278756494 0.018781752588364016
leaf_weight=7.2556264102459016 22.753528147935867 1603.2635938916355 2815.5649671778083 169.45636764541268 11347.360618604347 45.102737262845039 88.814209474250674 10.737464435398577 9.079190541058777 9.1841580756008607
leaf_count=67 52 5392 7874 463 41356 157 1232 110 78 123
internal_value=0.000433091 0.000607776 0.000733781 0.00598075 7.35229e-05 -0.0268539 -0.0209731 0.0116867 0.0419331 -0.0303667
internal_weight=16128.6 16003.5 15935.6 1772.72 14162.9 67.8563 125.071 27.0723 16.3348 97.9984
internal_count=56904 55294 55085 5855 49230 209 1610 255 145 1355
is_linear=0
shrinkage=0.0576939


Tree=132
num_leaves=11
num_cat=0
split_feature=14 40 19 44 42 36 15 19 42 33
split_gain=28.3506 24.4618 18.4724 25.503 24.8364 16.6302 18.8967 15.8012 11.9535 14.185
threshold=-20.152231216430661 0.69119149446487438 0.97573941946029674 0.050277082249522216 0.13013862073421481 0.018012881278991703 -0.0063047918956726781 1.3923349380493166 -0.020812232047319409 0.038190400227904327
decision_type=2 2 2 2 2 2 2 2 2 2
left_child=8 2 4 -4 -2 6 -3 -7 -1 -10
right_child=1 5 3 -5 -6 7 -8 -9 9 -11
leaf_value=0.023213519694595355 0.0015793435648363099 0.0047457246245395353 -0.0042758991287229504 0.0021014145731427765 0.024893921562710385 0.015117100196085627 -0.05021380066969014 -0.025409447211571318 -0.033159323125023329 0.015541669125112314
leaf_weight=13.491483524441717 6069.6805905066431 61.973984658718109 5648.8992500156164 3299.2812261395156 151.82765517011285 663.90939351543784 25.944014687091112 29.262090642005205 145.42383815348148 19.522069342434406
leaf_count=53 21675 242 19331 11574 868 2382 108 93 559 63
internal_value=1.00022e-05 0.000270503 -0.000241795 -0.00192171 0.00216981 0.0101986 -0.0128177 0.0132183 -0.0225761 -0.026985
internal_weight=16129.2 15950.8 15169.7 8948.18 6221.51 781.089 87.918 693.171 178.437 164.946
internal_count=56948 56273 53448 30905 22543 2825 350 2475 675 622
is_linear=0
shrinkage=0.0576939


Tree=133
num_leaves=11
num_cat=0
split_feature=43 43 31 3 31 12 23 32 37 25
split_gain=17.9061 29.1847 18.0542 26.6557 23.328 13.5182 11.6939 10.3649 6.97416 6.29434
threshold=1.0171704888343813 0.60080680251121532 0.011793232057243587 0.041394634172320373 0.097875423729419722 87.020900726318374 0.94329762458801281 0.0054299940820783385 -0.01234932756051421 0.5199442207813264
decision_type=2 2 2 2 2 2 2 2 2 2
left_child=1 2 3 -1 -4 7 8 -3 -2 -10
right_child=6 5 4 -5 -6 -7 -8 -9 9 -11
leaf_value=-0.00070151959063535123 0.017978061448350714 0.013503909754698477 -0.0049422379899575321 0.0063415491603230258 0.0014482313024178316 -0.02051630203033715 0.028872413732818833 0.045498230171955922 0.0070257606348745642 -0.037082864871967165
leaf_weight=5434.6697899512947 6.5808426514267913 78.395341385155916 4553.1168788354844 2657.3595102466643 3251.1111867502332 16.61269405297935 9.302600681781767 68.667840542271733 9.6384737826883775 88.417037528008223
leaf_count=17546 31 389 17638 9695 10638 93 39 337 80 596
internal_value=-0.000208795 -4.23672e-05 -0.000296795 0.00161033 -0.0022774 0.0238689 -0.0225668 0.0295089 -0.0283666 -0.032375
internal_weight=16173.9 16059.9 15896.3 8092.03 7804.23 163.676 113.939 147.063 104.636 98.0555
internal_count=57082 56336 55517 27241 28276 819 746 726 707 676
is_linear=0
shrinkage=0.0576939


Tree=134
num_leaves=11
num_cat=0
split_feature=42 42 6 43 39 42 15 43 2 32
split_gain=21.6781 93.5576 53.3294 36.5947 38.1514 36.1736 28.7062 31.6848 28.1726 27.6943
threshold=-0.0053090152796357861 0.005827799905091525 66.614440917968764 0.22509806603193286 1.5000000000000002 -0.08289236947894095 1.3496283888816836 -0.0076891945209354154 -0.04176541976630687 0.0049162784125655898
decision_type=2 2 2 2 2 2 2 2 2 2
left_child=3 2 -2 6 5 -5 9 -8 -6 -1
right_child=1 -3 -4 4 8 -7 7 -9 -10 -11
leaf_value=0.009079610551238522 -0.044275064976482488 5.6432672395426573e-05 0.053914732030244064 0.039383576262480992 -0.085287647382972467 -0.030349175642982042 -0.0071765282911414093 0.039193288281146849 0.0030903741727942718 -0.01243575526317202
leaf_weight=1162.0454152524471 216.65309840068221 14094.46423228085 16.140726119279861 41.081047043204308 35.117119707167149 49.828568197786808 64.256679989397526 177.55699490010738 16.003768295049667 235.22136177867651
leaf_count=3195 765 51268 28 167 123 160 179 377 45 588
internal_value=0.000198784 -0.000546435 -0.0364776 0.00619452 -0.0214228 0.00125256 0.00865484 0.0268575 -0.0591062 0.00541108
internal_weight=16108.4 14327.3 232.794 1781.11 142.031 90.9096 1639.08 241.814 51.1209 1397.27
internal_count=56895 52061 793 4834 495 327 4339 556 168 3783
is_linear=0
shrinkage=0.0576939


Tree=135
num_leaves=11
num_cat=0
split_feature=33 42 44 43 43 42 23 42 3 16
split_gain=20.1848 29.2583 46.2538 41.2422 33.7214 84.1922 38.2513 28.3808 33.9402 37.3768
threshold=0.0015724946279078724 0.087676934897899642 -0.67780277132987965 -0.0060794509481638661 -0.014471894130110739 0.056986115872859962 0.17386326193809512 0.1183823272585869 -0.067810419946908937 -6.4943463802337638
decision_type=2 2 2 2 2 2 2 2 2 2
left_child=7 4 -3 -4 6 -6 -2 8 -1 -10
right_child=1 2 3 -5 5 -7 -8 -9 9 -11
leaf_value=0.00047647155443785941 -0.021578974390934196 -0.017914028783856416 0.0040923272689131675 -0.0092533277474578877 0.0001860009978378027 0.021206427411175201 0.0024744199197687458 0.014669852572841119 0.07079551894646309 -0.0085165627468395729
leaf_weight=3787.1921357996762 242.14738216996193 500.74880834296346 2953.8836043458432 1037.5972303673625 1432.8844729680568 1137.2198958937079 2041.7988510467112 310.41523062437773 15.474518917500971 2721.9976163487881
leaf_count=10705 1566 2199 11476 5190 4131 3985 6798 1683 32 9427
internal_value=0.000142181 0.0018859 -0.00146454 0.000610113 0.0049905 0.00951778 -0.000101095 -0.00223802 -0.00305584 -0.00794511
internal_weight=16181.4 9346.28 4492.23 3991.48 4854.05 2570.1 2283.95 6835.08 6524.66 2737.47
internal_count=57192 35345 18865 16666 16480 8116 8364 21847 20164 9459
is_linear=0
shrinkage=0.0576939


Tree=136
num_leaves=11
num_cat=0
split_feature=24 24 21 36 23 8 8 45 19 41
split_gain=19.4557 19.1519 29.2313 20.75 18.2069 16.3883 22.9975 13.1379 12.7973 32.6387
threshold=1.1309822201728823 0.9653301239013673 1.0315096378326418 0.072619318962097182 0.40497791767120367 -3.490095734596252 -1.0612038373947141 -0.012752398382872341 1.1245415210723879 0.7806544601917268
decision_type=2 2 2 2 2 2 2 2 2 2
left_child=1 2 4 -4 -1 7 -7 -3 -2 -10
right_child=8 5 3 -5 -6 6 -8 -9 9 -11
leaf_value=-0.0021875408181510135 0.005711477112848088 0.0027685477095362346 -0.025301189537512585 0.027571220239786358 0.0031859069915174355 -0.021790206655772932 -0.0040840916903723823 0.049915541831498579 0.0040822032226214581 -0.015016156653477976
leaf_weight=5110.0520401131362 3346.6901862304658 63.250565517693758 24.199053814634681 193.82817037776113 3555.2155385054648 277.4530487395823 1916.3840473853052 25.435396209359169 1225.7758325077593 388.45089527778327
leaf_count=20063 11957 187 173 613 10774 939 6892 77 4003 1308
internal_value=0.000672464 -0.000661436 0.000547743 0.0211983 1.45707e-05 -0.00537083 -0.00637467 0.0183021 0.00367794 -0.000525951
internal_weight=16126.7 11165.8 8883.29 218.027 8665.27 2282.52 2193.84 88.686 4960.92 1614.23
internal_count=56986 39718 31623 786 30837 8095 7831 264 17268 5311
is_linear=0
shrinkage=0.0576939


Tree=137
num_leaves=11
num_cat=0
split_feature=43 43 24 22 11 23 42 25 24 17
split_gain=16.7898 21.8643 16.2874 17.716 15.176 13.6036 7.12548 5.81402 5.90809 3.72452
threshold=1.0171704888343813 0.77516826987266552 1.2958306074142458 0.047973109409213073 98.483608245849624 0.90265980362892162 0.085214372724294676 1.7167214155197146 0.51701754331588756 -37.504056930541985
decision_type=2 2 2 2 2 2 2 2 2 2
left_child=1 2 3 -1 -4 7 -3 8 -2 -8
right_child=5 6 4 -5 -6 -7 9 -9 -10 -11
leaf_value=-0.032986953240927305 0.0083578607669439354 -0.0029442661041749903 0.0042683655608107031 -0.00080141073367671889 -0.019119897709585703 0.027757265344261157 0 0.0059442050491517878 -0.038814481209523431 0.040828433457983086
leaf_weight=52.808863509446383 7.3186365962028495 17.471161127090454 3213.9388541765511 12639.493013164029 90.394251227378845 12.006182327866552 9.2539342455565912 11.136344142258165 79.063544668257236 61.006714275106788
leaf_count=389 80 84 11050 44186 355 53 60 61 542 340
internal_value=-2.57716e-06 0.000152102 -7.68682e-06 -0.000948843 0.0035959 -0.0220721 0.0281732 -0.029403 -0.0343164 0.0359781
internal_weight=16193.9 16084.4 15996.6 12692.3 3304.33 109.525 87.7318 97.5185 86.3822 70.2606
internal_count=57200 56464 55980 44575 11405 736 484 683 622 400
is_linear=0
shrinkage=0.0576939


Tree=138
num_leaves=11
num_cat=0
split_feature=41 22 42 33 43 28 42 42 41 0
split_gain=15.4786 18.6882 23.9194 23.734 18.574 18.1766 52.1647 54.2099 35.0379 21.7397
threshold=0.051482802256941802 0.39386042952537542 0.12807162106037143 0.0029418937629088764 -0.015944119542837139 -0.03410717844963073 -0.020812232047319409 0.005827799905091525 0.7806544601917268 0.025191695429384712
decision_type=2 2 2 2 2 2 2 2 2 2
left_child=1 3 -3 -1 -5 6 8 -8 -2 -7
right_child=5 2 -4 4 -6 9 7 -9 -10 -11
leaf_value=0.00049442873615648201 0.043883164837358497 0.00066188170369203424 -0.055734136523483642 0.01034014743988854 0.037596810421050113 -0.0028237613766618776 -0.030105245156685105 0.0042648446534761259 -0.026423782002401572 0.0025990377322048694
leaf_weight=289.45849551074207 153.71266184002161 377.99488265439868 22.318119868636131 191.7489503081888 154.84101804532111 9500.6878351476043 161.13335075601935 1959.4398488216102 24.202328607439995 3311.8312706425786
leaf_count=1019 507 1203 96 779 596 35553 450 6109 92 10682
internal_value=-0.000100134 0.00670333 -0.00299254 0.0128251 0.0229125 -0.0005703 0.00414618 0.0015836 0.033766 -0.00141959
internal_weight=16147.4 1036.36 400.313 636.048 346.59 15111 2298.49 2120.57 177.915 12812.5
internal_count=57086 3693 1299 2394 1375 53393 7158 6559 599 46235
is_linear=0
shrinkage=0.0576939


Tree=139
num_leaves=11
num_cat=0
split_feature=43 45 19 3 2 42 28 29 26 44
split_gain=14.4266 24.4401 14.0873 27.1637 34.4966 19.9177 28.85 22.644 18.0958 13.4366
threshold=-0.16201481223106382 -0.067082758992910371 1.2416304945945742 -0.16152513772249219 -0.1128173917531967 -0.061754960566759103 0.043655378744006164 0.040947966277599342 1.7138693928718569 0.34287290275096899
decision_type=2 2 2 2 2 2 2 2 2 2
left_child=1 -1 5 8 -5 6 -2 -7 -4 -3
right_child=2 9 3 4 -6 7 -8 -9 -10 -11
leaf_value=0.046018915024600204 0.042244500889660426 -0.037201363986528797 -0.036728826688134805 0.028910643801116902 -0.0039519264677502323 -0.00051879395251395273 -0.021758148844314332 0.0052748534125422698 0.0056445951111915279 0.014730747386958737
leaf_weight=12.449805557727812 80.231263153254986 91.834786370396614 125.87240726873279 107.79575974494219 1987.834085278213 10809.186416972429 28.647640436887741 2827.929003868252 42.372416257858276 16.731367751955986
leaf_count=33 308 387 395 329 6099 39936 96 9133 142 49
internal_value=3.36976e-05 -0.0194536 0.000187973 -0.00402247 -0.00219167 0.000884385 0.0249808 0.000682033 -0.026034 -0.0287023
internal_weight=16130.9 121.016 16009.9 2263.87 2095.63 13746 108.879 13637.1 168.245 108.566
internal_count=56907 469 56438 6965 6428 49473 404 49069 537 436
is_linear=0
shrinkage=0.0576939


Tree=140
num_leaves=11
num_cat=0
split_feature=7 29 24 8 7 27 30 29 22 19
split_gain=16.5533 21.0844 19.2331 16.3309 25.9305 18.1795 10.6747 10.3592 7.57658 6.99651
threshold=-14.306577205657957 -0.024825406260788437 0.24761479347944262 0.29405921697616583 7.7361392974853525 -0.020057192072272297 -0.11680120602250098 0.043208122253417976 0.15602891892194751 1.3569475412368777
decision_type=2 2 2 2 2 2 2 2 2 2
left_child=1 6 7 5 -5 -4 -1 8 -2 -8
right_child=2 -3 3 4 -6 -7 9 -9 -10 -11
leaf_value=0.00095097848902342354 0 0.0099566774211387946 0.0068291423293205117 -0.0032428657264560144 0.015683469276050514 0.00040743065688271827 -0.058731562825056843 0.011965576761730011 -0.056446992662123344 -0.0060297488847855969
leaf_weight=16.568321742117405 10.739006470888851 43.513635128736496 1765.5337877720594 5278.3551674764603 247.73944675549865 8652.8524832464755 47.458392828702927 11.05125369876623 33.592934794723988 12.674561299383639
leaf_count=57 43 158 5589 18391 740 31613 188 32 154 42
internal_value=-0.000131088 -0.0210753 3.04209e-05 0.000154509 -0.00237777 0.00150063 -0.0385862 -0.0326231 -0.0443536 -0.0492046
internal_weight=16120.1 120.215 15999.9 15944.5 5526.09 10418.4 76.7013 55.3832 44.3319 60.133
internal_count=57007 445 56562 56333 19131 37202 287 229 197 230
is_linear=0
shrinkage=0.0576939


Tree=141
num_leaves=11
num_cat=0
split_feature=10 20 3 42 42 22 43 42 19 36
split_gain=18.0914 28.2021 25.7514 46.9129 37.2045 31.3042 28.4088 24.3622 16.9428 36.6362
threshold=25.197830200195316 0.056554850190877921 0.091071434319019332 0.13557607680559161 0.1100582852959633 0.27867645025253301 -0.037889083847403519 0.10928632318973543 1.2416304945945742 -0.025872692465782162
decision_type=2 2 2 2 2 2 2 2 2 2
left_child=2 -2 3 5 7 -1 -5 -4 9 -3
right_child=1 8 4 6 -6 -7 -8 -9 -10 -11
leaf_value=-0.005794467372800878 -0.023519761102093677 0.040234244785673882 0.0069128582731765725 0.06632952870298596 -0.0088887076247891033 0.002387864178903762 -0.0048955976631641328 0.042430372877404123 -0.0077432499770398603 -0.001174028053602624
leaf_weight=3103.43131329678 209.45837375707924 67.764713667333126 2755.8902328908443 50.133993249386549 524.97980553284287 3108.5628972873092 26.44368252158165 61.948700290173292 1408.6041028872132 4722.1113238111138
leaf_count=12320 1541 195 8901 252 2552 9392 157 144 4492 16898
internal_value=-0.000531761 -0.00290731 0.00104662 -0.00112521 0.00513624 -0.00169692 0.0424867 0.0077683 -0.00219026 -0.000546132
internal_weight=16039.3 6407.94 9631.39 6288.57 3342.82 6211.99 76.5777 2817.84 6198.48 4789.88
internal_count=56844 23126 33718 22121 11597 21712 409 9045 21585 17093
is_linear=0
shrinkage=0.0576939


Tree=142
num_leaves=11
num_cat=0
split_feature=40 3 5 21 42 5 42 23 44 15
split_gain=17.3654 14.6249 33.1977 30.4417 26.3928 18.7231 40.8101 35.0581 13.9179 25.4515
threshold=0.69119149446487438 0.091071434319019332 0.021450752392411235 0.28723147511482244 0.135615348815918 0.023828547447919849 0.13557607680559161 0.55315211415290844 -0.6574459671974181 0.34319654107093817
decision_type=2 2 2 2 2 2 2 2 2 2
left_child=1 5 3 -3 -4 6 -1 -7 9 -2
right_child=8 2 4 -5 -6 7 -8 -9 -10 -11
leaf_value=-0.0030542530926619071 0.0060743733899077182 0.027782635163894516 -4.3714189092133385e-05 0.0055675294902615604 -0.033695609813444299 0.012918602268134913 0.032982891460765232 -0.016902456937115264 0.011277417220556236 -0.055314183248398881
leaf_weight=8385.7757336962968 77.916878830641508 242.87824535742402 4438.8151465728879 1267.9097521435469 74.560461953282356 622.2844693493098 101.4090523365885 161.27078103274107 696.93888205476105 26.470206413418055
leaf_count=29119 291 799 15856 4916 475 2018 547 529 2499 96
internal_value=5.96285e-05 -0.000373512 0.00183668 0.00922692 -0.000637912 -0.00181272 -0.00260361 0.0066871 0.00831618 -0.010868
internal_weight=16096.2 15294.9 6024.16 1510.79 4513.38 9270.74 8487.18 783.555 801.326 104.387
internal_count=57145 54259 22046 5715 16331 32213 29666 2547 2886 387
is_linear=0
shrinkage=0.0576939


Tree=143
num_leaves=11
num_cat=0
split_feature=7 4 18 27 42 8 16 3 32 12
split_gain=20.5133 18.0624 20.956 20.7235 17.2355 15.7546 31.4795 24.7961 22.9852 21.8081
threshold=7.7361392974853525 -0.023668909445405003 0.21210563182830813 0.021661877632141117 -0.038799120113253587 0.28496888279914862 -5.0865483283996573 -0.35215373337268824 0.029812624678015712 86.489646911621108
decision_type=2 2 2 2 2 2 2 2 2 2
left_child=5 2 4 -3 -2 8 7 -7 9 -1
right_child=1 3 -4 -5 -6 6 -8 -9 -10 -11
leaf_value=0.0008361396662430004 -0.032468552016759959 -0.01930613190566572 -0.035018173977485537 0.017787693389968526 0.025485850067891506 -0.028567905948349265 -0.0036892108989699307 0.030991226309397185 0.012909470017745485 -0.014593157115628794
leaf_weight=9184.3704126346856 18.992612510919571 51.24287180416286 55.111339543014765 510.73107546567917 58.335141628980637 23.686087466776371 5238.5015873350203 139.7526618950069 504.65683383122087 310.88506124727428
leaf_count=32848 54 290 167 1584 150 68 18255 385 1579 1566
internal_value=4.76462e-05 0.00971685 -0.00910189 0.0142346 0.00994354 -0.000389266 -0.00289975 0.0216778 0.000964954 0.000321643
internal_weight=16096.3 694.413 132.439 561.974 77.3278 15401.9 5401.94 163.439 9999.91 9495.26
internal_count=56946 2245 371 1874 204 54701 18708 453 35993 34414
is_linear=0
shrinkage=0.0576939


Tree=144
num_leaves=11
num_cat=0
split_feature=22 14 18 28 43 18 15 13 4 40
split_gain=17.8751 15.2884 32.0075 20.8176 20.6753 19.2806 9.36555 2.06037 1.06146 0.406751
threshold=0.040169756859540946 -17.529376983642575 -0.5104578137397765 -0.13266213238239286 0.048151057213544853 -0.42677484452724451 -0.99131548404693592 7.0377495288848886 -0.00043615145841613406 0.19019006192684176
decision_type=2 2 2 2 2 2 2 2 2 2
left_child=7 2 9 6 -4 -5 -3 8 -1 -2
right_child=1 3 4 5 -6 -7 -8 -9 -10 -11
leaf_value=-0.0086743871305723797 0.046162122946826679 0.040598642779384672 -0.027593944076906279 -0.0040385513780978348 0.0090406345739762837 0.0011379420600031453 0.0076809086597600532 -0.0038793868633603466 -0.056789391580257337 0.018226566968671944
leaf_weight=5.081573920324451 17.494237821549177 54.952105954289436 214.2188904248178 2945.8302691392601 63.332382243126631 12712.55797133036 65.519720148295164 6.0351792853325597 16.927975703030825 16.900972358882427
leaf_count=31 57 168 787 10612 253 44612 258 39 160 57
internal_value=9.21116e-06 9.71057e-05 -0.0124581 0.000350407 -0.0191308 0.000161542 0.0238126 -0.0427523 -0.0499851 0.0367539
internal_weight=16118.9 16090.8 311.946 15778.9 277.551 15658.4 120.472 28.0447 22.0095 34.3952
internal_count=57034 56804 1154 55650 1040 55224 426 230 191 114
is_linear=0
shrinkage=0.0576939


Tree=145
num_leaves=11
num_cat=0
split_feature=22 39 42 42 42 42 42 33 24 45
split_gain=16.1451 16.5604 24.2425 47.2861 27.2908 17.0854 53.8149 40.4825 14.1348 1.01704
threshold=0.047973109409213073 1.0000000180025095e-35 -0.016002396121621128 -0.025186691433191296 0.017569032497704033 -0.011787421535700558 -0.0053090152796357861 -0.001479073194786906 1.1764249801635744 0.02146201673895121
decision_type=2 2 2 2 2 2 2 2 2 2
left_child=8 5 3 -3 -4 7 -7 -2 9 -1
right_child=1 2 4 -5 -6 6 -8 -9 -10 -11
leaf_value=-0.046828547186767003 -0.026523354687379687 -0.0021689261333701481 -0.010178163028466483 0.025101820628354171 -0.00035595423709294062 0.048157599308479598 0.004066176650752833 0.015528778590895338 0.021945250041061293 -0.0086326194765211136
leaf_weight=38.816289694979787 175.05614107847214 525.01276098191738 1025.3035095073283 347.7081209756434 11093.031451674178 91.197594866156578 2704.0917412266135 127.78396673500538 10.797358486801384 6.7424277998507014
leaf_count=321 551 1622 2935 985 40391 166 9677 342 78 41
internal_value=0.000268179 0.000381805 -0.000520664 0.00873817 -0.00119256 0.00416983 0.0055879 -0.0087259 -0.0294051 -0.0429655
internal_weight=16145.5 16089.2 12991.1 872.721 12118.3 3098.13 2795.29 302.84 56.3561 45.5587
internal_count=57109 56669 45933 2607 43326 10736 9843 893 440 362
is_linear=0
shrinkage=0.0576939


Tree=146
num_leaves=11
num_cat=0
split_feature=33 42 10 42 42 42 45 10 23 42
split_gain=13.7223 32.1796 21.7692 21.578 25.4597 45.5707 29.1716 21.5189 19.0953 18.4594
threshold=0.018788285553455356 0.135615348815918 15.863632202148439 0.13557607680559161 0.1100582852959633 0.10928632318973543 0.015815045684576038 21.192735671997074 0.25633469223976141 0.10881562158465387
decision_type=2 2 2 2 2 2 2 2 2 2
left_child=3 2 9 4 5 -1 -6 8 -5 -2
right_child=1 -3 -4 7 6 -7 -8 -9 -10 -11
leaf_value=-0.00098550521325691735 0.024885637336384072 -0.037769720183928428 0.0022861947613835227 0.059420738663657414 -0.014966978808480412 0.029869177827340877 0.0044108532831054741 -0.0040730054345238425 0.0058700968129319527 -0.011425309059845824
leaf_weight=11196.745695013553 251.7681615203619 58.614650592207909 2957.015882641077 50.986349301412702 871.25238537602127 157.17560642212629 361.95138463377953 70.913676239550114 40.682982549071312 53.131733253598213
leaf_count=37827 687 351 9967 288 4737 377 1745 471 207 226
internal_value=-0.000266988 0.00303195 0.00382335 -0.00112897 -0.00140379 -0.000544593 -0.00926286 0.0194634 0.0372928 0.0184004
internal_weight=16070.2 3320.53 3261.92 12749.7 12587.1 11353.9 1233.2 162.583 91.6693 304.9
internal_count=56883 11231 10880 45652 44686 38204 6482 966 495 913
is_linear=0
shrinkage=0.0576939


Tree=147
num_leaves=11
num_cat=0
split_feature=23 5 31 15 42 33 27 17 33 42
split_gain=18.1508 15.8579 32.9486 31.2697 25.0823 53.2372 30.2922 19.0863 11.9419 8.49417
threshold=0.10445027425885202 0.0081214383244514483 0.010131927672773601 -0.25209091603755945 -0.0095814047381281835 -0.0036394327180460091 0.021661877632141117 32.35742378234864 0.0065238266251981267 0.11164451017975809
decision_type=2 2 2 2 2 2 2 2 2 2
left_child=8 4 3 -3 5 -2 -6 -4 9 -1
right_child=1 2 7 -5 6 -7 -8 -9 -10 -11
leaf_value=-0.018348026105046194 -0.0033637575155105598 -0.000847740377745413 -0.0014541882980652759 0.013492532568134897 -0.0048026533126780254 0.020733792977923542 0.0059993767608489982 0.010038523260664005 -0.039597750722167119 0.045203760323942008
leaf_weight=11.950944276526572 821.01225895434618 817.28484684601426 5286.1338049750775 1308.9815798532218 5793.5920097790658 479.05171816051006 1009.6010168604553 524.47635093331337 58.326506344601512 7.7145645413547745
leaf_count=185 2485 2802 19536 4611 20242 1384 3055 1833 841 91
internal_value=-0.00013091 6.21374e-06 0.00184029 0.00797786 -0.00178699 0.00553589 -0.00319291 -0.000405473 -0.0271366 0.00921808
internal_weight=16118.1 16040.1 7936.88 2126.27 8103.26 1300.06 6803.19 5810.61 77.992 19.6655
internal_count=57065 55948 28782 7413 27166 3869 23297 21369 1117 276
is_linear=0
shrinkage=0.0576939


Tree=148
num_leaves=11
num_cat=0
split_feature=24 43 42 42 28 43 2 42 8 25
split_gain=13.6728 31.2341 31.521 40.7229 32.5848 29.4072 38.8234 37.1515 14.2938 32.1942
threshold=0.81192418932914745 0.033689953386783607 0.067616384476423277 0.071002852171659483 0.028796682134270671 0.041094830259680755 -0.032509643584489815 0.04004438407719136 1.003777861595154 0.60639074444770824
decision_type=2 2 2 2 2 2 2 2 2 2
left_child=1 2 4 -4 -1 6 -3 -7 -2 -10
right_child=8 5 3 -5 -6 7 -8 -9 9 -11
leaf_value=0.001996312578165578 0.0024070929753095471 0.00094359977850915226 -0.036432068161163254 -0.0017728233650211405 0.020989227222515325 -0.017255065535459059 -0.055725658530926953 0.002329352057463967 -0.032837833774672774 -0.0012338037045315526
leaf_weight=1169.794721821323 8319.1741359885782 66.84862431883812 113.02390214987099 2984.6715793441981 402.61043145135045 577.79295137524605 92.85789081454277 716.08079842105508 111.44231536239386 1489.4547428842634
leaf_count=3834 29385 186 429 11562 1101 1710 429 2931 400 4918
internal_value=0.000119811 -0.00202121 0.000274504 -0.00309605 0.0069213 -0.00939339 -0.0324598 -0.00642508 0.00144443 -0.00353465
internal_weight=16043.8 6123.68 4670.1 3097.7 1572.41 1453.58 159.707 1293.87 9920.07 1600.9
internal_count=56885 22182 16926 11991 4935 5256 615 4641 34703 5318
is_linear=0
shrinkage=0.0576939


Tree=149
num_leaves=11
num_cat=0
split_feature=22 16 22 41 28 43 5 45 42 42
split_gain=17.0159 12.9554 14.713 12.7074 17.1056 13.3255 6.14328 7.76675 5.65467 1.45371
threshold=0.047973109409213073 7.8830962181091317 0.73997461795806896 0.051482802256941802 -0.13266213238239286 0.069095928221941008 0.0037004372570663695 0.02146201673895121 0.094683259725570693 0.077210549265146269
decision_type=2 2 2 2 2 2 2 2 2 2
left_child=6 3 8 5 -5 -2 -1 -8 -3 -4
right_child=1 2 9 4 -6 -7 7 -9 -10 -11
leaf_value=0.0016321293293875465 0.0037499169231298064 0.022917061708589769 -0.069453999651538798 0.018377111013192289 -0.00025087822852642446 0.022143991889414422 -0.04986355653837888 0.0087015329308439485 -0.019870857158151831 -0.0261110181151245
leaf_weight=13.651797939091919 880.42275668680668 16.697723560035229 12.373616375029089 161.48749388754368 14821.415463896468 151.63983260840178 36.282143492251635 6.9047899208962908 15.424958921968935 17.086393274366856
leaf_count=83 3171 50 42 577 52113 524 330 40 65 68
internal_value=0.000158816 0.000276007 -0.0252254 0.000382648 -4.29856e-05 0.00656086 -0.0301851 -0.0400106 0.00173478 -0.0517835
internal_weight=16133.4 16076.5 61.5827 16015 14982.9 1032.06 56.8387 43.1869 32.1227 29.46
internal_count=57063 56610 225 56385 52690 3695 453 370 115 110
is_linear=0
shrinkage=0.0576939


Tree=150
num_leaves=11
num_cat=0
split_feature=43 42 42 6 37 28 42 36 43 43
split_gain=12.6408 64.5511 65.4871 63.7608 63.6219 30.6994 28.1023 22.2427 47.285 44.4438
threshold=0.10862353071570398 0.035477923229336746 0.0085577843710780161 63.050630569458015 0.044061379507184036 -0.04381230100989341 0.063877906650304808 0.051677260547876365 0.081745933741331114 0.072325497865676894
decision_type=2 2 2 2 2 2 2 2 2 2
left_child=7 2 5 -4 -3 -2 -6 8 9 -1
right_child=1 4 3 -5 6 -7 -8 -9 -10 -11
leaf_value=-0.0035043021934564609 0.024187857132127212 -0.00484802504169363 -0.043112029455675216 0.057077864252909706 0.055410441820287953 -0.0034818321951381927 0.021676742104300296 0.0011681376210601164 -0.025998080931324795 0.021269782065443488
leaf_weight=4533.4056275896728 169.15491195768118 275.85364170745015 195.76347018033266 19.588539756834507 107.88007197529078 570.32971355319023 380.35801221802831 9316.651294387877 290.71609618142247 249.95741247758269
leaf_count=17639 567 1645 541 30 342 1475 1643 31216 1204 733
internal_value=5.37643e-05 0.00472476 -0.00525018 -0.0329134 0.0171824 0.00291851 0.0296145 -0.000503631 -0.00357672 -0.00218577
internal_weight=16109.7 1718.93 954.837 215.352 764.092 739.485 488.238 14390.7 5074.08 4783.36
internal_count=57035 6243 2613 571 3630 2042 1985 50792 19576 18372
is_linear=0
shrinkage=0.0576939


Tree=151
num_leaves=11
num_cat=0
split_feature=7 4 19 26 2 42 26 43 43 10
split_gain=17.9619 26.8843 16.9574 31.1348 47.0438 27.2199 25.5272 85.7888 24.4999 13.1292
threshold=9.1026964187622088 -0.027342036366462704 1.0537856221199038 0.85670650005340587 -0.1128173917531967 0.10831885784864427 0.62328869104385387 -0.080255176872014986 -0.075189184397459016 34.670480728149421
decision_type=2 2 2 2 2 2 2 2 2 2
left_child=2 -2 6 4 -4 -5 7 -1 -8 -3
right_child=1 9 3 5 -6 -7 8 -9 -10 -11
leaf_value=0.036641589579415518 -0.020090910592907105 0.01427435457985197 0.03869325356949152 0.0018941229408963971 -0.01093709864683033 -0.010279472382848371 -0.0052606586611935197 -0.0065048335520916231 0.0021929331512395788 0.052374733810152556
leaf_weight=271.72123852744699 68.821042910218239 321.94510579109192 61.598676539957523 3897.4943555537611 1674.7160309664905 720.53717684745789 1872.4167806319892 340.76490601338446 6721.5309512875974 30.760898727923632
leaf_count=775 198 1042 175 12165 5595 3257 7027 1462 24929 87
internal_value=0.000119316 0.0118089 -0.000198926 -0.00249192 -0.00906741 -7.63372e-06 0.0013813 0.0127195 0.00056405 0.0182786
internal_weight=15982.3 421.527 15560.8 6354.35 1736.31 4618.03 9206.43 612.486 8593.95 352.706
internal_count=56712 1327 55385 21192 5770 15422 34193 2237 31956 1129
is_linear=0
shrinkage=0.0576939


Tree=152
num_leaves=11
num_cat=0
split_feature=8 23 10 42 23 30 42 23 26 42
split_gain=14.9009 21.1959 19.3316 26.6432 24.0975 16.5511 37.6573 33.5053 22.8393 38.2269
threshold=0.70531931519508373 0.16598767787218097 17.208421707153324 0.024591973982751373 0.86512914299964916 -0.098288837820291505 0.081596355885267272 0.35842396318912512 1.0866504311561587 -0.067697562277317033
decision_type=2 2 2 2 2 2 2 2 2 2
left_child=5 -2 3 -3 -4 6 -1 -8 -7 -10
right_child=1 2 4 -5 -6 8 7 -9 9 -11
leaf_value=0.0022607831976273239 -0.023824179571830122 0.027933408598115356 -0.0058776365185196824 0.00018991741392406387 0.012297346710374314 0.00010274875400913597 0.027183125800930356 -0.022326472533974732 -0.041933902985860388 0.0064964211775678507
leaf_weight=898.37582773342729 152.60915780253708 149.0820489525795 2554.4780372902751 469.99744798988104 263.32741547375917 7590.4117328897119 46.348428681492805 450.11704174429178 50.620410829782486 3450.8402476981282
leaf_count=2777 1095 386 8273 1490 799 27794 138 1542 166 12529
internal_value=0.000194862 -0.00307695 -0.00211863 0.00706383 -0.00415325 0.00113825 -0.00477009 -0.0174527 0.00188522 0.00573673
internal_weight=16076.2 3589.49 3436.88 619.079 2817.81 12486.7 1394.84 496.465 11091.9 3501.46
internal_count=56989 12043 10948 1876 9072 44946 4457 1680 40489 12695
is_linear=0
shrinkage=0.0576939


Tree=153
num_leaves=10
num_cat=0
split_feature=10 19 4 19 19 42 7 42 27
split_gain=15.8732 15.1401 14.5825 17.2095 14.9436 9.46345 8.04241 5.81685 1.81867
threshold=61.029125213623054 0.4401098787784577 0.057489227503538139 1.2416304945945742 1.4066627621650698 0.079226326197385802 -0.11466992646455763 0.088312882930040373 0.0076716486364603051
decision_type=2 2 2 2 2 2 2 2 2
left_child=1 7 3 -3 -4 -2 -7 -1 -8
right_child=5 2 4 -5 -6 6 8 -9 -10
leaf_value=0.055828327726823383 0.0095790637350738374 0.00053390014569797085 0.015162246839444249 -0.0053467909751434839 -0.0034462620294237029 -0.00064419221443512713 -0.065845845026834243 0.0091042370359373185 -0.022202610732417999
leaf_weight=17.480040587484837 14.401420745998619 13497.855530129746 411.36553026363254 1883.2516601718962 214.23124369978905 14.395640194416044 19.953717451542616 21.119104832410812 13.759690120816229
leaf_count=55 39 48951 1278 5798 697 59 72 86 53
internal_value=0.000139962 0.000258472 0.00016491 -0.000185753 0.00876881 -0.0278932 -0.0394719 0.0344397 -0.0533648
internal_weight=16107.8 16045.3 16006.7 15381.1 625.597 62.5105 48.109 38.5991 33.7134
internal_count=57088 56865 56724 54749 1975 223 184 141 125
is_linear=0
shrinkage=0.0576939


Tree=154
num_leaves=11
num_cat=0
split_feature=6 2 42 42 2 10 42 16 36 33
split_gain=16.7219 27.7377 37.9393 32.5841 26.0795 29.5987 22.1653 25.0099 21.9 35.7528
threshold=58.099363327026374 0.066393528133630766 0.031857682392001159 -0.023906053043901917 0.033360775560140617 29.897371292114261 0.1182958520948887 -5.7475061416625968 0.049112355336546905 0.0021756662754341964
decision_type=2 2 2 2 2 2 2 2 2 2
left_child=4 6 3 -3 8 -6 7 -2 9 -1
right_child=1 2 -4 -5 5 -7 -8 -9 -10 -11
leaf_value=-0.0070013482718916629 0.058253235182267396 -0.026815066324755835 -0.0024500442051670025 0.020807468600541897 0.012413447225118817 -0.0069339579005972037 0.010977973356467262 -0.011982389041127446 0.0028981736298639479 0.0026267962180949638
leaf_weight=2866.9984517730772 12.631480410695074 49.829855136573315 2974.6833098661155 406.38342109322548 1152.4149279333651 335.68525259941816 161.10443602316082 1523.7205189540982 4218.5099845975637 2313.5042569097131
leaf_count=9819 32 133 10648 1005 3586 1266 1302 6812 13177 9114
internal_value=-0.000338811 -0.00305482 -5.99414e-05 0.0153413 0.000938872 0.00802387 -0.00907674 -0.0112222 -0.00018332 -0.00269799
internal_weight=16015.5 5128.35 3430.9 456.213 10887.1 1488.1 1697.46 1536.35 9399.01 5180.5
internal_count=56894 19932 11786 1138 36962 4852 8146 6844 32110 18933
is_linear=0
shrinkage=0.0576939


Tree=155
num_leaves=11
num_cat=0
split_feature=42 42 0 43 43 42 6 43 43 41
split_gain=16.6064 37.8807 66.4962 41.7924 39.4202 34.8945 28.9874 26.8426 37.4851 23.0042
threshold=-0.0095814047381281835 0.005827799905091525 0.011247495654970409 0.061040988191962249 -0.065743725746870027 -0.010684805456548927 53.870225906372077 0.22509806603193286 0.020110435783863071 0.28905339539051061
decision_type=2 2 2 2 2 2 2 2 2 2
left_child=5 2 3 -2 -4 7 -7 8 -1 -9
right_child=1 -3 4 -5 -6 6 -8 9 -10 -11
leaf_value=-0.0050230015147338519 -0.0079065968950421273 2.5288211974605206e-05 -0.050441550012147056 -0.051245123913175768 0.025269133415106237 0.050302695859815831 -0.020500987126857401 0.021714039075344416 0.015101587404256277 -0.033001475320651445
leaf_weight=556.91666889935732 135.87717611715198 14020.810373252258 22.919737614691257 168.13930755667388 136.55559559911489 89.881702959537506 20.966388195753098 29.301655128598213 676.53648144379258 105.98472021520138
leaf_count=1698 370 51268 121 452 228 191 48 112 1899 368
internal_value=8.19676e-05 -0.000511752 -0.0166601 -0.0323518 0.0131597 0.00589601 0.03641 0.00329633 0.00600847 -0.0206504
internal_weight=15963.9 14484.3 463.492 304.016 159.475 1479.59 110.848 1368.74 1233.45 135.286
internal_count=56755 52439 1171 822 349 4316 239 4077 3597 480
is_linear=0
shrinkage=0.0576939


Tree=156
num_leaves=11
num_cat=0
split_feature=7 26 9 42 4 33 33 25 43 43
split_gain=20.1691 21.5584 21.626 25.8698 20.0919 19.4767 20.4897 17.3416 24.0933 30.473
threshold=0.39224264025688177 0.48716522753238684 -0.1300556808710098 -0.038799120113253587 -0.035027287900447839 0.01094316551461816 -0.0054387892596423617 1.1005899906158449 -0.062436239793896668 -0.053409283980727189
decision_type=2 2 2 2 2 2 2 2 2 2
left_child=1 5 3 -3 -4 6 -1 8 -2 -10
right_child=7 2 4 -5 -6 -7 -8 -9 9 -11
leaf_value=0.031369555850627839 -0.0075077043130440564 0.031593438362515498 -0.0052656163596599744 -0.0026985651000826657 0.0055285063700706277 0.051058164048779338 -0.022037592621272202 -0.0055486038355291745 0.019348341358129656 0.0006466239434063843
leaf_weight=46.643607251346111 1072.9453991726041 70.329864740371704 661.28769219666719 3407.8404296059161 4099.3221304509789 50.848217979073524 40.345744725316763 3089.4927763938904 314.96977929025888 3198.2232581134886
leaf_count=123 3891 266 2045 11684 15035 162 149 11119 1125 11316
internal_value=-7.34293e-05 0.00188202 0.00149329 -0.00195837 0.00402011 0.0241633 0.00644459 -0.00221074 3.53116e-05 0.00235299
internal_weight=16052.2 8376.62 8238.78 3478.17 4760.61 137.838 86.9894 7675.63 4586.14 3513.19
internal_count=56915 29464 29030 11950 17080 434 272 27451 16332 12441
is_linear=0
shrinkage=0.0576939


Tree=157
num_leaves=11
num_cat=0
split_feature=33 31 44 19 42 42 2 5 0 33
split_gain=15.51 26.0021 45.9843 27.7623 35.378 27.2989 26.5147 23.9613 40.0078 32.2293
threshold=0.0017091309418901803 0.010131927672773601 -0.1294620484113693 1.0086782574653628 -0.0095814047381281835 0.031857682392001159 0.045578662306070335 0.042507987469434745 0.038633393123745925 -0.034193105995655053
decision_type=2 2 2 2 2 2 2 2 2 2
left_child=7 3 5 -2 -5 -3 -4 -1 9 -9
right_child=1 2 6 4 -6 -7 -8 8 -10 -11
leaf_value=-0.0027855346199464133 0.011780378462450641 0.0092369443061339415 -0.0052620033740084964 0.025294963280020729 -0.0010409335598471556 -0.0082925777007931082 0.0072676061844817678 -0.023871915776580249 -0.027885520971340293 0.04435970599516649
leaf_weight=6627.5740094147623 1360.2325253691524 330.42573280446231 748.36886277608573 181.35228554159403 1956.4437304120511 2488.7595790736377 2201.8150031194091 24.714283317327499 44.557302750647068 121.0961525477469
leaf_count=21376 5285 917 3301 540 7012 10170 7951 66 144 313
internal_value=-0.000108257 0.00142639 -0.000949603 0.00534891 0.00122858 -0.00621746 0.00407724 -0.00219767 0.0177321 0.0322576
internal_weight=16085.3 9267.4 5769.37 3498.03 2137.8 2819.19 2950.18 6817.94 190.368 145.81
internal_count=57075 35176 22339 12837 7552 11087 11252 21899 523 379
is_linear=0
shrinkage=0.0576939


Tree=158
num_leaves=11
num_cat=0
split_feature=24 29 14 14 43 14 41 20 37 39
split_gain=17.6875 25.9536 19.1911 15.724 20.1937 18.1859 17.2516 17.3083 14.9956 13.734
threshold=0.32730050384998327 0.037916602566838271 -4.1660242080688468 -20.152231216430661 0.048151057213544853 -25.690655708312985 0.051482802256941802 0.37527456879615789 0.18662605434656146 2.5000000000000004
decision_type=2 2 2 2 2 2 2 2 2 2
left_child=1 2 -1 4 -2 -6 9 -8 -4 -5
right_child=3 -3 8 6 5 -7 7 -9 -10 -11
leaf_value=0.015724961591451616 -0.027187455796548424 0.014745254494002309 -0.055043200159951622 0.0021720157314461083 -0.035165515163901505 0.038312030661112807 -0.00020452387284600331 0.0074159257691047038 0 0.015873401789978855
leaf_weight=19.336196463555098 133.85151314735413 51.775365278124809 73.960068326443434 566.51896658353508 11.931664422154425 31.748955942690372 13666.186938198283 1064.9426002018154 21.83598879724741 432.00054524280131
leaf_count=87 487 162 363 2051 55 116 48653 3424 80 1503
internal_value=0.000450673 -0.0179824 -0.0329205 0.00065068 -0.0162054 0.0163071 0.000847098 0.000346655 -0.0432621 0.00816984
internal_weight=16074.1 166.908 115.132 15907.2 177.532 43.6806 15729.6 14731.1 95.7961 998.52
internal_count=56981 692 530 56289 658 171 55631 52077 443 3554
is_linear=0
shrinkage=0.0576939


Tree=159
num_leaves=11
num_cat=0
split_feature=22 19 26 2 43 44 12 5 24 4
split_gain=17.2487 13.82 34.0704 30.0526 27.759 18.8113 38.9346 23.1341 8.21009 4.61164
threshold=0.047973109409213073 0.82226794958114635 0.69086983799934398 -0.088005989789962755 -0.018935192376375195 -0.69850525259971608 83.475261688232436 0.044499240815639503 1.0561353564262392 0.0047128752339631328
decision_type=2 2 2 2 2 2 2 2 2 2
left_child=8 2 3 -2 -4 6 -3 -7 -1 -10
right_child=1 5 4 -5 -6 7 -8 -9 9 -11
leaf_value=-0.044450965613784095 -0.0051038266712532957 -0.0019440821670843869 -0.0038324749205288795 0.037216540600234355 0.011448795322782448 -0.00099348186258609028 -0.025011046873076918 0.0052046791051441428 0.031242454863643833 -0.01889533972668625
leaf_weight=38.274910867214203 78.103558886796236 1244.3730017114431 1087.2307505253702 175.50509937480092 615.40538624674082 10031.493580810726 299.67994632571936 2499.7074529826641 6.2622870355844489 9.5993015766143781
leaf_count=322 248 4157 3457 485 2028 36755 1325 8131 40 82
internal_value=1.75629e-05 0.000133326 0.00467265 0.0242175 0.00169082 -0.000496979 -0.0064967 0.000242227 -0.0312347 0.00210373
internal_weight=16085.6 16031.5 1956.24 253.609 1702.64 14075.3 1544.05 12531.2 54.1365 15.8616
internal_count=57030 56586 6218 733 5485 50368 5482 44886 444 122
is_linear=0
shrinkage=0.0576939


Tree=160
num_leaves=11
num_cat=0
split_feature=28 14 43 24 40 5 10 17 2 44
split_gain=17.4848 14.7594 16.2379 14.8778 21.4758 20.9664 13.4935 12.5445 8.5706 10.477
threshold=-0.11893580853939055 -18.619064331054684 0.048151057213544853 0.73717278242111217 0.20041758567094806 0.015037918929010631 35.14892768859864 -26.156208992004391 -0.24150704592466352 0.17887622863054278
decision_type=2 2 2 2 2 2 2 2 2 2
left_child=7 2 6 4 -3 -5 -2 8 -1 -10
right_child=1 3 -4 5 -6 -7 -8 -9 9 -11
leaf_value=-0.026418270911600317 -0.038454855578396396 0.0014079529031691778 0.015784309978859656 -0.0013421201670881539 -0.0065064232000858514 0.0037521517986442324 0.0028678426127763928 0.030969159901215224 0.022701833772234711 -0.0078019238905544155
leaf_weight=20.908604230731726 90.764064073562622 2004.7783707994968 33.60250623524189 6325.2627793177962 2627.1445052456111 4666.5173883028328 33.960963845252991 93.073179394006729 83.173566304147243 60.781365573406219
leaf_count=81 337 7262 129 21832 9669 16779 136 339 265 226
internal_value=-0.000269874 -0.000516903 -0.0178043 -0.000335045 -0.00307721 0.000818887 -0.0272874 0.0144985 0.00447852 0.00979703
internal_weight=16040 15782 158.328 15623.7 4631.92 10991.8 124.725 257.937 164.864 143.955
internal_count=57055 56144 602 55542 16931 38611 473 911 572 491
is_linear=0
shrinkage=0.0576939


Tree=161
num_leaves=11
num_cat=0
split_feature=31 4 9 1 26 44 7 26 9 8
split_gain=15.5351 38.5156 27.8347 20.0802 23.0412 20.0718 18.4974 17.034 14.5858 16.4114
threshold=-0.14107272773981092 -0.040115805342793458 -0.029706669971346852 -0.060732908546924584 1.0895534157752993 -0.22856838256120679 0.39224264025688177 1.1869351267814638 0.95356956124305736 -13.732550621032713
decision_type=2 2 2 2 2 2 2 2 2 2
left_child=8 2 7 4 -3 -4 -5 -2 -1 -10
right_child=1 3 5 6 -6 -7 -8 -9 9 -11
leaf_value=0.0073216737938959515 -0.011827699357044199 0.0024262486602058108 -0.049570013211688496 0.0020867501350973735 -0.021464150524729036 -0.015397156870333181 -0.0021350647111357331 0.033037119733900236 0.025582225470516931 -0.026807097890091943
leaf_weight=1234.7566080279648 75.990175992250443 229.83791352808475 101.48111140727997 6911.1465835049748 310.4437348023057 144.78457131236792 6897.306800050661 38.769937977194786 21.668469928205013 80.665257044136524
leaf_count=3751 225 710 319 24939 1061 418 25131 123 77 250
internal_value=-0.000380437 -0.000923743 -0.0194213 -0.000450658 -0.0113158 -0.0302103 -2.01508e-05 0.00377304 0.00556042 -0.0148676
internal_weight=16046.9 14709.8 361.026 14348.7 540.282 246.266 13808.5 114.76 1337.09 102.334
internal_count=57004 52926 1085 51841 1771 737 50070 348 4078 327
is_linear=0
shrinkage=0.0576939


Tree=162
num_leaves=11
num_cat=0
split_feature=14 43 43 12 26 43 40 43 31 12
split_gain=11.8269 21.3729 42.2105 48.4534 30.3465 28.4549 18.1427 15.4833 14.891 30.0904
threshold=-8.4384722709655744 0.16945581138134005 0.026739047840237621 22.316304206848148 0.82809755206108104 0.18736214935779574 0.23784139007329944 -0.16201481223106382 0.12146794423460962 88.754680633544936
decision_type=2 2 2 2 2 2 2 2 2 2
left_child=1 2 4 -4 -1 -3 -7 -2 9 -9
right_child=7 5 3 -5 -6 6 -8 8 -10 -11
leaf_value=0.016243208467841726 -0.020183400344741927 0.057197025565062135 -0.00039338668557404845 -0.036080977525195887 -0.005149843245183524 0.019066479739372883 -0.023816584218727104 0.00037514805332631174 0.0045494657434596167 -0.0096069713574441634
leaf_weight=266.4727805647999 120.09084760770202 36.279960811138153 228.25670079886913 284.55655643343925 1183.3622984904796 76.239801988005638 50.851282717660069 10471.53440034017 2244.2297011129558 1107.0762766767293
leaf_count=921 470 97 865 1097 4120 355 234 36702 7300 4977
internal_value=-0.000542284 -0.0045461 -0.00623321 -0.0203862 -0.0011624 0.0151954 0.0014847 6.75859e-05 0.000251825 -0.000580323
internal_weight=16069 2126.02 1962.65 512.813 1449.84 163.371 127.091 13942.9 13822.8 11578.6
internal_count=57138 7689 7003 1962 5041 686 589 49449 48979 41679
is_linear=0
shrinkage=0.0576939


Tree=163
num_leaves=11
num_cat=0
split_feature=19 37 5 15 6 43 36 36 34 43
split_gain=14.0603 22.254 14.1679 22.9947 28.861 18.4489 27.4178 18.4173 13.2372 9.80235
threshold=1.7496348023414614 0.13123616576194766 0.036663938313722617 -0.085364516824483858 30.04052829742432 -0.078973364084959016 0.040317948907613761 0.061751237139105804 1.0000000180025095e-35 -0.01640313025563955
decision_type=2 2 2 2 2 2 2 2 2 2
left_child=2 9 3 4 -1 6 -4 -7 -5 -2
right_child=1 -3 5 8 -6 7 -8 -9 -10 -11
leaf_value=0.011537622715861506 -0.0037730469922870849 0.0031620947614010579 -0.046074609574569929 0.0029507071679054273 -0.0048459737374252077 0.01232915012180771 0.01719095960453397 0.00020156884782659794 -0.002767704294553574 -0.059645806017836957
leaf_weight=385.39341201633215 16.118971228599548 68.010133095085621 19.571032457053661 5918.1102185565978 4294.6784516852349 493.09422522038221 468.27178651466966 2599.7035605143756 1736.006605245173 37.683624863624573
leaf_count=1264 60 240 46 20982 15792 1815 1528 8530 6534 139
internal_value=0.000476413 -0.0186957 0.000629962 -0.000295889 -0.0034816 0.00382298 0.0142082 0.00215843 0.00164946 -0.0449163
internal_weight=16036.6 121.813 15914.8 12334.2 4680.07 3580.64 487.843 3092.8 7654.12 53.8026
internal_count=56930 439 56491 44572 17056 11919 1574 10345 27516 199
is_linear=0
shrinkage=0.0576939


Tree=164
num_leaves=11
num_cat=0
split_feature=43 23 39 43 43 30 41 44 27 28
split_gain=15.4645 14.8165 13.2167 29.3411 26.3118 21.6262 27.1722 26.0451 11.3653 4.12506
threshold=1.2052492499351504 0.66742488741874706 1.0000000180025095e-35 -0.1527539789676666 -0.091898124665021882 -0.098288837820291505 0.026461115106940273 0.29822303354740148 0.015207285992801191 0.069268908351659789
decision_type=2 2 2 2 2 2 2 2 2 2
left_child=2 9 3 8 -5 7 -7 -4 -1 -2
right_child=1 -3 5 4 -6 6 -8 -9 -10 -11
leaf_value=-0.054485360751774424 -0.04087188265188009 0.020919862274342487 -0.0039838320344854393 0.01780563737831484 0.0019838578242120171 0.013753523942276007 -0.00065988169242187512 -0.025893300015281707 0.0066898270810393781 0.0019561711947143298
leaf_weight=35.536332305520773 59.122795011848211 15.42353981733322 892.59434701502323 400.64236707054079 2626.4045833013952 448.44446175917983 11239.901280485094 224.19438274204731 11.367694258689879 6.7318380624055854
leaf_count=186 454 67 2809 1239 9247 1643 40233 775 58 35
internal_value=-0.000152366 -0.0245941 -1.87896e-05 0.00337393 0.00410953 -0.000836165 -9.96453e-05 -0.00849039 -0.0398494 -0.0362731
internal_weight=15960.4 81.2782 15879.1 3073.95 3027.05 12805.1 11688.3 1116.79 46.904 65.8546
internal_count=56746 556 56190 10730 10486 45460 41876 3584 244 489
is_linear=0
shrinkage=0.0576939


Tree=165
num_leaves=11
num_cat=0
split_feature=8 39 41 44 39 31 33 3 20 14
split_gain=14.5146 23.2549 20.4988 24.2949 20.5749 18.4637 37.442 24.3296 21.2583 16.4404
threshold=-1.0944906473159788 2.5000000000000004 0.66364324092865001 0.033482788130640991 3.5000000000000004 0.016856866888701919 0.0024962266907095913 0.004770624917000533 0.055870464071631439 8.9557824134826678
decision_type=2 2 2 2 2 2 2 2 2 2
left_child=1 9 3 -3 -4 6 7 -2 -8 -1
right_child=5 2 4 -5 -6 -7 8 -9 -10 -11
leaf_value=-0.0064923215731210859 0.0015179389558636336 0.015890227269333576 0.0099160119009586711 -0.0057452720308265601 -0.020770576196773097 -0.00078316234934438047 -0.0043232579492951404 -0.014032474754782772 0.011413314031857216 -0.031843770498174974
leaf_weight=1425.5413894448429 3647.4485342074186 482.50045154988766 110.96462131664157 262.65476025268435 191.49502183869481 7078.8924689209089 326.99699155986309 364.26012389734387 2045.8728053867817 87.357990823686123
leaf_count=4643 11802 1514 365 880 619 26235 1864 1444 7290 294
internal_value=0.000483921 -0.00349133 0.00309067 0.00824018 -0.00944633 0.00124279 0.00349215 8.5533e-05 0.00922966 -0.00806207
internal_weight=16024 2560.51 1047.61 745.155 302.46 13463.5 6384.58 4011.71 2372.87 1512.9
internal_count=56950 8315 3378 2394 984 48635 22400 13246 9154 4937
is_linear=0
shrinkage=0.0576939


Tree=166
num_leaves=11
num_cat=0
split_feature=23 37 20 5 33 42 39 43 43 42
split_gain=10.9579 23.9661 17.2864 16.3305 12.8609 12.7758 28.8178 13.3459 110.434 43.6996
threshold=0.11197355762124063 0.02376454416662455 0.043525770306587226 0.0091100386343896406 0.0047828615643084058 0.14232447743415835 2.5000000000000004 0.033689953386783607 0.041094830259680755 -0.025186691433191296
decision_type=2 2 2 2 2 2 2 2 2 2
left_child=1 4 3 -3 -1 7 -7 9 -9 -2
right_child=5 2 -4 -5 -6 6 -8 8 -10 -11
leaf_value=0.02413617790235064 -0.024816084511344465 -0.004892058952512989 -0.020554548780491774 0.095921101520296592 -0.04008195163068818 -0.064622618003290291 0.023188433890098465 -0.030677339459858025 0.00062623419289246549 0.0017290392399945832
leaf_weight=8.386658597737549 205.65423876047134 7.3905580267310205 13.006994113326071 9.1095526553690416 77.006133496761322 25.740973457694054 17.552379190921783 413.31407716497779 3662.1724800541997 11597.440703304484
leaf_count=144 650 75 138 75 1133 157 85 1409 13088 40036
internal_value=4.75603e-05 -0.0173685 0.0244521 0.0580279 -0.0326043 0.000179682 -0.029623 0.000270823 -0.00257181 0.00125517
internal_weight=16036.8 114.9 29.5071 16.5001 85.3928 15921.9 43.2934 15878.6 4075.49 11803.1
internal_count=56990 1565 288 150 1277 55425 242 55183 14497 40686
is_linear=0
shrinkage=0.0576939


Tree=167
num_leaves=11
num_cat=0
split_feature=19 16 20 4 26 10 44 24 37 7
split_gain=17.8072 26.7781 21.7971 43.5173 20.6426 16.804 15.6528 20.8894 21.236 19.0652
threshold=0.87817099690437328 4.7436583042144784 0.039955018088221557 0.0047128752339631328 0.5264556109905244 28.996798515319828 -0.46933563053607935 1.7032375335693362 0.042918277904391296 -12.732128143310545
decision_type=2 2 2 2 2 2 2 2 2 2
left_child=1 2 3 -1 -4 -3 7 8 -2 -9
right_child=6 5 4 -5 -6 -7 -8 9 -10 -11
leaf_value=0.062503883071031732 -0.011750822926972772 -0.05032201529468646 0.028224755790166121 -0.025866557847149536 0.0031665398416081745 0 0.00040342725399887839 -0.040394203417495833 -0.001772663938425431 0.014706872449126026
leaf_weight=52.474616123363376 1156.5160807464272 43.537383252754807 109.72252993285656 24.027199912816286 2940.4901361521333 41.837953217327595 9569.5111851822585 18.188855171203613 1852.3688021972775 267.97660877928138
leaf_count=294 4845 192 283 224 9865 193 34487 75 5838 868
internal_value=0.000182646 0.00402354 0.00491634 0.0345282 0.00411611 -0.0270122 -0.000775385 -0.0042028 -0.00562827 0.0105525
internal_weight=16076.7 3212.09 3126.71 76.5018 3050.21 85.3753 12864.6 3295.05 3008.88 286.165
internal_count=57164 11051 10666 518 10148 385 46113 11626 10683 943
is_linear=0
shrinkage=0.0576939


Tree=168
num_leaves=11
num_cat=0
split_feature=18 37 25 29 10 15 30 26 0 11
split_gain=12.3515 26.2467 17.7798 17.9433 13.9844 25.5204 32.9834 28.7683 19.8948 46.1835
threshold=-0.35491716861724848 0.16349326819181445 1.0078008174896242 0.081664700061082854 42.488817214965827 0.2999186664819718 0.021034592762589458 0.92437618970870983 0.025191695429384712 93.263351440429702
decision_type=2 2 2 2 2 2 2 2 2 2
left_child=1 2 3 -1 8 7 -7 -6 9 -2
right_child=4 -3 -4 -5 5 6 -8 -9 -10 -11
leaf_value=-0.00059260108815171726 0.00079292732011618098 0.0067594277513038249 -0.012894673186500127 -0.016517254713437905 -0.015358996016684895 -0.0024794937515204376 -0.053991798101320321 0.012098556319329342 0.0059749480325085921 -0.022734766354100152
leaf_weight=1804.427195799537 9108.1618065219373 720.57530630752444 785.90717029385269 267.24471634998918 233.96727067045867 90.508203320205212 74.319358574226499 267.21545328572392 2382.5191574208438 282.00305695831776
leaf_count=6757 32233 2219 3000 890 1076 269 315 1025 7592 1601
internal_value=-4.9218e-05 -0.00303577 -0.00552156 -0.00269034 0.00080857 -0.00729112 -0.0266654 -0.000689817 0.00127159 7.31796e-05
internal_weight=16016.8 3578.15 2857.58 2071.67 12438.7 666.01 164.828 501.183 11772.7 9390.16
internal_count=56977 12866 10647 7647 44111 2685 584 2101 41426 33834
is_linear=0
shrinkage=0.0576939


Tree=169
num_leaves=11
num_cat=0
split_feature=15 33 42 10 20 3 8 20 32 12
split_gain=18.5902 28.8656 29.2654 15.4136 20.7872 26.0567 16.0678 14.9618 19.8222 17.2668
threshold=-0.74289086461067189 0.017592336982488636 -0.023906053043901917 17.848528861999515 0.1750496104359627 0.34367759525775915 0.58601221442222606 0.55485540628433239 0.068585053086280837 6.6552104949951181
decision_type=2 2 2 2 2 2 2 2 2 2
left_child=1 2 -1 4 5 -2 -6 8 -5 -9
right_child=3 -3 -4 7 6 -7 -8 9 -10 -11
leaf_value=0.01922947713876421 0.0021704636975872975 0.0038573378952572132 -0.011563547717428176 -0.00069469061616970226 0.0066090153119199458 -0.063969210214890895 0.024528416984389539 -0.015725796236362045 -0.045348483523944147 0.018078396524185553
leaf_weight=106.0957051590085 3287.0633233021945 845.73891483619809 1431.7439416870475 9122.1060357885435 559.01535249501467 15.502936728298662 240.14872404187918 57.595558557659388 28.808856680989265 261.43668846413493
leaf_count=383 11763 2805 4672 33495 1839 45 656 200 96 895
internal_value=2.3387e-05 -0.00466921 -0.00937304 0.000850729 0.00380363 0.00176686 0.0121319 -0.000426673 -0.000859989 0.0117629
internal_weight=15955.3 2383.58 1537.84 13571.7 4101.73 3302.57 799.164 9469.95 9150.91 319.032
internal_count=56849 7860 5055 48989 14303 11808 2495 34686 33591 1095
is_linear=0
shrinkage=0.0576939


Tree=170
num_leaves=11
num_cat=0
split_feature=24 37 2 6 43 42 33 43 23 43
split_gain=18.1691 19.1196 20.5192 32.6474 18.9772 50.6553 28.5953 22.4129 23.789 18.6624
threshold=0.74422234296798717 0.26381826400756841 -0.0784015618264675 44.310619354248054 -0.083175055682659135 0.06930843368172647 0.014607904944568874 -0.080255176872014986 0.34329037368297582 -0.10215493664145468
decision_type=2 2 2 2 2 2 2 2 2 2
left_child=1 -1 -3 -4 5 9 -7 8 -6 -2
right_child=4 2 3 -5 7 6 -8 -9 -10 -11
leaf_value=-0.0038816839807013833 0.015066919233947065 0.017552567781481173 -0.059697344177979436 0.014060341607097116 0.051787191997844366 -0.019263719892260625 0.0028079341822676352 0.0020383453227237496 -0.004444534786453418 -0.0095454024213400927
leaf_weight=4405.725952655077 419.73154238983989 269.67493570968509 28.798682261258364 45.956323813647032 57.301383290439844 662.57438308000565 272.12137647345662 9694.4289486370981 39.687997095286846 130.50276261754334
leaf_count=16270 1548 852 117 178 183 2740 979 33450 134 431
internal_value=0.000138356 -0.00285124 0.0101364 -0.0157714 0.00140067 -0.00466198 -0.012827 0.00232448 0.0293287 0.00915257
internal_weight=16026.5 4750.16 344.43 74.755 11276.3 1484.93 934.696 9791.42 96.9894 550.234
internal_count=56882 17417 1147 295 39465 5698 3719 33767 317 1979
is_linear=0
shrinkage=0.0576939


Tree=171
num_leaves=11
num_cat=0
split_feature=40 42 42 8 20 12 19 19 33 44
split_gain=14.3334 25.0877 17.245 18.6942 18.3375 16.5064 15.0605 13.7624 21.9622 25.4421
threshold=0.69119149446487438 0.089849296957254424 0.10431771725416185 -0.5961286425590514 0.26062820851802831 17.126617431640629 0.89677289128303539 0.87598353624343883 0.016752412542700771 -0.38061538338661188
decision_type=2 2 2 2 2 2 2 2 2 2
left_child=7 5 3 -3 -4 -2 -7 8 9 -1
right_child=1 2 4 -5 -6 6 -8 -9 -10 -11
leaf_value=0.0098406208625159905 -0.011190393264627743 -0.060858376491639651 0.014749724549005938 -0.0086838574944108696 -0.036028281305539651 0.00043402632225945014 0.025723628781134052 -0.0012774430426418662 0.018087862891175147 -0.0022973404785679268
leaf_weight=826.51289212144911 62.940607886761427 26.033207515254617 143.59972167573869 106.98738137818873 23.669355545192957 106.1603724360466 321.89763873070478 12235.840545101091 289.0939996317029 1855.5907770013437
leaf_count=2809 230 101 684 411 99 359 984 43859 967 6378
internal_value=-2.40546e-05 0.00752259 -0.0055012 -0.0207166 0.00666811 0.0155187 0.019581 -0.000420538 0.00309616 0.00144336
internal_weight=15998.3 791.288 300.29 133.021 167.269 490.999 428.058 15207 2971.2 2682.1
internal_count=56881 2868 1295 512 783 1573 1343 54013 10154 9187
is_linear=0
shrinkage=0.0576939


Tree=172
num_leaves=11
num_cat=0
split_feature=40 31 43 30 16 21 43 36 3 15
split_gain=17.0038 14.2026 14.7124 14.6458 38.9503 16.6761 13.6507 15.3774 12.8831 11.286
threshold=0.62114185094833385 -0.31093519926071161 -0.06758148223161696 -0.10157910361886023 5.3772113323211679 0.32331800460815435 -0.10027654841542243 0.0092859333381056803 0.076963625848293318 2.5006493330001835
decision_type=2 2 2 2 2 2 2 2 2 2
left_child=1 2 -1 4 -3 -5 -2 8 -8 -9
right_child=6 3 -4 5 -6 -7 7 9 -10 -11
leaf_value=-0.014781053456411158 -0.011356712680954329 -0.011193341070182453 0.02265909203300475 0.0032268488057424394 0.021222089813779973 -0.0015162321246043322 -0.02663797246335969 0.0086093677328541087 0.025704435957320009 0.037815947486037477
leaf_weight=40.540123574435711 128.54507591575384 992.59033009409904 154.65327240154147 3258.8392014820129 136.20242704451084 10098.461532186717 65.797642089426517 1065.2349794041365 15.848767489194868 42.71636325865984
leaf_count=106 523 3206 521 11303 380 36648 260 3769 52 104
internal_value=-0.000114917 -0.00068077 0.0145963 -0.000892828 -0.00719127 -0.000356393 0.00614883 0.00809749 -0.0153735 0.00990497
internal_weight=15999.4 14681.3 195.193 14486.1 1128.79 13357.3 1318.14 1189.6 81.6464 1107.95
internal_count=56872 52164 627 51537 3586 47951 4708 4185 312 3873
is_linear=0
shrinkage=0.0576939


Tree=173
num_leaves=11
num_cat=0
split_feature=34 0 3 30 37 5 15 11 22 30
split_gain=13.9295 28.4746 19.1924 18.0948 22.7235 16.763 27.1951 31.3833 20.5217 18.0732
threshold=1.0000000180025095e-35 0.025617175735533241 0.0077895682770758876 0.065408375114202513 0.056742461398243911 0.044499240815639503 -0.10464214533567427 28.019540786743168 1.2343111634254458 -0.16641668975353238
decision_type=2 2 2 2 2 2 2 2 2 2
left_child=5 2 -2 4 -3 6 7 -1 -8 -7
right_child=1 3 -4 -5 -6 9 8 -9 -10 -11
leaf_value=0.0014360137134252807 0.00019122027372346152 0.01449178866659955 -0.019235680490576945 -0.0039947017907179571 -0.011296973425551353 -0.031970117322462167 0.0029584690881812948 -0.0079044317976632722 -0.018638003195114595 0.0060355355837291578
leaf_weight=2354.697111710906 246.05868719145656 466.53122000768781 519.26022657752037 1126.7615402527153 145.1691686809063 37.874278672039509 6264.5372607065365 2421.058801703155 145.30409799516201 2312.5905046910048
leaf_count=8070 846 1525 2757 3697 435 155 22350 9352 485 7466
internal_value=0.000195825 -0.0037514 -0.0129904 0.000323495 0.00829182 0.000928872 -2.00542e-07 -0.00329655 0.00245229 0.00535306
internal_weight=16039.8 2503.78 765.319 1738.46 611.7 13536.1 11185.6 4775.76 6409.84 2350.46
internal_count=57138 9260 3603 5657 1960 47878 40257 17422 22835 7621
is_linear=0
shrinkage=0.0576939


Tree=174
num_leaves=11
num_cat=0
split_feature=7 0 43 41 31 22 10 22 6 43
split_gain=13.8104 19.8722 33.8546 29.4635 28.0746 18.0756 25.0669 17.2341 18.4716 19.6672
threshold=0.92167246341705333 0.025617175735533241 -0.093474153429269777 0.9659266769886018 0.016856866888701919 0.23354274779558185 18.643094062805179 0.072137784212827696 38.092496871948249 -0.096847239881753908
decision_type=2 2 2 2 2 2 2 2 2 2
left_child=7 2 3 -2 -4 -3 -7 -1 -9 -10
right_child=1 5 4 -5 -6 6 -8 8 9 -11
leaf_value=-0.016954653904374697 -0.027529645310530489 0.011659998758623074 0.00070613344067982993 0.022930310827241271 -0.0091542307135662766 0.0098058576102007505 -0.0050655101628340965 -0.0037218800238939119 0.011149645716101634 0.0018038044799944318
leaf_weight=164.68898203596473 310.80808548443019 516.101880826056 2611.0446697529405 39.913732346147299 1512.1610249932855 536.42645560950041 1241.6154353730381 1729.1722428631037 846.59492257796228 6433.0133123006672
leaf_count=1104 1536 1803 8907 168 6242 1613 3977 5882 3280 22322
internal_value=-0.000175808 -0.00215347 -0.00439261 -0.021499 -0.00290968 0.00220182 -0.000550967 0.00128076 0.00162519 0.00290041
internal_weight=15941.5 6768.07 4473.93 350.722 4123.21 2294.14 1778.04 9173.47 9008.78 7279.61
internal_count=56834 24246 16853 1704 15149 7393 5590 32588 31484 25602
is_linear=0
shrinkage=0.0576939


Tree=175
num_leaves=11
num_cat=0
split_feature=30 30 43 1 10 22 36 5 10 10
split_gain=13.9241 17.786 23.9199 14.9905 14.8846 28.0642 16.694 14.4979 13.7062 20.4861
threshold=0.15495726466178897 0.11421624943614007 -0.096847239881753908 0.022313633933663372 51.337760925292976 0.42568603157997137 0.052181718870997436 0.03373719938099385 17.521273612976078 27.274662971496586
decision_type=2 2 2 2 2 2 2 2 2 2
left_child=1 4 -3 -2 6 -6 -1 -4 -5 -10
right_child=3 2 7 8 5 -7 -8 -9 9 -11
leaf_value=-0.0022455517688186035 0.042428223862531006 0.011985467450637102 -0.025551406488783224 0.025597632393125687 -0.026180573188751537 0.021790810698992656 0.0017687668092220752 -0.0062992303886814389 -0.0084651659252084378 0.011165554893020502
leaf_weight=5805.9751912681386 34.056441158056259 131.23147168755531 240.0482227653265 93.672861509025097 166.99937891960144 48.910211190581322 8474.7929985951632 297.10225503519177 311.45239374414086 396.50489996373653
leaf_count=22346 98 466 832 264 735 184 28813 935 996 1298
internal_value=-0.000118509 -0.000520499 -0.00969093 0.00710942 -9.30506e-05 -0.0149751 0.000134683 -0.0150898 0.00535167 0.00249363
internal_weight=16000.7 15165.1 668.382 835.687 14496.7 215.91 14280.8 537.15 801.63 707.957
internal_count=56967 54311 2233 2656 52078 919 51159 1767 2558 2294
is_linear=0
shrinkage=0.0576939


Tree=176
num_leaves=11
num_cat=0
split_feature=16 43 42 14 22 10 32 19 14 43
split_gain=13.3548 19.5872 17.4374 14.5844 13.7088 12.4916 20.0863 21.6322 14.3077 25.1611
threshold=-5.7475061416625968 0.033689953386783607 0.087676934897899642 2.5795049667358403 0.256263017654419 14.870346546173097 -0.021896942518651482 0.97115871310234081 -20.152231216430661 0.048151057213544853
decision_type=2 2 2 2 2 2 2 2 2 2
left_child=1 2 4 -3 -1 6 -2 -8 9 -7
right_child=5 3 -4 -5 -6 8 7 -9 -10 -11
leaf_value=0.058175533514533473 -0.029706021994297116 0.0054295918156290583 0.00090823990440595315 -0.050458465990972159 0.015875404007568358 -0.03083499921149661 0.0094587515464796094 -0.0017958305597803529 -0.00049652672914998861 0.019886155166535198
leaf_weight=49.94527031108737 53.425128221511841 40.914472648873925 78.025598170235753 19.323760651051998 61.160798735916615 118.8528319299221 1331.2520893216133 981.67978253215551 13233.624405107461 40.126377213746309
leaf_count=168 233 147 323 67 191 441 4588 3277 47360 161
internal_value=0.000186292 0.0133156 0.0223791 -0.0143195 0.0366177 -2.34822e-05 0.00383501 0.00467633 -0.000708244 -0.0176806
internal_weight=16008.3 249.37 189.132 60.2382 111.106 15759 2366.36 2312.93 13392.6 158.979
internal_count=56956 896 682 214 359 56060 8098 7865 47962 602
is_linear=0
shrinkage=0.0576939


Tree=177
num_leaves=11
num_cat=0
split_feature=19 43 43 39 42 2 42 7 31 42
split_gain=11.9899 16.7438 35.7144 34.8679 33.1305 28.4416 26.8287 19.0602 16.1655 23.6389
threshold=1.1715531349182131 0.059871416538953788 0.036250835284590728 1.0000000180025095e-35 0.04277662746608258 0.012747385539114477 0.0085577843710780161 3.4977787733078007 0.30856896936893469 -0.045735698193311684
decision_type=2 2 2 2 2 2 2 2 2 2
left_child=8 2 7 -4 6 -6 -3 -2 9 -1
right_child=1 4 3 -5 5 -7 -8 -9 -10 -11
leaf_value=0.027323733731876996 -0.00087304269138605201 0.0023507805207897969 0.026277513458815932 -0.040247835977776765 0.027769995056751571 0.0010638688169563278 -0.023144053150138056 -0.01500557790031024 0.018136856112179411 0.00048216542394670896
leaf_weight=105.81743216514587 1695.5384578164667 391.86146737448871 27.628100108355284 157.06407725811005 239.90098420903087 296.12670811265707 205.31727153807878 388.03986709564924 175.75079038739204 12341.353938577697
leaf_count=396 5295 1242 112 485 748 985 565 1296 597 45318
internal_value=0.000152015 -0.00288394 -0.0057451 -0.0297755 0.00282008 0.0131944 -0.00647682 -0.00354384 0.00097291 0.000722092
internal_weight=16024.4 3401.48 2268.27 184.692 1133.21 536.028 597.179 2083.58 12622.9 12447.2
internal_count=57039 10728 7188 597 3540 1733 1807 6591 46311 45714
is_linear=0
shrinkage=0.0576939


Tree=178
num_leaves=11
num_cat=0
split_feature=41 15 39 40 41 42 42 8 42 39
split_gain=12.8951 25.9895 29.3794 25.4869 21.8008 21.1458 29.187 30.9742 25.7599 24.0131
threshold=0.66790705919265758 -0.45334875583648676 1.0000000180025095e-35 0.41486440598964697 0.9808756709098817 0.1100582852959633 0.11606149375438692 -2.3657990694046016 0.10928632318973543 3.5000000000000004
decision_type=2 2 2 2 2 2 2 2 2 2
left_child=5 3 -3 4 -2 8 7 -7 9 -1
right_child=1 2 -4 -5 -6 6 -8 -9 -10 -11
leaf_value=0.00073304854167921746 -0.021235220948727439 0.0088444297260441857 -0.0022683592778539657 0.0011436575148045223 0.01400325838269232 0.03005370052197065 0.00089822285582872175 -0.021518431864416557 0.027667186742867875 0.0083100631605231012
leaf_weight=6860.5261843204498 547.552778493613 986.85237848572433 3931.8080361243337 395.70014610886574 61.374886089935899 38.427826389670372 919.77690148632973 417.54728209227324 130.93801456689835 1745.8758111968637
leaf_count=22641 1846 3526 14363 1394 202 100 5198 1658 283 5829
internal_value=0.000371648 -0.00176314 -2.74763e-05 -0.0101976 -0.0175653 0.00162482 -0.00500637 -0.016868 0.00267395 0.00227663
internal_weight=16036.4 5923.29 4918.66 1004.63 608.928 10113.1 1375.75 455.975 8737.34 8606.4
internal_count=57040 21331 17889 3442 2048 35709 6956 1758 28753 28470
is_linear=0
shrinkage=0.0576939


Tree=179
num_leaves=11
num_cat=0
split_feature=12 44 21 29 21 8 3 43 43 8
split_gain=12.3931 22.0444 20.033 24.3683 19.9932 17.8524 14.851 14.0445 76.8462 33.837
threshold=88.983772277832045 -0.35190905630588526 0.97637611627578746 0.019376807846128944 1.0655428171157839 0.89682728052139293 -0.07028039917349814 -0.063832651823759065 -0.056818531826138489 6.4391620159149179
decision_type=2 2 2 2 2 2 2 2 2 2
left_child=7 5 3 -3 -4 -2 -7 9 -9 -1
right_child=1 2 4 -5 -6 6 -8 8 -10 -11
leaf_value=-0.0027964234681452753 -0.024709703747703645 -0.014745833234231528 -0.019635650289553018 0.0095351000852527679 0.0036439647326087753 0.028794665911745568 -0.0089949438052877168 0.018857749010239597 -0.00032274115978624482 -0.057963994148951495
leaf_weight=2917.2170403581113 273.01534049585462 167.00141397304833 286.10702799726278 685.94440977647901 207.78232871368527 34.053537122905254 329.99092900753021 740.89732662588358 10323.668086284772 33.136145405471325
leaf_count=10019 1337 857 1132 2448 762 95 1362 2388 36548 117
internal_value=-0.00058177 -0.00484437 -0.000629321 0.00469887 -0.00984375 -0.0136489 -0.00508542 2.10938e-05 0.000966265 -0.0035108
internal_weight=15998.8 1983.89 1346.84 852.946 493.889 637.06 364.044 14014.9 11064.6 2950.35
internal_count=57065 7993 5199 3305 1894 2794 1457 49072 38936 10136
is_linear=0
shrinkage=0.0576939


Tree=180
num_leaves=11
num_cat=0
split_feature=36 5 42 22 15 31 42 30 21 5
split_gain=12.6958 31.8938 30.7773 27.3731 26.9184 23.3581 20.2599 18.7366 24.5978 17.373
threshold=0.057705607265234 0.015037918929010631 0.13557607680559161 0.075096141546964659 -0.40957622230052942 0.026683630421757702 -0.0095814047381281835 0.048971371725201614 0.83541417121887218 0.023161305114626888
decision_type=2 2 2 2 2 2 2 2 2 2
left_child=1 2 6 -3 -5 7 -1 8 -2 -9
right_child=5 3 -4 4 -6 -7 -8 9 -10 -11
leaf_value=0.0060745315543338351 0.0066971784865703099 -0.036238998118874349 0.034554759947596207 -0.003402793226968872 0.011978584606787223 -0.00049957405881749398 -0.0060931165634597675 0.0014247220736983961 0.031507708730193359 -0.022928415689373177
leaf_weight=505.17630695179105 2163.4012977704406 47.317985292524099 62.649917133152485 591.84414816275239 1028.684570280835 6403.0095022842288 4197.5625998806208 739.10347348079085 138.63201250880957 107.62001746147871
leaf_count=1555 6550 541 337 2222 4437 22357 15765 2414 434 367
internal_value=0.000162376 -0.00181627 -0.00422183 0.00503423 0.00635094 0.00149799 -0.00477599 0.00556335 0.00826027 -0.00174291
internal_weight=15985 6433.24 4765.39 1667.85 1620.53 9551.77 4702.74 3148.76 2302.03 846.723
internal_count=56979 24857 17657 7200 6659 32122 17320 9765 6984 2781
is_linear=0
shrinkage=0.0576939


Tree=181
num_leaves=11
num_cat=0
split_feature=26 29 20 19 42 21 20 5 26 20
split_gain=14.7198 21.8549 28.9681 25.9854 30.8625 21.9676 20.388 19.1411 27.0062 20.1425
threshold=1.0866504311561587 0.048563031479716308 0.10352232679724695 0.88870134949684154 -0.038799120113253587 0.93370619416236889 0.064468871802091612 0.046816231682896621 1.6051492094993594 0.10732078924775125
decision_type=2 2 2 2 2 2 2 2 2 2
left_child=1 3 -3 6 -5 -4 -1 9 -9 -2
right_child=7 2 5 4 -6 -7 -8 8 -10 -11
leaf_value=0.016330829643251853 0.0061478865245012384 0.02684736700301112 0.007206989403953647 0.018842405009653125 -0.0046869951339432378 -0.0074818439215902218 0.00087168630439990263 0.013992551609548582 -0.020095183379057559 -0.0017139361084389396
leaf_weight=329.67739027924836 1724.0648288540542 176.08830701187253 1023.8029419779778 186.4348293915391 6358.1097450070083 500.0574950799346 1927.4560743290931 770.49150609970093 81.453138448297977 2901.4816765859723
leaf_count=1613 7001 561 3145 500 23896 1565 6438 2348 325 9564
internal_value=0.000263608 -0.000999185 0.00497678 -0.00215828 -0.00400043 0.00236195 0.00316879 0.00268831 0.0106158 0.00121378
internal_weight=15979.1 10501.6 1699.95 8801.68 6544.54 1523.86 2257.13 5477.49 851.945 4625.55
internal_count=56956 37718 5271 32447 24396 4710 8051 19238 2673 16565
is_linear=0
shrinkage=0.0576939


Tree=182
num_leaves=9
num_cat=0
split_feature=6 6 10 20 23 14 43 45
split_gain=11.5062 19.138 20.3944 16.6737 21.6734 15.3724 12.0509 7.856
threshold=17.712141990661625 27.392336845397953 22.383558273315433 1.0780137777328493 1.1456044316291811 -1.9141621589660642 0.055069984868168838 -0.044343885034322732
decision_type=2 2 2 2 2 2 2 2
left_child=6 2 -2 4 -3 -4 7 -1
right_child=1 3 5 -5 -6 -7 -8 -9
leaf_value=-0.0043207206252239743 -0.037055387335904591 -0.00018828056860537584 0.026792635374611497 -0.05303791790238066 0.014978493830446029 0.00024955368976454302 0.014467780724234458 -0.053448498511902212
leaf_weight=18.813337616622448 20.113544255495071 15284.207332300954 205.8929982110858 15.237673632800577 315.72978940978646 114.13353008031845 17.555868469178677 30.065623555332422
leaf_count=57 93 54606 658 66 1020 380 64 98
internal_value=0.000246527 0.000351072 0.0138007 5.25953e-05 0.000121162 0.0175398 -0.022945 -0.0369603
internal_weight=16021.7 15955.3 340.14 15615.2 15599.9 320.027 66.4348 48.879
internal_count=57042 56823 1131 55692 55626 1038 219 155
is_linear=0
shrinkage=0.0576939


Tree=183
num_leaves=10
num_cat=0
split_feature=22 24 29 14 40 8 23 40 9
split_gain=13.6252 12.8001 17.6836 24.4566 11.8809 12.703 12.097 8.81575 3.06903
threshold=0.040169756859540946 0.32730050384998327 0.028104727156460289 -4.2661440372467032 0.69119149446487438 -1.3273403048515318 1.1456044316291811 0.35591749846935278 0.067283090204000487
decision_type=2 2 2 2 2 2 2 2 2
left_child=8 2 3 -2 6 -6 -3 -4 -1
right_child=1 4 7 -5 5 -7 -8 -9 -10
leaf_value=-0.052447072511158106 0.021931006729606923 -0.00051227372183275377 0.023701006353160275 -0.043353886862114763 -0.010881293107451949 0.010040386420852514 0.0098031698590504927 -0.017759203728254552 -0.004006199275412306
leaf_weight=15.777377654798331 20.800320494920015 14586.180103713647 39.706781312823296 84.110311638563871 107.89085264317691 668.73854875192046 383.93357778713107 23.197575148195028 8.1292367745190841
leaf_count=157 89 51915 116 408 345 2454 1256 81 62
internal_value=-0.000125223 -5.23934e-05 -0.015696 -0.0298063 0.000117021 0.00705513 -0.000243146 0.00785953 -0.0401
internal_weight=15938.5 15914.6 167.815 104.911 15746.7 776.629 14970.1 62.9044 23.9066
internal_count=56883 56664 694 497 55970 2799 53171 197 219
is_linear=0
shrinkage=0.0576939


Tree=184
num_leaves=11
num_cat=0
split_feature=40 42 42 3 43 42 43 42 29 37
split_gain=14.4884 14.2805 33.5914 27.3367 17.0078 13.2136 23.6264 23.5161 43.1115 26.3301
threshold=0.53643056750297557 0.13013862073421481 0.12926633656024936 0.11575400084257127 -0.043454615399241441 0.089849296957254424 -0.10690664872527121 0.04004438407719136 0.03939268738031388 0.026536989957094196
decision_type=2 2 2 2 2 2 2 2 2 2
left_child=1 2 -1 4 -3 7 -7 8 -2 -9
right_child=5 3 -4 -5 -6 6 -8 9 -10 -11
leaf_value=-0.00076243629731777762 -0.013430165676467159 0.044185628445172875 -0.041240069943917393 -0.0061481542431111105 0.0070929569968346201 -0.032191852092236913 0.00170373727450482 -0.0026407722420612608 0.025178651476000416 0.019597390726006955
leaf_weight=13436.092252154835 336.29259677231312 86.982562109827995 64.199145026504993 154.3982690256089 82.021071152761579 70.722063699737191 756.78233291208744 241.08577093668282 129.61747495085001 635.17583145946264
leaf_count=47163 1107 460 152 988 506 299 3152 959 339 1941
internal_value=6.78704e-06 -0.00067992 -0.000970318 0.0112121 0.0269754 0.00438656 -0.00131744 0.00791556 -0.00249745 0.0134667
internal_weight=15993.4 13823.7 13500.3 323.402 169.004 2169.68 827.504 1342.17 465.91 876.262
internal_count=57066 49269 47315 1954 966 7797 3451 4346 1446 2900
is_linear=0
shrinkage=0.0576939


Tree=185
num_leaves=11
num_cat=0
split_feature=42 43 42 23 42 42 43 26 22 42
split_gain=12.543 37.284 32.9644 22.9946 22.8392 31.0223 30.276 16.7986 35.7687 20.7353
threshold=0.10961809381842615 -0.10027654841542243 0.10928632318973543 0.24209653586149218 0.11738254502415658 0.11682442575693132 -0.061225574463605874 1.2951997518539431 0.32102331519126898 0.10311501100659372
decision_type=2 2 2 2 2 2 2 2 2 2
left_child=2 -2 7 -4 5 -3 -6 9 -9 -1
right_child=1 4 3 -5 6 -7 -8 8 -10 -11
leaf_value=-0.0012205389275525846 -0.03612237243596219 -0.0061920750553982606 -0.012623233310647635 0.042464071897846116 -0.028360109158685618 -0.046757733995732007 0.005610599290260811 0.017064891031633864 0.00037571365823812656 0.0068593493299966748
leaf_weight=10533.622081085108 110.09698948636651 699.19390321522951 30.281393334269524 98.299802333116531 90.462064420804381 65.166247874498367 1076.141748804599 598.16653602384031 1483.1559962593019 1170.2769456394017
leaf_count=35234 560 2891 82 169 566 171 6434 2199 4631 3918
internal_value=9.60676e-05 -0.00412055 0.000717616 0.0293052 -0.00220393 -0.00993393 0.00285677 0.000439744 0.00521075 -0.0004081
internal_weight=15954.9 2041.06 13913.8 128.581 1930.96 764.36 1166.6 13785.2 2081.32 11703.9
internal_count=56855 10622 46233 251 10062 3062 7000 45982 6830 39152
is_linear=0
shrinkage=0.0576939


Tree=186
num_leaves=11
num_cat=0
split_feature=19 42 8 6 42 4 42 20 42 43
split_gain=14.4069 24.3241 37.8161 28.5273 42.6668 36.8464 23.9675 19.102 20.0707 23.7395
threshold=0.91850706934928905 0.10311501100659372 1.4365683197975161 58.539316177368171 0.025977461598813537 -0.017310203984379765 0.10718885064125062 0.044515598565340049 0.1100582852959633 -0.065172303467988954
decision_type=2 2 2 2 2 2 2 2 2 2
left_child=1 3 6 5 -5 -1 -3 -2 -9 -10
right_child=7 2 -4 4 -6 -7 -8 8 9 -11
leaf_value=-0.0051657874414285845 -0.017924092928964644 0.035120513648555389 -0.022921623281650785 0.016865484211620548 -0.013177843097700072 0.0090689230832385805 0.010171070121551063 0.00031219127627912991 -0.031309519125736533 -0.0046381863681524294
leaf_weight=924.6053575091064 212.89633211307228 177.33968717418611 84.390141537413001 190.71377943456173 803.66251823119819 1726.7767939288169 473.58194840699434 9788.2133960854262 116.97563839331269 1419.3082407731563
leaf_count=2928 1654 493 383 523 3231 5633 2441 31793 569 7118
internal_value=9.15545e-05 0.00290799 0.01245 0.000963511 -0.0073403 0.0040947 0.0171997 -0.000976356 -0.000648551 -0.00677013
internal_weight=15918.5 4381.07 735.312 3645.76 994.376 2651.38 650.922 11537.4 11324.5 1536.28
internal_count=56766 15632 3317 12315 3754 8561 2934 41134 39480 7687
is_linear=0
shrinkage=0.0576939


Tree=187
num_leaves=10
num_cat=0
split_feature=42 39 42 42 33 41 18 4 42
split_gain=11.6263 23.822 11.7999 32.5436 29.0725 13.7069 10.1048 9.17383 8.38934
threshold=0.14232447743415835 2.5000000000000004 0.13013862073421481 0.12926633656024936 0.010042849462479355 0.037188006564974792 0.28018140792846685 -0.0045769333373755208 0.13087003678083423
decision_type=2 2 2 2 2 2 2 2 2
left_child=2 -2 3 5 7 -1 -5 -4 -6
right_child=1 -3 4 6 8 -7 -8 -9 -10
leaf_value=0.0077561476920763508 -0.061966039004505806 0.021744850559527143 0.0093924905428699069 -0.058314288213250846 0.030650369035929673 -0.00023866729688039063 -0.0099017837020430963 0.039702106525185056 -0.010283472166316993
leaf_weight=745.3007455188781 23.765454061329365 15.331488065421579 59.174425456672907 36.300577372312546 14.185483250766991 14843.58695198223 27.763417705893517 94.540772628039122 146.88878024928272
leaf_count=2647 155 75 328 91 93 52049 64 550 955
internal_value=0.000110861 -0.0296637 0.000193606 -2.86536e-05 0.0111749 0.000143973 -0.0397124 0.0287894 -0.00579675
internal_weight=16006.8 39.0969 15967.7 15653 314.789 15588.9 64.064 153.715 161.074
internal_count=57007 230 56777 54851 1926 54696 155 878 1048
is_linear=0
shrinkage=0.0576939


Tree=188
num_leaves=11
num_cat=0
split_feature=7 40 26 7 5 7 26 32 29 41
split_gain=13.5366 15.2197 18.6869 14.4366 13.1832 14.8622 12.628 17.5633 12.5973 12.3676
threshold=8.3357648849487322 0.094840139150619521 0.9388926923274995 0.39224264025688177 0.075850285589694991 -11.683771610260008 1.0235552787780764 0.012079305481165649 -0.015067546162754296 0.13941125571727755
decision_type=2 2 2 2 2 2 2 2 2 2
left_child=3 6 -3 4 5 -1 7 -2 -8 -5
right_child=1 2 -4 9 -6 -7 8 -9 -10 -11
leaf_value=-0.014458763045898238 -0.0230955201223195 0.047725706387832328 0.009870245136601034 0.0097239000413707009 0.0096368056872815251 0.00092563276160054025 -0.021434694834205591 0.036252471585694293 0.015617531385398202 -0.0028909102601664721
leaf_weight=210.45173851028085 103.65007017552853 55.41164069250226 181.43671448156238 263.67922662943602 559.81656406447291 7518.9950069468468 32.592806328088045 15.239286221563814 167.54802345111966 6881.7690908508375
leaf_count=790 373 145 583 843 1737 26908 100 37 543 24975
internal_value=-0.000193898 0.00861263 0.0195484 -0.00051514 0.00112068 0.000495331 0.000256386 -0.0142474 0.00912216 -0.002416
internal_weight=15990.6 555.879 236.848 15434.7 8289.26 7729.45 319.03 118.889 200.141 7145.45
internal_count=57034 1781 728 55253 29435 27698 1053 410 643 25818
is_linear=0
shrinkage=0.0576939


Tree=189
num_leaves=11
num_cat=0
split_feature=39 43 42 42 7 39 43 43 42 42
split_gain=13.3109 25.0183 25.6758 46.4132 43.8876 15.9166 52.9411 61.5097 45.0408 41.644
threshold=1.0000000180025095e-35 -0.1527539789676666 -0.011787421535700558 -0.0053090152796357861 2.6238417625427251 2.5000000000000004 0.03685706481337548 0.13964407891035083 1.0000000180025095e-35 0.07963921502232553
decision_type=2 2 2 2 2 2 2 2 2 2
left_child=1 -1 4 -4 -3 6 8 -8 -2 -7
right_child=5 2 3 -5 -6 9 7 -9 -10 -11
leaf_value=-0.036491474028252986 0.018442636689273522 0.0056944931441401114 0.046263981025172318 0.0047313137990805396 -0.039505922918821761 0.0062442845898184173 -0.021390682759263063 0.0032783403924940037 -0.0013354453145924296 -0.0031254250049351259
leaf_weight=46.107989899814129 412.27767276763916 182.84759188815951 88.572529584169388 2645.6507327575237 111.2192721888423 3170.4606511890888 902.79598923586309 530.39562960900366 4766.3193844165653 3133.2865896243602
leaf_count=243 1074 546 171 9476 342 10161 2843 2107 17483 12539
internal_value=0.00032349 0.00373341 0.00440688 0.00615889 -0.0116452 -0.000487175 -0.00246553 -0.0122609 0.000248467 0.00158397
internal_weight=15989.9 3074.4 3028.29 2734.22 294.067 12915.5 6611.79 1433.19 5178.6 6303.75
internal_count=56985 10778 10535 9647 888 46207 23507 4950 18557 22700
is_linear=0
shrinkage=0.0576939


Tree=190
num_leaves=11
num_cat=0
split_feature=39 42 44 43 43 12 39 43 43 42
split_gain=12.1881 24.6163 47.7477 26.4868 23.8386 17.9237 14.5133 39.9503 60.0446 36.709
threshold=1.0000000180025095e-35 -0.011787421535700558 -0.59783154726028431 0.061850661411881454 -0.1527539789676666 97.009605407714858 2.5000000000000004 0.03685706481337548 0.15147104114294055 -0.025186691433191296
decision_type=2 2 2 2 2 2 2 2 2 2
left_child=1 2 -1 -4 -3 -6 7 -2 -9 -8
right_child=6 4 3 -5 5 -7 9 8 -10 -11
leaf_value=-0.064339378020354623 3.8490030173462842e-05 -0.033532034552821187 -0.028613431421593744 0.010562926274233241 0.0055110247276599425 0.047398459565533554 -0.021563466432977501 -0.01783775671849264 0.0092810986932820305 0.0024010973623250558
leaf_weight=44.239160731434822 5149.9704131949693 47.043175417929888 79.743978559970856 175.94997645914555 2696.6494088796899 30.291365593671799 215.92902576178312 1053.5960783455521 361.15424840152264 6066.944804918021
leaf_count=147 18460 249 259 503 9556 88 741 3284 1653 21896
internal_value=0.000358923 0.00362045 -0.0119404 -0.00183322 0.00532872 0.00606197 -0.000420366 -0.00231825 -0.0108891 0.00155871
internal_weight=15921.5 3073.92 299.933 255.694 2773.98 2726.94 12847.6 6564.72 1414.75 6282.87
internal_count=56836 10802 909 762 9893 9644 46034 23397 4937 22637
is_linear=0
shrinkage=0.0576939


Tree=191
num_leaves=11
num_cat=0
split_feature=33 16 20 22 2 33 23 20 44 4
split_gain=11.358 22.6159 25.9977 26.6215 22.639 22.0369 28.8561 34.049 21.5161 31.973
threshold=0.0015724946279078724 -3.1203120946884151 0.061210725456476218 0.20091274380683902 -0.12164411321282385 0.0037931096740067009 0.21886709332466128 0.15997265279293063 0.6722598969936372 -0.0021328526781871911
decision_type=2 2 2 2 2 2 2 2 2 2
left_child=1 2 3 -1 -4 6 -2 -8 -7 -10
right_child=5 -3 4 -5 -6 8 7 -9 9 -11
leaf_value=-0.00046110823259085251 -0.0053912516620057659 -0.0029837144222787976 -0.018039251582600498 0.086179250136478328 0.0085647916083602862 -0.00029832656177883012 0.027332597742030087 -0.00099420934679766179 -0.01726810516066947 0.017512732178758886
leaf_weight=19.834136232733727 271.05612229369581 5857.9669806659222 120.70834658294916 22.571573548018932 700.10509782657027 7746.7355126654729 385.18036533147097 218.35270209610462 103.22668926045299 476.05242795497179
leaf_count=131 1354 19041 340 60 2078 29793 1227 743 397 1762
internal_value=0.000105552 -0.00169493 0.00699137 0.0488815 0.00454486 0.00142387 0.0101134 0.0171084 0.000503057 0.011186
internal_weight=15921.8 6721.19 863.219 42.4057 820.813 9200.6 874.589 603.533 8326.01 579.279
internal_count=56926 21650 2609 191 2418 35276 3324 1970 31952 2159
is_linear=0
shrinkage=0.0576939


Tree=192
num_leaves=11
num_cat=0
split_feature=22 23 24 7 31 2 17 24 26 8
split_gain=10.5887 14.0284 12.3996 10.7688 21.4322 28.6983 19.7326 17.3377 16.6368 14.8195
threshold=0.069175891578197493 0.14559256285429004 1.1050781607627871 0.39224264025688177 0.04163643345236779 0.062348056584596641 -9.796571731567381 1.1309822201728823 0.69984072446823131 -1.0003396868705747
decision_type=2 2 2 2 2 2 2 2 2 2
left_child=1 -1 -3 6 9 -6 8 -8 -2 -5
right_child=3 2 -4 4 5 -7 7 -9 -10 -11
leaf_value=-0.034088627503546819 0.0092731497505614182 -0.011074474195984849 0.026678132294616602 -0.0051646372178958252 -0.012661797446891604 -0.0010261796127352923 0.0022071882280368135 0.010681224083022791 -0.002628745795937032 0.0029655238695620936
leaf_weight=64.589634315110743 435.13528469577432 126.11892439983785 32.661276191473007 944.570551360026 1070.598850928247 2072.0750780124217 3180.5546241290867 1078.2640090417117 3494.1489062011242 3469.9454505741596
leaf_count=823 1533 611 126 3076 4121 7146 11073 3699 12311 12447
internal_value=1.70066e-05 -0.012331 -0.00263511 0.000197262 -0.00137097 -0.00501059 0.00164782 0.00436769 -0.00129509 0.00121655
internal_weight=15968.7 223.37 158.78 15745.3 7557.19 3142.67 8188.1 4258.82 3929.28 4414.52
internal_count=56966 1560 737 55406 26790 11267 28616 14772 13844 15523
is_linear=0
shrinkage=0.0576939


Tree=193
num_leaves=11
num_cat=0
split_feature=41 25 24 44 41 40 27 43 43 43
split_gain=10.9567 20.1822 21.8625 17.5844 17.3436 15.0455 18.7364 16.3012 14.0857 30.9341
threshold=0.97784373164176952 0.57528251409530651 0.47768661379814154 -0.72802764177322377 0.74194112420082103 0.41486440598964697 0.013502806890755894 0.065882582217454924 0.15147104114294055 0.081745933741331114
decision_type=2 2 2 2 2 2 2 2 2 2
left_child=4 -2 -3 -4 8 7 -7 -6 9 -1
right_child=1 2 3 -5 5 6 -8 -9 -10 -11
leaf_value=0.00094621985818518024 0.036514785896562645 -0.044274500126193078 -0.023545863232122235 0.0096910711009841072 -0.0084142270983482825 -0.0025349326713078341 0.013628085885533074 0.0026048064681487731 0.0084219240404812129 -0.010061617767601875
leaf_weight=9613.6138352788985 64.83912399969995 25.843919051811099 54.882324248552322 480.36908800899982 2266.1015896033496 1037.2965444810688 304.92033854871988 549.98417299054563 696.15779022593051 927.66567567922175
leaf_count=33761 235 108 201 1764 8260 3986 955 1938 3071 2935
internal_value=-0.000369373 0.00708246 0.00337578 0.00606934 -0.000675989 -0.00385787 0.00115017 -0.00625219 0.000500157 -2.38329e-05
internal_weight=16021.7 625.934 561.095 535.251 15395.7 4158.3 1342.22 2816.09 11237.4 10541.3
internal_count=57214 2308 2073 1965 54906 15139 4941 10198 39767 36696
is_linear=0
shrinkage=0.0576939


Tree=194
num_leaves=11
num_cat=0
split_feature=5 26 10 26 33 42 43 43 42 43
split_gain=15.6684 27.1151 21.7463 36.3544 30.4232 18.2207 34.5837 37.8113 32.6374 62.0043
threshold=0.044499240815639503 1.8074462413787844 23.782282829284672 1.2046706676483157 0.038190400227904327 -0.017214489169418808 -0.075189184397459016 0.22509806603193286 -0.012888830155134199 -0.099188063293695436
decision_type=2 2 2 2 2 2 2 2 2 2
left_child=5 2 4 -4 -2 6 -1 -8 9 -7
right_child=1 -3 3 -5 -6 8 7 -9 -10 -11
leaf_value=-0.039190514702426106 0.022709128697088021 -0.041389205122849972 -0.0016923006888690008 0.016907421143887116 -0.0045433694090638715 0.019090448100359328 0.013780403148099347 -0.018398933985845831 -0.0010108834535891662 -0.056492347876526391
leaf_weight=47.462342619895935 428.03506782650948 38.67995510995388 1770.8197065666318 430.80709295719862 195.11597538739443 54.760784491896629 831.08603365346789 137.66040140390396 11914.531280098483 90.598700776696205
leaf_count=151 1170 170 6055 1365 524 158 2442 499 44123 315
internal_value=0.000122841 0.00398623 0.00468061 0.00196196 0.0141624 -0.000722237 0.00667571 0.00911783 -0.00135001 -0.0281204
internal_weight=15939.6 2863.46 2824.78 2201.63 623.151 13076.1 1016.21 968.746 12059.9 145.359
internal_count=56972 9284 9114 7420 1694 47688 3092 2941 44596 473
is_linear=0
shrinkage=0.0576939


Tree=195
num_leaves=11
num_cat=0
split_feature=24 41 22 42 42 42 43 43 32 18
split_gain=15.9325 14.378 11.7781 23.0141 12.2732 11.5696 91.0068 50.8485 7.51564 5.77883
threshold=0.24761479347944262 0.97784373164176952 0.16904954612255099 0.089619472622871413 0.063455291092395796 0.043580435216426856 0.055069984868168838 0.049529016017913825 0.019370433874428276 -0.57565903663635243
decision_type=2 2 2 2 2 2 2 2 2 2
left_child=8 5 3 -3 -4 7 -7 -2 9 -1
right_child=1 2 4 -5 -6 6 -8 -9 -10 -11
leaf_value=-0.055539372114799299 0.0025533413755788785 -0.035489113440579284 0.022649062187494028 0.018892429601840705 0.0045377881271750657 -0.0016117271384723348 0.012872295431831359 -0.01090546998152715 0.0071927070242612402 -0.0082585451409626504
leaf_weight=26.500731192529198 2198.254587225616 49.7903718855232 209.19558992981911 45.05744637735188 316.98728250898421 9818.9656426440924 1688.1875243978575 1616.3113788329065 11.63246365636587 16.376885842531923
leaf_count=110 6574 256 514 287 1212 36091 6599 5214 50 74
internal_value=-0.00015682 -4.44723e-05 0.00852791 -0.00970037 0.0119166 -0.000396008 0.000515043 -0.0031486 -0.0300995 -0.0404976
internal_weight=15997.3 15942.7 621.031 94.8478 526.183 15321.7 11507.2 3814.57 54.5101 42.8776
internal_count=56981 56747 2269 543 1726 54478 42690 11788 234 184
is_linear=0
shrinkage=0.0576939


Tree=196
num_leaves=11
num_cat=0
split_feature=43 43 29 42 42 43 12 42 42 30
split_gain=13.7127 90.6968 71.5984 39.9824 63.7723 52.5743 39.7882 125.029 99.0379 34.6184
threshold=0.042174456641078002 0.036250835284590728 -0.0016291766078211365 0.03251930512487889 -0.025186691433191296 -0.10375417396426199 87.788829803466811 0.035477923229336746 -0.020812232047319409 -0.0078240945003926737
decision_type=2 2 2 2 2 2 2 2 2 2
left_child=1 3 -3 4 -1 -5 7 8 -2 -9
right_child=6 2 -4 5 -6 -7 -8 9 -10 -11
leaf_value=-0.021888297651138307 0.012600054932644648 -0.067811782529121123 -0.0044513930263320213 -0.01471475536020427 0.011820063676763498 0.00023707368943619392 -0.018313555745009601 0.021591502578959542 -0.018432635331390428 0.0057270486535059674
leaf_weight=205.41681337356567 531.68002535030246 112.248987916857 124.15401028096676 849.48788752779365 1688.3251475580037 9362.27049113065 248.42150736227632 1127.1061284989119 941.357640363276 784.96720866858959
leaf_count=646 1666 517 451 4331 4727 33197 1045 3959 3160 3216
internal_value=0.000636899 -0.000278603 -0.0353385 0.000416564 0.00810734 -0.00101 0.00375032 0.00539905 -0.00720971 0.0151206
internal_weight=15975.4 12341.9 236.403 12105.5 1893.74 10211.8 3633.53 3385.11 1473.04 1912.07
internal_count=56915 43869 968 42901 5373 37528 13046 12001 4826 7175
is_linear=0
shrinkage=0.0576939


Tree=197
num_leaves=10
num_cat=0
split_feature=24 43 43 43 24 25 30 28 44
split_gain=12.2873 24.0012 11.5806 16.2014 10.5816 8.47066 8.44418 7.02165 6.16198
threshold=0.24761479347944262 0.07863152772188188 1.0171704888343813 0.67419141530990612 0.73360359668731701 0.42971055209636694 0.17000204324722293 -0.059306336566805833 -0.37486363947391504
decision_type=2 2 2 2 2 2 2 2 2
left_child=1 5 3 4 -2 -1 7 -4 -5
right_child=2 -3 6 8 -6 -7 -8 -9 -10
leaf_value=0.030004095339710931 -0.0023161442782138322 -0.069441177691158387 0.014841609955169678 -0.0016372120676963709 0.0010076380747007995 -0.022813077767298438 0.022675407205383108 -0.029251595350243843 0.027196566087762827
leaf_weight=16.95841778442264 4455.6904579633847 20.400658145546913 10.248337067663668 29.736608106642962 11171.958266273141 14.543827116489409 10.718487016856669 87.112344982102513 97.137729298323393
leaf_count=66 16213 99 38 135 38973 62 46 648 505
internal_value=0 -0.0268978 9.58768e-05 0.000229171 5.79094e-05 0.00508306 -0.0183457 -0.023909 0.0204114
internal_weight=15914.5 51.9029 15862.6 15754.5 15627.6 31.5022 108.079 97.3607 126.874
internal_count=56785 227 56558 55826 55186 128 732 686 640
is_linear=0
shrinkage=0.0576939


Tree=198
num_leaves=11
num_cat=0
split_feature=0 11 42 22 22 12 1 45 42 43
split_gain=12.0746 31.3122 31.3225 28.6303 23.7228 20.0048 28.4307 21.8193 18.8569 44.6327
threshold=0.025191695429384712 90.972030639648452 0.031857682392001159 0.23354274779558185 0.11529187485575677 88.983772277832045 0.12267138063907625 0.029646252281963829 0.043580435216426856 0.055069984868168838
decision_type=2 2 2 2 2 2 2 2 2 2
left_child=1 8 4 -2 -3 7 -7 -5 -1 -10
right_child=3 2 -4 5 -6 6 -8 -9 9 -11
leaf_value=-0.004629886810458634 0.012948062564109818 -0.039220405905844198 -0.02115440425762747 0.015825249020873695 0.029327805995422555 -0.013877494270312112 0.0077230344559871935 0.00014628573069867592 -0.0010462226385873573 0.010063385055271563
leaf_weight=2924.5446010194719 707.56552239507437 16.972323313355446 443.73647294845432 373.60051015764475 74.815997809171677 625.74847364425659 293.95549264922738 1368.6764748729765 7682.3673111647367 1422.3584338640794
leaf_count=9260 2464 72 2751 1151 212 2155 923 4273 28177 5566
internal_value=-0.000390664 -0.00121461 -0.0148085 0.00267156 0.015159 -6.70951e-05 -0.00694123 0.00355496 -0.000602028 0.000690509
internal_weight=15934.3 12564.8 535.525 3369.55 91.7883 2661.98 919.704 1742.28 12029.3 9104.73
internal_count=57004 46038 3035 10966 284 8502 3078 5424 43003 33743
is_linear=0
shrinkage=0.0576939


Tree=199
num_leaves=11
num_cat=0
split_feature=25 22 9 41 43 26 43 14 20 43
split_gain=14.8082 14.189 14.5813 13.3399 12.4201 23.6218 21.4518 12.2404 11.7382 11.5751
threshold=0.99114382266998302 0.054550921544432647 1.7782769799232485 0.040718225762248046 -0.051728140562772744 0.63659560680389415 -0.03032972943037748 -22.154115676879879 0.33105598390102392 -0.01640313025563955
decision_type=2 2 2 2 2 2 2 2 2 2
left_child=1 -1 7 9 5 -5 -6 -3 -4 -2
right_child=3 2 8 4 6 -7 -8 -9 -10 -11
leaf_value=-0.031208776703515125 -0.0010977641954651007 -0.023272527409541322 0.039057752839004922 0.016610019707174337 -0.011577191908230894 -0.0010171139745746697 -0.0020983149174138584 0.0018798962630328336 -0.00084568884295068184 0.016965530335501432
leaf_weight=38.677662621252239 237.243836523965 60.390958338975906 58.533777169883251 281.7242874559015 989.01711060479283 2171.5245424564928 4046.8221874274313 7790.9562580622733 37.840190224349499 224.83071182109416
leaf_count=320 879 222 164 929 3932 7766 14008 27753 125 768
internal_value=1.76321e-05 0.0017735 0.00195458 -0.00174272 -0.00233382 0.00102273 -0.00397366 0.00167009 0.0237806 0.00771259
internal_weight=15937.6 7986.4 7947.72 7951.16 7489.09 2453.25 5035.84 7851.35 96.374 462.075
internal_count=56866 28584 28264 28282 26635 8695 17940 27975 289 1647
is_linear=0
shrinkage=0.0576939


end of trees

feature_importances:
spy_sma200_dist=332
vixy_relative=238
rvol_20=128
atr_ratio=110
ema200_slope=73
bb_width=67
ema_slow_trend_ratio=66
rvol_5=66
adx=61
dist_ema_200=52
spy_corr_5d=52
vol_ratio=46
dist_to_resistance=44
vol_trend=42
macd_hist=40
ret_20d=32
close_position=30
rsi_delta=29
rsi_slope_3d=28
ret_3d=28
rsi=27
ret_1d=27
dist_to_support=26
ret_5d=25
dist_ema_trend=24
ema50_slope=24
stoch_d=23
macd_hist_slope_3d=23
adx_slope_3d=23
spy_rel_strength_5d=23
ret_10d=20
day_of_week=20
bb_pctb=19
ema_fast_slow_ratio=18
vol_ratio_slope_3d=18
stoch_k_slope_3d=15
lower_wick_ratio=15
dist_ema_fast=14
dist_ema_slow=12
macd_hist_delta=12
vol_delta=9
stoch_k=8
stoch_k_minus_d=3
higher_high_5=2

parameters:
[boosting: gbdt]
[objective: binary]
[metric: binary_logloss,auc]
[tree_learner: serial]
[device_type: cpu]
[data_sample_strategy: bagging]
[data: ]
[valid: ]
[num_iterations: 200]
[learning_rate: 0.0576939]
[num_leaves: 11]
[num_threads: 0]
[seed: 42]
[deterministic: 0]
[force_col_wise: 0]
[force_row_wise: 0]
[histogram_pool_size: -1]
[max_depth: 4]
[min_data_in_leaf: 47]
[min_sum_hessian_in_leaf: 0.001]
[bagging_fraction: 0.813242]
[pos_bagging_fraction: 1]
[neg_bagging_fraction: 1]
[bagging_freq: 1]
[bagging_seed: 400]
[bagging_by_query: 0]
[feature_fraction: 0.702828]
[feature_fraction_bynode: 0.910933]
[feature_fraction_seed: 30056]
[extra_trees: 0]
[extra_seed: 12879]
[early_stopping_round: 0]
[early_stopping_min_delta: 0]
[first_metric_only: 0]
[max_delta_step: 0]
[lambda_l1: 0.454711]
[lambda_l2: 4.42582]
[linear_lambda: 0]
[min_gain_to_split: 0.0176132]
[drop_rate: 0.1]
[max_drop: 50]
[skip_drop: 0.5]
[xgboost_dart_mode: 0]
[uniform_drop: 0]
[drop_seed: 17869]
[top_rate: 0.2]
[other_rate: 0.1]
[min_data_per_group: 100]
[max_cat_threshold: 32]
[cat_l2: 10]
[cat_smooth: 10]
[max_cat_to_onehot: 4]
[top_k: 20]
[monotone_constraints: ]
[monotone_constraints_method: basic]
[monotone_penalty: 0]
[feature_contri: ]
[forcedsplits_filename: ]
[refit_decay_rate: 0.9]
[cegb_tradeoff: 1]
[cegb_penalty_split: 0]
[cegb_penalty_feature_lazy: ]
[cegb_penalty_feature_coupled: ]
[path_smooth: 0]
[interaction_constraints: ]
[verbosity: -1]
[saved_feature_importance_type: 0]
[use_quantized_grad: 0]
[num_grad_quant_bins: 4]
[quant_train_renew_leaf: 0]
[stochastic_rounding: 1]
[linear_tree: 0]
[max_bin: 255]
[max_bin_by_feature: ]
[min_data_in_bin: 3]
[bin_construct_sample_cnt: 200000]
[data_random_seed: 175]
[is_enable_sparse: 1]
[enable_bundle: 1]
[use_missing: 1]
[zero_as_missing: 0]
[feature_pre_filter: 0]
[pre_partition: 0]
[two_round: 0]
[header: 0]
[label_column: ]
[weight_column: ]
[group_column: ]
[ignore_column: ]
[categorical_feature: ]
[forcedbins_filename: ]
[precise_float_parser: 0]
[parser_config_file: ]
[objective_seed: 16083]
[num_class: 1]
[is_unbalance: 0]
[scale_pos_weight: 1.78503]
[sigmoid: 1]
[boost_from_average: 1]
[reg_sqrt: 0]
[alpha: 0.9]
[fair_c: 1]
[poisson_max_delta_step: 0.7]
[tweedie_variance_power: 1.5]
[lambdarank_truncation_level: 30]
[lambdarank_norm: 1]
[label_gain: ]
[lambdarank_position_bias_regularization: 0]
[eval_at: ]
[multi_error_top_k: 1]
[auc_mu_weights: ]
[num_machines: 1]
[local_listen_port: 12400]
[time_out: 120]
[machine_list_filename: ]
[machines: ]
[gpu_platform_id: -1]
[gpu_device_id: -1]
[gpu_use_dp: 0]
[num_gpu: 1]

end of parameters

pandas_categorical:null
